video_id,source,arm,protocol,repeat_index,frame_position,baseline_allocated_bytes,peak_allocated_bytes,incremental_peak_bytes
AVAD/V39_Guitar4,AVAD,dense,batch16,0,,105879552,165257216,59377664
AVAD/V39_Guitar4,AVAD,dense,batch16,1,,105879552,165257216,59377664
AVAD/V39_Guitar4,AVAD,dense,batch16,2,,105879552,165257216,59377664
AVAD/V39_Guitar4,AVAD,dense,batch16,3,,105879552,165257216,59377664
AVAD/V39_Guitar4,AVAD,dense,batch16,4,,105879552,165257216,59377664
AVAD/V39_Guitar4,AVAD,dense,batch16,5,,105879552,165257216,59377664
AVAD/V39_Guitar4,AVAD,dense,batch16,6,,105879552,165257216,59377664
AVAD/V39_Guitar4,AVAD,dense,batch16,7,,105879552,165257216,59377664
AVAD/V39_Guitar4,AVAD,dense,batch16,8,,105879552,165257216,59377664
AVAD/V39_Guitar4,AVAD,dense,batch16,9,,105879552,165257216,59377664
AVAD/V39_Guitar4,AVAD,central_k16,batch16,0,,105879552,115637760,9758208
AVAD/V39_Guitar4,AVAD,central_k16,batch16,1,,105879552,115637760,9758208
AVAD/V39_Guitar4,AVAD,central_k16,batch16,2,,105879552,115637760,9758208
AVAD/V39_Guitar4,AVAD,central_k16,batch16,3,,105879552,115637760,9758208
AVAD/V39_Guitar4,AVAD,central_k16,batch16,4,,105879552,115637760,9758208
AVAD/V39_Guitar4,AVAD,central_k16,batch16,5,,105879552,115637760,9758208
AVAD/V39_Guitar4,AVAD,central_k16,batch16,6,,105879552,115637760,9758208
AVAD/V39_Guitar4,AVAD,central_k16,batch16,7,,105879552,115637760,9758208
AVAD/V39_Guitar4,AVAD,central_k16,batch16,8,,105879552,115637760,9758208
AVAD/V39_Guitar4,AVAD,central_k16,batch16,9,,105879552,115637760,9758208
AVAD/V39_Guitar4,AVAD,random_k16_seed2026090900,batch16,0,,105879552,115637760,9758208
AVAD/V39_Guitar4,AVAD,random_k16_seed2026090900,batch16,1,,105879552,115637760,9758208
AVAD/V39_Guitar4,AVAD,random_k16_seed2026090900,batch16,2,,105879552,115637760,9758208
AVAD/V39_Guitar4,AVAD,random_k16_seed2026090900,batch16,3,,105879552,115637760,9758208
AVAD/V39_Guitar4,AVAD,random_k16_seed2026090900,batch16,4,,105879552,115637760,9758208
AVAD/V39_Guitar4,AVAD,random_k16_seed2026090900,batch16,5,,105879552,115637760,9758208
AVAD/V39_Guitar4,AVAD,random_k16_seed2026090900,batch16,6,,105879552,115637760,9758208
AVAD/V39_Guitar4,AVAD,random_k16_seed2026090900,batch16,7,,105879552,115637760,9758208
AVAD/V39_Guitar4,AVAD,random_k16_seed2026090900,batch16,8,,105879552,115637760,9758208
AVAD/V39_Guitar4,AVAD,random_k16_seed2026090900,batch16,9,,105879552,115637760,9758208
AVAD/V39_Guitar4,AVAD,random_k16_seed2026090901,batch16,0,,105879552,115637760,9758208
AVAD/V39_Guitar4,AVAD,random_k16_seed2026090901,batch16,1,,105879552,115637760,9758208
AVAD/V39_Guitar4,AVAD,random_k16_seed2026090901,batch16,2,,105879552,115637760,9758208
AVAD/V39_Guitar4,AVAD,random_k16_seed2026090901,batch16,3,,105879552,115637760,9758208
AVAD/V39_Guitar4,AVAD,random_k16_seed2026090901,batch16,4,,105879552,115637760,9758208
AVAD/V39_Guitar4,AVAD,random_k16_seed2026090901,batch16,5,,105879552,115637760,9758208
AVAD/V39_Guitar4,AVAD,random_k16_seed2026090901,batch16,6,,105879552,115637760,9758208
AVAD/V39_Guitar4,AVAD,random_k16_seed2026090901,batch16,7,,105879552,115637760,9758208
AVAD/V39_Guitar4,AVAD,random_k16_seed2026090901,batch16,8,,105879552,115637760,9758208
AVAD/V39_Guitar4,AVAD,random_k16_seed2026090901,batch16,9,,105879552,115637760,9758208
AVAD/V39_Guitar4,AVAD,random_k16_seed2026090902,batch16,0,,105879552,115637760,9758208
AVAD/V39_Guitar4,AVAD,random_k16_seed2026090902,batch16,1,,105879552,115637760,9758208
AVAD/V39_Guitar4,AVAD,random_k16_seed2026090902,batch16,2,,105879552,115637760,9758208
AVAD/V39_Guitar4,AVAD,random_k16_seed2026090902,batch16,3,,105879552,115637760,9758208
AVAD/V39_Guitar4,AVAD,random_k16_seed2026090902,batch16,4,,105879552,115637760,9758208
AVAD/V39_Guitar4,AVAD,random_k16_seed2026090902,batch16,5,,105879552,115637760,9758208
AVAD/V39_Guitar4,AVAD,random_k16_seed2026090902,batch16,6,,105879552,115637760,9758208
AVAD/V39_Guitar4,AVAD,random_k16_seed2026090902,batch16,7,,105879552,115637760,9758208
AVAD/V39_Guitar4,AVAD,random_k16_seed2026090902,batch16,8,,105879552,115637760,9758208
AVAD/V39_Guitar4,AVAD,random_k16_seed2026090902,batch16,9,,105879552,115637760,9758208
AVAD/V39_Guitar4,AVAD,random_k16_seed2026090903,batch16,0,,105879552,115637760,9758208
AVAD/V39_Guitar4,AVAD,random_k16_seed2026090903,batch16,1,,105879552,115637760,9758208
AVAD/V39_Guitar4,AVAD,random_k16_seed2026090903,batch16,2,,105879552,115637760,9758208
AVAD/V39_Guitar4,AVAD,random_k16_seed2026090903,batch16,3,,105879552,115637760,9758208
AVAD/V39_Guitar4,AVAD,random_k16_seed2026090903,batch16,4,,105879552,115637760,9758208
AVAD/V39_Guitar4,AVAD,random_k16_seed2026090903,batch16,5,,105879552,115637760,9758208
AVAD/V39_Guitar4,AVAD,random_k16_seed2026090903,batch16,6,,105879552,115637760,9758208
AVAD/V39_Guitar4,AVAD,random_k16_seed2026090903,batch16,7,,105879552,115637760,9758208
AVAD/V39_Guitar4,AVAD,random_k16_seed2026090903,batch16,8,,105879552,115637760,9758208
AVAD/V39_Guitar4,AVAD,random_k16_seed2026090903,batch16,9,,105879552,115637760,9758208
AVAD/V39_Guitar4,AVAD,random_k16_seed2026090904,batch16,0,,105879552,115637760,9758208
AVAD/V39_Guitar4,AVAD,random_k16_seed2026090904,batch16,1,,105879552,115637760,9758208
AVAD/V39_Guitar4,AVAD,random_k16_seed2026090904,batch16,2,,105879552,115637760,9758208
AVAD/V39_Guitar4,AVAD,random_k16_seed2026090904,batch16,3,,105879552,115637760,9758208
AVAD/V39_Guitar4,AVAD,random_k16_seed2026090904,batch16,4,,105879552,115637760,9758208
AVAD/V39_Guitar4,AVAD,random_k16_seed2026090904,batch16,5,,105879552,115637760,9758208
AVAD/V39_Guitar4,AVAD,random_k16_seed2026090904,batch16,6,,105879552,115637760,9758208
AVAD/V39_Guitar4,AVAD,random_k16_seed2026090904,batch16,7,,105879552,115637760,9758208
AVAD/V39_Guitar4,AVAD,random_k16_seed2026090904,batch16,8,,105879552,115637760,9758208
AVAD/V39_Guitar4,AVAD,random_k16_seed2026090904,batch16,9,,105879552,115637760,9758208
AVAD/V39_Guitar4,AVAD,random_k16_seed2026090905,batch16,0,,105879552,115637760,9758208
AVAD/V39_Guitar4,AVAD,random_k16_seed2026090905,batch16,1,,105879552,115637760,9758208
AVAD/V39_Guitar4,AVAD,random_k16_seed2026090905,batch16,2,,105879552,115637760,9758208
AVAD/V39_Guitar4,AVAD,random_k16_seed2026090905,batch16,3,,105879552,115637760,9758208
AVAD/V39_Guitar4,AVAD,random_k16_seed2026090905,batch16,4,,105879552,115637760,9758208
AVAD/V39_Guitar4,AVAD,random_k16_seed2026090905,batch16,5,,105879552,115637760,9758208
AVAD/V39_Guitar4,AVAD,random_k16_seed2026090905,batch16,6,,105879552,115637760,9758208
AVAD/V39_Guitar4,AVAD,random_k16_seed2026090905,batch16,7,,105879552,115637760,9758208
AVAD/V39_Guitar4,AVAD,random_k16_seed2026090905,batch16,8,,105879552,115637760,9758208
AVAD/V39_Guitar4,AVAD,random_k16_seed2026090905,batch16,9,,105879552,115637760,9758208
AVAD/V39_Guitar4,AVAD,random_k16_seed2026090906,batch16,0,,105879552,115637760,9758208
AVAD/V39_Guitar4,AVAD,random_k16_seed2026090906,batch16,1,,105879552,115637760,9758208
AVAD/V39_Guitar4,AVAD,random_k16_seed2026090906,batch16,2,,105879552,115637760,9758208
AVAD/V39_Guitar4,AVAD,random_k16_seed2026090906,batch16,3,,105879552,115637760,9758208
AVAD/V39_Guitar4,AVAD,random_k16_seed2026090906,batch16,4,,105879552,115637760,9758208
AVAD/V39_Guitar4,AVAD,random_k16_seed2026090906,batch16,5,,105879552,115637760,9758208
AVAD/V39_Guitar4,AVAD,random_k16_seed2026090906,batch16,6,,105879552,115637760,9758208
AVAD/V39_Guitar4,AVAD,random_k16_seed2026090906,batch16,7,,105879552,115637760,9758208
AVAD/V39_Guitar4,AVAD,random_k16_seed2026090906,batch16,8,,105879552,115637760,9758208
AVAD/V39_Guitar4,AVAD,random_k16_seed2026090906,batch16,9,,105879552,115637760,9758208
AVAD/V39_Guitar4,AVAD,random_k16_seed2026090907,batch16,0,,105879552,115637760,9758208
AVAD/V39_Guitar4,AVAD,random_k16_seed2026090907,batch16,1,,105879552,115637760,9758208
AVAD/V39_Guitar4,AVAD,random_k16_seed2026090907,batch16,2,,105879552,115637760,9758208
AVAD/V39_Guitar4,AVAD,random_k16_seed2026090907,batch16,3,,105879552,115637760,9758208
AVAD/V39_Guitar4,AVAD,random_k16_seed2026090907,batch16,4,,105879552,115637760,9758208
AVAD/V39_Guitar4,AVAD,random_k16_seed2026090907,batch16,5,,105879552,115637760,9758208
AVAD/V39_Guitar4,AVAD,random_k16_seed2026090907,batch16,6,,105879552,115637760,9758208
AVAD/V39_Guitar4,AVAD,random_k16_seed2026090907,batch16,7,,105879552,115637760,9758208
AVAD/V39_Guitar4,AVAD,random_k16_seed2026090907,batch16,8,,105879552,115637760,9758208
AVAD/V39_Guitar4,AVAD,random_k16_seed2026090907,batch16,9,,105879552,115637760,9758208
AVAD/V39_Guitar4,AVAD,random_k16_seed2026090908,batch16,0,,105879552,115637760,9758208
AVAD/V39_Guitar4,AVAD,random_k16_seed2026090908,batch16,1,,105879552,115637760,9758208
AVAD/V39_Guitar4,AVAD,random_k16_seed2026090908,batch16,2,,105879552,115637760,9758208
AVAD/V39_Guitar4,AVAD,random_k16_seed2026090908,batch16,3,,105879552,115637760,9758208
AVAD/V39_Guitar4,AVAD,random_k16_seed2026090908,batch16,4,,105879552,115637760,9758208
AVAD/V39_Guitar4,AVAD,random_k16_seed2026090908,batch16,5,,105879552,115637760,9758208
AVAD/V39_Guitar4,AVAD,random_k16_seed2026090908,batch16,6,,105879552,115637760,9758208
AVAD/V39_Guitar4,AVAD,random_k16_seed2026090908,batch16,7,,105879552,115637760,9758208
AVAD/V39_Guitar4,AVAD,random_k16_seed2026090908,batch16,8,,105879552,115637760,9758208
AVAD/V39_Guitar4,AVAD,random_k16_seed2026090908,batch16,9,,105879552,115637760,9758208
AVAD/V39_Guitar4,AVAD,random_k16_seed2026090909,batch16,0,,105879552,115637760,9758208
AVAD/V39_Guitar4,AVAD,random_k16_seed2026090909,batch16,1,,105879552,115637760,9758208
AVAD/V39_Guitar4,AVAD,random_k16_seed2026090909,batch16,2,,105879552,115637760,9758208
AVAD/V39_Guitar4,AVAD,random_k16_seed2026090909,batch16,3,,105879552,115637760,9758208
AVAD/V39_Guitar4,AVAD,random_k16_seed2026090909,batch16,4,,105879552,115637760,9758208
AVAD/V39_Guitar4,AVAD,random_k16_seed2026090909,batch16,5,,105879552,115637760,9758208
AVAD/V39_Guitar4,AVAD,random_k16_seed2026090909,batch16,6,,105879552,115637760,9758208
AVAD/V39_Guitar4,AVAD,random_k16_seed2026090909,batch16,7,,105879552,115637760,9758208
AVAD/V39_Guitar4,AVAD,random_k16_seed2026090909,batch16,8,,105879552,115637760,9758208
AVAD/V39_Guitar4,AVAD,random_k16_seed2026090909,batch16,9,,105879552,115637760,9758208
AVAD/V39_Guitar4,AVAD,random_k16_seed2026090910,batch16,0,,105879552,115637760,9758208
AVAD/V39_Guitar4,AVAD,random_k16_seed2026090910,batch16,1,,105879552,115637760,9758208
AVAD/V39_Guitar4,AVAD,random_k16_seed2026090910,batch16,2,,105879552,115637760,9758208
AVAD/V39_Guitar4,AVAD,random_k16_seed2026090910,batch16,3,,105879552,115637760,9758208
AVAD/V39_Guitar4,AVAD,random_k16_seed2026090910,batch16,4,,105879552,115637760,9758208
AVAD/V39_Guitar4,AVAD,random_k16_seed2026090910,batch16,5,,105879552,115637760,9758208
AVAD/V39_Guitar4,AVAD,random_k16_seed2026090910,batch16,6,,105879552,115637760,9758208
AVAD/V39_Guitar4,AVAD,random_k16_seed2026090910,batch16,7,,105879552,115637760,9758208
AVAD/V39_Guitar4,AVAD,random_k16_seed2026090910,batch16,8,,105879552,115637760,9758208
AVAD/V39_Guitar4,AVAD,random_k16_seed2026090910,batch16,9,,105879552,115637760,9758208
AVAD/V39_Guitar4,AVAD,random_k16_seed2026090911,batch16,0,,105879552,115637760,9758208
AVAD/V39_Guitar4,AVAD,random_k16_seed2026090911,batch16,1,,105879552,115637760,9758208
AVAD/V39_Guitar4,AVAD,random_k16_seed2026090911,batch16,2,,105879552,115637760,9758208
AVAD/V39_Guitar4,AVAD,random_k16_seed2026090911,batch16,3,,105879552,115637760,9758208
AVAD/V39_Guitar4,AVAD,random_k16_seed2026090911,batch16,4,,105879552,115637760,9758208
AVAD/V39_Guitar4,AVAD,random_k16_seed2026090911,batch16,5,,105879552,115637760,9758208
AVAD/V39_Guitar4,AVAD,random_k16_seed2026090911,batch16,6,,105879552,115637760,9758208
AVAD/V39_Guitar4,AVAD,random_k16_seed2026090911,batch16,7,,105879552,115637760,9758208
AVAD/V39_Guitar4,AVAD,random_k16_seed2026090911,batch16,8,,105879552,115637760,9758208
AVAD/V39_Guitar4,AVAD,random_k16_seed2026090911,batch16,9,,105879552,115637760,9758208
AVAD/V39_Guitar4,AVAD,random_k16_seed2026090912,batch16,0,,105879552,115637760,9758208
AVAD/V39_Guitar4,AVAD,random_k16_seed2026090912,batch16,1,,105879552,115637760,9758208
AVAD/V39_Guitar4,AVAD,random_k16_seed2026090912,batch16,2,,105879552,115637760,9758208
AVAD/V39_Guitar4,AVAD,random_k16_seed2026090912,batch16,3,,105879552,115637760,9758208
AVAD/V39_Guitar4,AVAD,random_k16_seed2026090912,batch16,4,,105879552,115637760,9758208
AVAD/V39_Guitar4,AVAD,random_k16_seed2026090912,batch16,5,,105879552,115637760,9758208
AVAD/V39_Guitar4,AVAD,random_k16_seed2026090912,batch16,6,,105879552,115637760,9758208
AVAD/V39_Guitar4,AVAD,random_k16_seed2026090912,batch16,7,,105879552,115637760,9758208
AVAD/V39_Guitar4,AVAD,random_k16_seed2026090912,batch16,8,,105879552,115637760,9758208
AVAD/V39_Guitar4,AVAD,random_k16_seed2026090912,batch16,9,,105879552,115637760,9758208
AVAD/V39_Guitar4,AVAD,random_k16_seed2026090913,batch16,0,,105879552,115637760,9758208
AVAD/V39_Guitar4,AVAD,random_k16_seed2026090913,batch16,1,,105879552,115637760,9758208
AVAD/V39_Guitar4,AVAD,random_k16_seed2026090913,batch16,2,,105879552,115637760,9758208
AVAD/V39_Guitar4,AVAD,random_k16_seed2026090913,batch16,3,,105879552,115637760,9758208
AVAD/V39_Guitar4,AVAD,random_k16_seed2026090913,batch16,4,,105879552,115637760,9758208
AVAD/V39_Guitar4,AVAD,random_k16_seed2026090913,batch16,5,,105879552,115637760,9758208
AVAD/V39_Guitar4,AVAD,random_k16_seed2026090913,batch16,6,,105879552,115637760,9758208
AVAD/V39_Guitar4,AVAD,random_k16_seed2026090913,batch16,7,,105879552,115637760,9758208
AVAD/V39_Guitar4,AVAD,random_k16_seed2026090913,batch16,8,,105879552,115637760,9758208
AVAD/V39_Guitar4,AVAD,random_k16_seed2026090913,batch16,9,,105879552,115637760,9758208
AVAD/V39_Guitar4,AVAD,random_k16_seed2026090914,batch16,0,,105879552,115637760,9758208
AVAD/V39_Guitar4,AVAD,random_k16_seed2026090914,batch16,1,,105879552,115637760,9758208
AVAD/V39_Guitar4,AVAD,random_k16_seed2026090914,batch16,2,,105879552,115637760,9758208
AVAD/V39_Guitar4,AVAD,random_k16_seed2026090914,batch16,3,,105879552,115637760,9758208
AVAD/V39_Guitar4,AVAD,random_k16_seed2026090914,batch16,4,,105879552,115637760,9758208
AVAD/V39_Guitar4,AVAD,random_k16_seed2026090914,batch16,5,,105879552,115637760,9758208
AVAD/V39_Guitar4,AVAD,random_k16_seed2026090914,batch16,6,,105879552,115637760,9758208
AVAD/V39_Guitar4,AVAD,random_k16_seed2026090914,batch16,7,,105879552,115637760,9758208
AVAD/V39_Guitar4,AVAD,random_k16_seed2026090914,batch16,8,,105879552,115637760,9758208
AVAD/V39_Guitar4,AVAD,random_k16_seed2026090914,batch16,9,,105879552,115637760,9758208
AVAD/V39_Guitar4,AVAD,random_k16_seed2026090915,batch16,0,,105879552,115637760,9758208
AVAD/V39_Guitar4,AVAD,random_k16_seed2026090915,batch16,1,,105879552,115637760,9758208
AVAD/V39_Guitar4,AVAD,random_k16_seed2026090915,batch16,2,,105879552,115637760,9758208
AVAD/V39_Guitar4,AVAD,random_k16_seed2026090915,batch16,3,,105879552,115637760,9758208
AVAD/V39_Guitar4,AVAD,random_k16_seed2026090915,batch16,4,,105879552,115637760,9758208
AVAD/V39_Guitar4,AVAD,random_k16_seed2026090915,batch16,5,,105879552,115637760,9758208
AVAD/V39_Guitar4,AVAD,random_k16_seed2026090915,batch16,6,,105879552,115637760,9758208
AVAD/V39_Guitar4,AVAD,random_k16_seed2026090915,batch16,7,,105879552,115637760,9758208
AVAD/V39_Guitar4,AVAD,random_k16_seed2026090915,batch16,8,,105879552,115637760,9758208
AVAD/V39_Guitar4,AVAD,random_k16_seed2026090915,batch16,9,,105879552,115637760,9758208
AVAD/V39_Guitar4,AVAD,policy:human_k16_seed440826,batch16,0,,105879552,115637760,9758208
AVAD/V39_Guitar4,AVAD,policy:human_k16_seed440826,batch16,1,,105879552,115637760,9758208
AVAD/V39_Guitar4,AVAD,policy:human_k16_seed440826,batch16,2,,105879552,115637760,9758208
AVAD/V39_Guitar4,AVAD,policy:human_k16_seed440826,batch16,3,,105879552,115637760,9758208
AVAD/V39_Guitar4,AVAD,policy:human_k16_seed440826,batch16,4,,105879552,115637760,9758208
AVAD/V39_Guitar4,AVAD,policy:human_k16_seed440826,batch16,5,,105879552,115637760,9758208
AVAD/V39_Guitar4,AVAD,policy:human_k16_seed440826,batch16,6,,105879552,115637760,9758208
AVAD/V39_Guitar4,AVAD,policy:human_k16_seed440826,batch16,7,,105879552,115637760,9758208
AVAD/V39_Guitar4,AVAD,policy:human_k16_seed440826,batch16,8,,105879552,115637760,9758208
AVAD/V39_Guitar4,AVAD,policy:human_k16_seed440826,batch16,9,,105879552,115637760,9758208
AVAD/V39_Guitar4,AVAD,policy:human_k16_seed440827,batch16,0,,105879552,115637760,9758208
AVAD/V39_Guitar4,AVAD,policy:human_k16_seed440827,batch16,1,,105879552,115637760,9758208
AVAD/V39_Guitar4,AVAD,policy:human_k16_seed440827,batch16,2,,105879552,115637760,9758208
AVAD/V39_Guitar4,AVAD,policy:human_k16_seed440827,batch16,3,,105879552,115637760,9758208
AVAD/V39_Guitar4,AVAD,policy:human_k16_seed440827,batch16,4,,105879552,115637760,9758208
AVAD/V39_Guitar4,AVAD,policy:human_k16_seed440827,batch16,5,,105879552,115637760,9758208
AVAD/V39_Guitar4,AVAD,policy:human_k16_seed440827,batch16,6,,105879552,115637760,9758208
AVAD/V39_Guitar4,AVAD,policy:human_k16_seed440827,batch16,7,,105879552,115637760,9758208
AVAD/V39_Guitar4,AVAD,policy:human_k16_seed440827,batch16,8,,105879552,115637760,9758208
AVAD/V39_Guitar4,AVAD,policy:human_k16_seed440827,batch16,9,,105879552,115637760,9758208
AVAD/V39_Guitar4,AVAD,policy:human_k16_seed440828,batch16,0,,105879552,115637760,9758208
AVAD/V39_Guitar4,AVAD,policy:human_k16_seed440828,batch16,1,,105879552,115637760,9758208
AVAD/V39_Guitar4,AVAD,policy:human_k16_seed440828,batch16,2,,105879552,115637760,9758208
AVAD/V39_Guitar4,AVAD,policy:human_k16_seed440828,batch16,3,,105879552,115637760,9758208
AVAD/V39_Guitar4,AVAD,policy:human_k16_seed440828,batch16,4,,105879552,115637760,9758208
AVAD/V39_Guitar4,AVAD,policy:human_k16_seed440828,batch16,5,,105879552,115637760,9758208
AVAD/V39_Guitar4,AVAD,policy:human_k16_seed440828,batch16,6,,105879552,115637760,9758208
AVAD/V39_Guitar4,AVAD,policy:human_k16_seed440828,batch16,7,,105879552,115637760,9758208
AVAD/V39_Guitar4,AVAD,policy:human_k16_seed440828,batch16,8,,105879552,115637760,9758208
AVAD/V39_Guitar4,AVAD,policy:human_k16_seed440828,batch16,9,,105879552,115637760,9758208
AVAD/V39_Guitar4,AVAD,policy:human_k16_seed440829,batch16,0,,105879552,115637760,9758208
AVAD/V39_Guitar4,AVAD,policy:human_k16_seed440829,batch16,1,,105879552,115637760,9758208
AVAD/V39_Guitar4,AVAD,policy:human_k16_seed440829,batch16,2,,105879552,115637760,9758208
AVAD/V39_Guitar4,AVAD,policy:human_k16_seed440829,batch16,3,,105879552,115637760,9758208
AVAD/V39_Guitar4,AVAD,policy:human_k16_seed440829,batch16,4,,105879552,115637760,9758208
AVAD/V39_Guitar4,AVAD,policy:human_k16_seed440829,batch16,5,,105879552,115637760,9758208
AVAD/V39_Guitar4,AVAD,policy:human_k16_seed440829,batch16,6,,105879552,115637760,9758208
AVAD/V39_Guitar4,AVAD,policy:human_k16_seed440829,batch16,7,,105879552,115637760,9758208
AVAD/V39_Guitar4,AVAD,policy:human_k16_seed440829,batch16,8,,105879552,115637760,9758208
AVAD/V39_Guitar4,AVAD,policy:human_k16_seed440829,batch16,9,,105879552,115637760,9758208
AVAD/V39_Guitar4,AVAD,policy:human_k16_seed440830,batch16,0,,105879552,115637760,9758208
AVAD/V39_Guitar4,AVAD,policy:human_k16_seed440830,batch16,1,,105879552,115637760,9758208
AVAD/V39_Guitar4,AVAD,policy:human_k16_seed440830,batch16,2,,105879552,115637760,9758208
AVAD/V39_Guitar4,AVAD,policy:human_k16_seed440830,batch16,3,,105879552,115637760,9758208
AVAD/V39_Guitar4,AVAD,policy:human_k16_seed440830,batch16,4,,105879552,115637760,9758208
AVAD/V39_Guitar4,AVAD,policy:human_k16_seed440830,batch16,5,,105879552,115637760,9758208
AVAD/V39_Guitar4,AVAD,policy:human_k16_seed440830,batch16,6,,105879552,115637760,9758208
AVAD/V39_Guitar4,AVAD,policy:human_k16_seed440830,batch16,7,,105879552,115637760,9758208
AVAD/V39_Guitar4,AVAD,policy:human_k16_seed440830,batch16,8,,105879552,115637760,9758208
AVAD/V39_Guitar4,AVAD,policy:human_k16_seed440830,batch16,9,,105879552,115637760,9758208
AVAD/V39_Guitar4,AVAD,policy:human_k16_seed440831,batch16,0,,105879552,115637760,9758208
AVAD/V39_Guitar4,AVAD,policy:human_k16_seed440831,batch16,1,,105879552,115637760,9758208
AVAD/V39_Guitar4,AVAD,policy:human_k16_seed440831,batch16,2,,105879552,115637760,9758208
AVAD/V39_Guitar4,AVAD,policy:human_k16_seed440831,batch16,3,,105879552,115637760,9758208
AVAD/V39_Guitar4,AVAD,policy:human_k16_seed440831,batch16,4,,105879552,115637760,9758208
AVAD/V39_Guitar4,AVAD,policy:human_k16_seed440831,batch16,5,,105879552,115637760,9758208
AVAD/V39_Guitar4,AVAD,policy:human_k16_seed440831,batch16,6,,105879552,115637760,9758208
AVAD/V39_Guitar4,AVAD,policy:human_k16_seed440831,batch16,7,,105879552,115637760,9758208
AVAD/V39_Guitar4,AVAD,policy:human_k16_seed440831,batch16,8,,105879552,115637760,9758208
AVAD/V39_Guitar4,AVAD,policy:human_k16_seed440831,batch16,9,,105879552,115637760,9758208
AVAD/V39_Guitar4,AVAD,policy:pretrained_k16,batch16,0,,105879552,115637760,9758208
AVAD/V39_Guitar4,AVAD,policy:pretrained_k16,batch16,1,,105879552,115637760,9758208
AVAD/V39_Guitar4,AVAD,policy:pretrained_k16,batch16,2,,105879552,115637760,9758208
AVAD/V39_Guitar4,AVAD,policy:pretrained_k16,batch16,3,,105879552,115637760,9758208
AVAD/V39_Guitar4,AVAD,policy:pretrained_k16,batch16,4,,105879552,115637760,9758208
AVAD/V39_Guitar4,AVAD,policy:pretrained_k16,batch16,5,,105879552,115637760,9758208
AVAD/V39_Guitar4,AVAD,policy:pretrained_k16,batch16,6,,105879552,115637760,9758208
AVAD/V39_Guitar4,AVAD,policy:pretrained_k16,batch16,7,,105879552,115637760,9758208
AVAD/V39_Guitar4,AVAD,policy:pretrained_k16,batch16,8,,105879552,115637760,9758208
AVAD/V39_Guitar4,AVAD,policy:pretrained_k16,batch16,9,,105879552,115637760,9758208
AVAD/V39_Guitar4,AVAD,tome_r5,batch16,0,,107059200,177568768,70509568
AVAD/V39_Guitar4,AVAD,tome_r5,batch16,1,,107059200,177568768,70509568
AVAD/V39_Guitar4,AVAD,tome_r5,batch16,2,,107059200,177568768,70509568
AVAD/V39_Guitar4,AVAD,tome_r5,batch16,3,,107059200,177568768,70509568
AVAD/V39_Guitar4,AVAD,tome_r5,batch16,4,,107059200,177568768,70509568
AVAD/V39_Guitar4,AVAD,tome_r5,batch16,5,,107059200,177568768,70509568
AVAD/V39_Guitar4,AVAD,tome_r5,batch16,6,,107059200,177568768,70509568
AVAD/V39_Guitar4,AVAD,tome_r5,batch16,7,,107059200,177568768,70509568
AVAD/V39_Guitar4,AVAD,tome_r5,batch16,8,,107059200,177568768,70509568
AVAD/V39_Guitar4,AVAD,tome_r5,batch16,9,,107059200,177568768,70509568
AVAD/V39_Guitar4,AVAD,tome_r10,batch16,0,,107059200,174842880,67783680
AVAD/V39_Guitar4,AVAD,tome_r10,batch16,1,,107059200,174842880,67783680
AVAD/V39_Guitar4,AVAD,tome_r10,batch16,2,,107059200,174842880,67783680
AVAD/V39_Guitar4,AVAD,tome_r10,batch16,3,,107059200,174842880,67783680
AVAD/V39_Guitar4,AVAD,tome_r10,batch16,4,,107059200,174842880,67783680
AVAD/V39_Guitar4,AVAD,tome_r10,batch16,5,,107059200,174842880,67783680
AVAD/V39_Guitar4,AVAD,tome_r10,batch16,6,,107059200,174842880,67783680
AVAD/V39_Guitar4,AVAD,tome_r10,batch16,7,,107059200,174842880,67783680
AVAD/V39_Guitar4,AVAD,tome_r10,batch16,8,,107059200,174842880,67783680
AVAD/V39_Guitar4,AVAD,tome_r10,batch16,9,,107059200,174842880,67783680
AVAD/V39_Guitar4,AVAD,tome_r15,batch16,0,,107059200,171899904,64840704
AVAD/V39_Guitar4,AVAD,tome_r15,batch16,1,,107059200,171899904,64840704
AVAD/V39_Guitar4,AVAD,tome_r15,batch16,2,,107059200,171899904,64840704
AVAD/V39_Guitar4,AVAD,tome_r15,batch16,3,,107059200,171899904,64840704
AVAD/V39_Guitar4,AVAD,tome_r15,batch16,4,,107059200,171899904,64840704
AVAD/V39_Guitar4,AVAD,tome_r15,batch16,5,,107059200,171899904,64840704
AVAD/V39_Guitar4,AVAD,tome_r15,batch16,6,,107059200,171899904,64840704
AVAD/V39_Guitar4,AVAD,tome_r15,batch16,7,,107059200,171899904,64840704
AVAD/V39_Guitar4,AVAD,tome_r15,batch16,8,,107059200,171899904,64840704
AVAD/V39_Guitar4,AVAD,tome_r15,batch16,9,,107059200,171899904,64840704
AVAD/V40_Guitar5,AVAD,dense,batch16,0,,106403840,165781504,59377664
AVAD/V40_Guitar5,AVAD,dense,batch16,1,,106403840,165781504,59377664
AVAD/V40_Guitar5,AVAD,dense,batch16,2,,106403840,165781504,59377664
AVAD/V40_Guitar5,AVAD,dense,batch16,3,,106403840,165781504,59377664
AVAD/V40_Guitar5,AVAD,dense,batch16,4,,106403840,165781504,59377664
AVAD/V40_Guitar5,AVAD,dense,batch16,5,,106403840,165781504,59377664
AVAD/V40_Guitar5,AVAD,dense,batch16,6,,106403840,165781504,59377664
AVAD/V40_Guitar5,AVAD,dense,batch16,7,,106403840,165781504,59377664
AVAD/V40_Guitar5,AVAD,dense,batch16,8,,106403840,165781504,59377664
AVAD/V40_Guitar5,AVAD,dense,batch16,9,,106403840,165781504,59377664
AVAD/V40_Guitar5,AVAD,central_k16,batch16,0,,106403840,116162048,9758208
AVAD/V40_Guitar5,AVAD,central_k16,batch16,1,,106403840,116162048,9758208
AVAD/V40_Guitar5,AVAD,central_k16,batch16,2,,106403840,116162048,9758208
AVAD/V40_Guitar5,AVAD,central_k16,batch16,3,,106403840,116162048,9758208
AVAD/V40_Guitar5,AVAD,central_k16,batch16,4,,106403840,116162048,9758208
AVAD/V40_Guitar5,AVAD,central_k16,batch16,5,,106403840,116162048,9758208
AVAD/V40_Guitar5,AVAD,central_k16,batch16,6,,106403840,116162048,9758208
AVAD/V40_Guitar5,AVAD,central_k16,batch16,7,,106403840,116162048,9758208
AVAD/V40_Guitar5,AVAD,central_k16,batch16,8,,106403840,116162048,9758208
AVAD/V40_Guitar5,AVAD,central_k16,batch16,9,,106403840,116162048,9758208
AVAD/V40_Guitar5,AVAD,random_k16_seed2026090900,batch16,0,,106403840,116162048,9758208
AVAD/V40_Guitar5,AVAD,random_k16_seed2026090900,batch16,1,,106403840,116162048,9758208
AVAD/V40_Guitar5,AVAD,random_k16_seed2026090900,batch16,2,,106403840,116162048,9758208
AVAD/V40_Guitar5,AVAD,random_k16_seed2026090900,batch16,3,,106403840,116162048,9758208
AVAD/V40_Guitar5,AVAD,random_k16_seed2026090900,batch16,4,,106403840,116162048,9758208
AVAD/V40_Guitar5,AVAD,random_k16_seed2026090900,batch16,5,,106403840,116162048,9758208
AVAD/V40_Guitar5,AVAD,random_k16_seed2026090900,batch16,6,,106403840,116162048,9758208
AVAD/V40_Guitar5,AVAD,random_k16_seed2026090900,batch16,7,,106403840,116162048,9758208
AVAD/V40_Guitar5,AVAD,random_k16_seed2026090900,batch16,8,,106403840,116162048,9758208
AVAD/V40_Guitar5,AVAD,random_k16_seed2026090900,batch16,9,,106403840,116162048,9758208
AVAD/V40_Guitar5,AVAD,random_k16_seed2026090901,batch16,0,,106403840,116162048,9758208
AVAD/V40_Guitar5,AVAD,random_k16_seed2026090901,batch16,1,,106403840,116162048,9758208
AVAD/V40_Guitar5,AVAD,random_k16_seed2026090901,batch16,2,,106403840,116162048,9758208
AVAD/V40_Guitar5,AVAD,random_k16_seed2026090901,batch16,3,,106403840,116162048,9758208
AVAD/V40_Guitar5,AVAD,random_k16_seed2026090901,batch16,4,,106403840,116162048,9758208
AVAD/V40_Guitar5,AVAD,random_k16_seed2026090901,batch16,5,,106403840,116162048,9758208
AVAD/V40_Guitar5,AVAD,random_k16_seed2026090901,batch16,6,,106403840,116162048,9758208
AVAD/V40_Guitar5,AVAD,random_k16_seed2026090901,batch16,7,,106403840,116162048,9758208
AVAD/V40_Guitar5,AVAD,random_k16_seed2026090901,batch16,8,,106403840,116162048,9758208
AVAD/V40_Guitar5,AVAD,random_k16_seed2026090901,batch16,9,,106403840,116162048,9758208
AVAD/V40_Guitar5,AVAD,random_k16_seed2026090902,batch16,0,,106403840,116162048,9758208
AVAD/V40_Guitar5,AVAD,random_k16_seed2026090902,batch16,1,,106403840,116162048,9758208
AVAD/V40_Guitar5,AVAD,random_k16_seed2026090902,batch16,2,,106403840,116162048,9758208
AVAD/V40_Guitar5,AVAD,random_k16_seed2026090902,batch16,3,,106403840,116162048,9758208
AVAD/V40_Guitar5,AVAD,random_k16_seed2026090902,batch16,4,,106403840,116162048,9758208
AVAD/V40_Guitar5,AVAD,random_k16_seed2026090902,batch16,5,,106403840,116162048,9758208
AVAD/V40_Guitar5,AVAD,random_k16_seed2026090902,batch16,6,,106403840,116162048,9758208
AVAD/V40_Guitar5,AVAD,random_k16_seed2026090902,batch16,7,,106403840,116162048,9758208
AVAD/V40_Guitar5,AVAD,random_k16_seed2026090902,batch16,8,,106403840,116162048,9758208
AVAD/V40_Guitar5,AVAD,random_k16_seed2026090902,batch16,9,,106403840,116162048,9758208
AVAD/V40_Guitar5,AVAD,random_k16_seed2026090903,batch16,0,,106403840,116162048,9758208
AVAD/V40_Guitar5,AVAD,random_k16_seed2026090903,batch16,1,,106403840,116162048,9758208
AVAD/V40_Guitar5,AVAD,random_k16_seed2026090903,batch16,2,,106403840,116162048,9758208
AVAD/V40_Guitar5,AVAD,random_k16_seed2026090903,batch16,3,,106403840,116162048,9758208
AVAD/V40_Guitar5,AVAD,random_k16_seed2026090903,batch16,4,,106403840,116162048,9758208
AVAD/V40_Guitar5,AVAD,random_k16_seed2026090903,batch16,5,,106403840,116162048,9758208
AVAD/V40_Guitar5,AVAD,random_k16_seed2026090903,batch16,6,,106403840,116162048,9758208
AVAD/V40_Guitar5,AVAD,random_k16_seed2026090903,batch16,7,,106403840,116162048,9758208
AVAD/V40_Guitar5,AVAD,random_k16_seed2026090903,batch16,8,,106403840,116162048,9758208
AVAD/V40_Guitar5,AVAD,random_k16_seed2026090903,batch16,9,,106403840,116162048,9758208
AVAD/V40_Guitar5,AVAD,random_k16_seed2026090904,batch16,0,,106403840,116162048,9758208
AVAD/V40_Guitar5,AVAD,random_k16_seed2026090904,batch16,1,,106403840,116162048,9758208
AVAD/V40_Guitar5,AVAD,random_k16_seed2026090904,batch16,2,,106403840,116162048,9758208
AVAD/V40_Guitar5,AVAD,random_k16_seed2026090904,batch16,3,,106403840,116162048,9758208
AVAD/V40_Guitar5,AVAD,random_k16_seed2026090904,batch16,4,,106403840,116162048,9758208
AVAD/V40_Guitar5,AVAD,random_k16_seed2026090904,batch16,5,,106403840,116162048,9758208
AVAD/V40_Guitar5,AVAD,random_k16_seed2026090904,batch16,6,,106403840,116162048,9758208
AVAD/V40_Guitar5,AVAD,random_k16_seed2026090904,batch16,7,,106403840,116162048,9758208
AVAD/V40_Guitar5,AVAD,random_k16_seed2026090904,batch16,8,,106403840,116162048,9758208
AVAD/V40_Guitar5,AVAD,random_k16_seed2026090904,batch16,9,,106403840,116162048,9758208
AVAD/V40_Guitar5,AVAD,random_k16_seed2026090905,batch16,0,,106403840,116162048,9758208
AVAD/V40_Guitar5,AVAD,random_k16_seed2026090905,batch16,1,,106403840,116162048,9758208
AVAD/V40_Guitar5,AVAD,random_k16_seed2026090905,batch16,2,,106403840,116162048,9758208
AVAD/V40_Guitar5,AVAD,random_k16_seed2026090905,batch16,3,,106403840,116162048,9758208
AVAD/V40_Guitar5,AVAD,random_k16_seed2026090905,batch16,4,,106403840,116162048,9758208
AVAD/V40_Guitar5,AVAD,random_k16_seed2026090905,batch16,5,,106403840,116162048,9758208
AVAD/V40_Guitar5,AVAD,random_k16_seed2026090905,batch16,6,,106403840,116162048,9758208
AVAD/V40_Guitar5,AVAD,random_k16_seed2026090905,batch16,7,,106403840,116162048,9758208
AVAD/V40_Guitar5,AVAD,random_k16_seed2026090905,batch16,8,,106403840,116162048,9758208
AVAD/V40_Guitar5,AVAD,random_k16_seed2026090905,batch16,9,,106403840,116162048,9758208
AVAD/V40_Guitar5,AVAD,random_k16_seed2026090906,batch16,0,,106403840,116162048,9758208
AVAD/V40_Guitar5,AVAD,random_k16_seed2026090906,batch16,1,,106403840,116162048,9758208
AVAD/V40_Guitar5,AVAD,random_k16_seed2026090906,batch16,2,,106403840,116162048,9758208
AVAD/V40_Guitar5,AVAD,random_k16_seed2026090906,batch16,3,,106403840,116162048,9758208
AVAD/V40_Guitar5,AVAD,random_k16_seed2026090906,batch16,4,,106403840,116162048,9758208
AVAD/V40_Guitar5,AVAD,random_k16_seed2026090906,batch16,5,,106403840,116162048,9758208
AVAD/V40_Guitar5,AVAD,random_k16_seed2026090906,batch16,6,,106403840,116162048,9758208
AVAD/V40_Guitar5,AVAD,random_k16_seed2026090906,batch16,7,,106403840,116162048,9758208
AVAD/V40_Guitar5,AVAD,random_k16_seed2026090906,batch16,8,,106403840,116162048,9758208
AVAD/V40_Guitar5,AVAD,random_k16_seed2026090906,batch16,9,,106403840,116162048,9758208
AVAD/V40_Guitar5,AVAD,random_k16_seed2026090907,batch16,0,,106403840,116162048,9758208
AVAD/V40_Guitar5,AVAD,random_k16_seed2026090907,batch16,1,,106403840,116162048,9758208
AVAD/V40_Guitar5,AVAD,random_k16_seed2026090907,batch16,2,,106403840,116162048,9758208
AVAD/V40_Guitar5,AVAD,random_k16_seed2026090907,batch16,3,,106403840,116162048,9758208
AVAD/V40_Guitar5,AVAD,random_k16_seed2026090907,batch16,4,,106403840,116162048,9758208
AVAD/V40_Guitar5,AVAD,random_k16_seed2026090907,batch16,5,,106403840,116162048,9758208
AVAD/V40_Guitar5,AVAD,random_k16_seed2026090907,batch16,6,,106403840,116162048,9758208
AVAD/V40_Guitar5,AVAD,random_k16_seed2026090907,batch16,7,,106403840,116162048,9758208
AVAD/V40_Guitar5,AVAD,random_k16_seed2026090907,batch16,8,,106403840,116162048,9758208
AVAD/V40_Guitar5,AVAD,random_k16_seed2026090907,batch16,9,,106403840,116162048,9758208
AVAD/V40_Guitar5,AVAD,random_k16_seed2026090908,batch16,0,,106403840,116162048,9758208
AVAD/V40_Guitar5,AVAD,random_k16_seed2026090908,batch16,1,,106403840,116162048,9758208
AVAD/V40_Guitar5,AVAD,random_k16_seed2026090908,batch16,2,,106403840,116162048,9758208
AVAD/V40_Guitar5,AVAD,random_k16_seed2026090908,batch16,3,,106403840,116162048,9758208
AVAD/V40_Guitar5,AVAD,random_k16_seed2026090908,batch16,4,,106403840,116162048,9758208
AVAD/V40_Guitar5,AVAD,random_k16_seed2026090908,batch16,5,,106403840,116162048,9758208
AVAD/V40_Guitar5,AVAD,random_k16_seed2026090908,batch16,6,,106403840,116162048,9758208
AVAD/V40_Guitar5,AVAD,random_k16_seed2026090908,batch16,7,,106403840,116162048,9758208
AVAD/V40_Guitar5,AVAD,random_k16_seed2026090908,batch16,8,,106403840,116162048,9758208
AVAD/V40_Guitar5,AVAD,random_k16_seed2026090908,batch16,9,,106403840,116162048,9758208
AVAD/V40_Guitar5,AVAD,random_k16_seed2026090909,batch16,0,,106403840,116162048,9758208
AVAD/V40_Guitar5,AVAD,random_k16_seed2026090909,batch16,1,,106403840,116162048,9758208
AVAD/V40_Guitar5,AVAD,random_k16_seed2026090909,batch16,2,,106403840,116162048,9758208
AVAD/V40_Guitar5,AVAD,random_k16_seed2026090909,batch16,3,,106403840,116162048,9758208
AVAD/V40_Guitar5,AVAD,random_k16_seed2026090909,batch16,4,,106403840,116162048,9758208
AVAD/V40_Guitar5,AVAD,random_k16_seed2026090909,batch16,5,,106403840,116162048,9758208
AVAD/V40_Guitar5,AVAD,random_k16_seed2026090909,batch16,6,,106403840,116162048,9758208
AVAD/V40_Guitar5,AVAD,random_k16_seed2026090909,batch16,7,,106403840,116162048,9758208
AVAD/V40_Guitar5,AVAD,random_k16_seed2026090909,batch16,8,,106403840,116162048,9758208
AVAD/V40_Guitar5,AVAD,random_k16_seed2026090909,batch16,9,,106403840,116162048,9758208
AVAD/V40_Guitar5,AVAD,random_k16_seed2026090910,batch16,0,,106403840,116162048,9758208
AVAD/V40_Guitar5,AVAD,random_k16_seed2026090910,batch16,1,,106403840,116162048,9758208
AVAD/V40_Guitar5,AVAD,random_k16_seed2026090910,batch16,2,,106403840,116162048,9758208
AVAD/V40_Guitar5,AVAD,random_k16_seed2026090910,batch16,3,,106403840,116162048,9758208
AVAD/V40_Guitar5,AVAD,random_k16_seed2026090910,batch16,4,,106403840,116162048,9758208
AVAD/V40_Guitar5,AVAD,random_k16_seed2026090910,batch16,5,,106403840,116162048,9758208
AVAD/V40_Guitar5,AVAD,random_k16_seed2026090910,batch16,6,,106403840,116162048,9758208
AVAD/V40_Guitar5,AVAD,random_k16_seed2026090910,batch16,7,,106403840,116162048,9758208
AVAD/V40_Guitar5,AVAD,random_k16_seed2026090910,batch16,8,,106403840,116162048,9758208
AVAD/V40_Guitar5,AVAD,random_k16_seed2026090910,batch16,9,,106403840,116162048,9758208
AVAD/V40_Guitar5,AVAD,random_k16_seed2026090911,batch16,0,,106403840,116162048,9758208
AVAD/V40_Guitar5,AVAD,random_k16_seed2026090911,batch16,1,,106403840,116162048,9758208
AVAD/V40_Guitar5,AVAD,random_k16_seed2026090911,batch16,2,,106403840,116162048,9758208
AVAD/V40_Guitar5,AVAD,random_k16_seed2026090911,batch16,3,,106403840,116162048,9758208
AVAD/V40_Guitar5,AVAD,random_k16_seed2026090911,batch16,4,,106403840,116162048,9758208
AVAD/V40_Guitar5,AVAD,random_k16_seed2026090911,batch16,5,,106403840,116162048,9758208
AVAD/V40_Guitar5,AVAD,random_k16_seed2026090911,batch16,6,,106403840,116162048,9758208
AVAD/V40_Guitar5,AVAD,random_k16_seed2026090911,batch16,7,,106403840,116162048,9758208
AVAD/V40_Guitar5,AVAD,random_k16_seed2026090911,batch16,8,,106403840,116162048,9758208
AVAD/V40_Guitar5,AVAD,random_k16_seed2026090911,batch16,9,,106403840,116162048,9758208
AVAD/V40_Guitar5,AVAD,random_k16_seed2026090912,batch16,0,,106403840,116162048,9758208
AVAD/V40_Guitar5,AVAD,random_k16_seed2026090912,batch16,1,,106403840,116162048,9758208
AVAD/V40_Guitar5,AVAD,random_k16_seed2026090912,batch16,2,,106403840,116162048,9758208
AVAD/V40_Guitar5,AVAD,random_k16_seed2026090912,batch16,3,,106403840,116162048,9758208
AVAD/V40_Guitar5,AVAD,random_k16_seed2026090912,batch16,4,,106403840,116162048,9758208
AVAD/V40_Guitar5,AVAD,random_k16_seed2026090912,batch16,5,,106403840,116162048,9758208
AVAD/V40_Guitar5,AVAD,random_k16_seed2026090912,batch16,6,,106403840,116162048,9758208
AVAD/V40_Guitar5,AVAD,random_k16_seed2026090912,batch16,7,,106403840,116162048,9758208
AVAD/V40_Guitar5,AVAD,random_k16_seed2026090912,batch16,8,,106403840,116162048,9758208
AVAD/V40_Guitar5,AVAD,random_k16_seed2026090912,batch16,9,,106403840,116162048,9758208
AVAD/V40_Guitar5,AVAD,random_k16_seed2026090913,batch16,0,,106403840,116162048,9758208
AVAD/V40_Guitar5,AVAD,random_k16_seed2026090913,batch16,1,,106403840,116162048,9758208
AVAD/V40_Guitar5,AVAD,random_k16_seed2026090913,batch16,2,,106403840,116162048,9758208
AVAD/V40_Guitar5,AVAD,random_k16_seed2026090913,batch16,3,,106403840,116162048,9758208
AVAD/V40_Guitar5,AVAD,random_k16_seed2026090913,batch16,4,,106403840,116162048,9758208
AVAD/V40_Guitar5,AVAD,random_k16_seed2026090913,batch16,5,,106403840,116162048,9758208
AVAD/V40_Guitar5,AVAD,random_k16_seed2026090913,batch16,6,,106403840,116162048,9758208
AVAD/V40_Guitar5,AVAD,random_k16_seed2026090913,batch16,7,,106403840,116162048,9758208
AVAD/V40_Guitar5,AVAD,random_k16_seed2026090913,batch16,8,,106403840,116162048,9758208
AVAD/V40_Guitar5,AVAD,random_k16_seed2026090913,batch16,9,,106403840,116162048,9758208
AVAD/V40_Guitar5,AVAD,random_k16_seed2026090914,batch16,0,,106403840,116162048,9758208
AVAD/V40_Guitar5,AVAD,random_k16_seed2026090914,batch16,1,,106403840,116162048,9758208
AVAD/V40_Guitar5,AVAD,random_k16_seed2026090914,batch16,2,,106403840,116162048,9758208
AVAD/V40_Guitar5,AVAD,random_k16_seed2026090914,batch16,3,,106403840,116162048,9758208
AVAD/V40_Guitar5,AVAD,random_k16_seed2026090914,batch16,4,,106403840,116162048,9758208
AVAD/V40_Guitar5,AVAD,random_k16_seed2026090914,batch16,5,,106403840,116162048,9758208
AVAD/V40_Guitar5,AVAD,random_k16_seed2026090914,batch16,6,,106403840,116162048,9758208
AVAD/V40_Guitar5,AVAD,random_k16_seed2026090914,batch16,7,,106403840,116162048,9758208
AVAD/V40_Guitar5,AVAD,random_k16_seed2026090914,batch16,8,,106403840,116162048,9758208
AVAD/V40_Guitar5,AVAD,random_k16_seed2026090914,batch16,9,,106403840,116162048,9758208
AVAD/V40_Guitar5,AVAD,random_k16_seed2026090915,batch16,0,,106403840,116162048,9758208
AVAD/V40_Guitar5,AVAD,random_k16_seed2026090915,batch16,1,,106403840,116162048,9758208
AVAD/V40_Guitar5,AVAD,random_k16_seed2026090915,batch16,2,,106403840,116162048,9758208
AVAD/V40_Guitar5,AVAD,random_k16_seed2026090915,batch16,3,,106403840,116162048,9758208
AVAD/V40_Guitar5,AVAD,random_k16_seed2026090915,batch16,4,,106403840,116162048,9758208
AVAD/V40_Guitar5,AVAD,random_k16_seed2026090915,batch16,5,,106403840,116162048,9758208
AVAD/V40_Guitar5,AVAD,random_k16_seed2026090915,batch16,6,,106403840,116162048,9758208
AVAD/V40_Guitar5,AVAD,random_k16_seed2026090915,batch16,7,,106403840,116162048,9758208
AVAD/V40_Guitar5,AVAD,random_k16_seed2026090915,batch16,8,,106403840,116162048,9758208
AVAD/V40_Guitar5,AVAD,random_k16_seed2026090915,batch16,9,,106403840,116162048,9758208
AVAD/V40_Guitar5,AVAD,policy:human_k16_seed440826,batch16,0,,106403840,116162048,9758208
AVAD/V40_Guitar5,AVAD,policy:human_k16_seed440826,batch16,1,,106403840,116162048,9758208
AVAD/V40_Guitar5,AVAD,policy:human_k16_seed440826,batch16,2,,106403840,116162048,9758208
AVAD/V40_Guitar5,AVAD,policy:human_k16_seed440826,batch16,3,,106403840,116162048,9758208
AVAD/V40_Guitar5,AVAD,policy:human_k16_seed440826,batch16,4,,106403840,116162048,9758208
AVAD/V40_Guitar5,AVAD,policy:human_k16_seed440826,batch16,5,,106403840,116162048,9758208
AVAD/V40_Guitar5,AVAD,policy:human_k16_seed440826,batch16,6,,106403840,116162048,9758208
AVAD/V40_Guitar5,AVAD,policy:human_k16_seed440826,batch16,7,,106403840,116162048,9758208
AVAD/V40_Guitar5,AVAD,policy:human_k16_seed440826,batch16,8,,106403840,116162048,9758208
AVAD/V40_Guitar5,AVAD,policy:human_k16_seed440826,batch16,9,,106403840,116162048,9758208
AVAD/V40_Guitar5,AVAD,policy:human_k16_seed440827,batch16,0,,106403840,116162048,9758208
AVAD/V40_Guitar5,AVAD,policy:human_k16_seed440827,batch16,1,,106403840,116162048,9758208
AVAD/V40_Guitar5,AVAD,policy:human_k16_seed440827,batch16,2,,106403840,116162048,9758208
AVAD/V40_Guitar5,AVAD,policy:human_k16_seed440827,batch16,3,,106403840,116162048,9758208
AVAD/V40_Guitar5,AVAD,policy:human_k16_seed440827,batch16,4,,106403840,116162048,9758208
AVAD/V40_Guitar5,AVAD,policy:human_k16_seed440827,batch16,5,,106403840,116162048,9758208
AVAD/V40_Guitar5,AVAD,policy:human_k16_seed440827,batch16,6,,106403840,116162048,9758208
AVAD/V40_Guitar5,AVAD,policy:human_k16_seed440827,batch16,7,,106403840,116162048,9758208
AVAD/V40_Guitar5,AVAD,policy:human_k16_seed440827,batch16,8,,106403840,116162048,9758208
AVAD/V40_Guitar5,AVAD,policy:human_k16_seed440827,batch16,9,,106403840,116162048,9758208
AVAD/V40_Guitar5,AVAD,policy:human_k16_seed440828,batch16,0,,106403840,116162048,9758208
AVAD/V40_Guitar5,AVAD,policy:human_k16_seed440828,batch16,1,,106403840,116162048,9758208
AVAD/V40_Guitar5,AVAD,policy:human_k16_seed440828,batch16,2,,106403840,116162048,9758208
AVAD/V40_Guitar5,AVAD,policy:human_k16_seed440828,batch16,3,,106403840,116162048,9758208
AVAD/V40_Guitar5,AVAD,policy:human_k16_seed440828,batch16,4,,106403840,116162048,9758208
AVAD/V40_Guitar5,AVAD,policy:human_k16_seed440828,batch16,5,,106403840,116162048,9758208
AVAD/V40_Guitar5,AVAD,policy:human_k16_seed440828,batch16,6,,106403840,116162048,9758208
AVAD/V40_Guitar5,AVAD,policy:human_k16_seed440828,batch16,7,,106403840,116162048,9758208
AVAD/V40_Guitar5,AVAD,policy:human_k16_seed440828,batch16,8,,106403840,116162048,9758208
AVAD/V40_Guitar5,AVAD,policy:human_k16_seed440828,batch16,9,,106403840,116162048,9758208
AVAD/V40_Guitar5,AVAD,policy:human_k16_seed440829,batch16,0,,106403840,116162048,9758208
AVAD/V40_Guitar5,AVAD,policy:human_k16_seed440829,batch16,1,,106403840,116162048,9758208
AVAD/V40_Guitar5,AVAD,policy:human_k16_seed440829,batch16,2,,106403840,116162048,9758208
AVAD/V40_Guitar5,AVAD,policy:human_k16_seed440829,batch16,3,,106403840,116162048,9758208
AVAD/V40_Guitar5,AVAD,policy:human_k16_seed440829,batch16,4,,106403840,116162048,9758208
AVAD/V40_Guitar5,AVAD,policy:human_k16_seed440829,batch16,5,,106403840,116162048,9758208
AVAD/V40_Guitar5,AVAD,policy:human_k16_seed440829,batch16,6,,106403840,116162048,9758208
AVAD/V40_Guitar5,AVAD,policy:human_k16_seed440829,batch16,7,,106403840,116162048,9758208
AVAD/V40_Guitar5,AVAD,policy:human_k16_seed440829,batch16,8,,106403840,116162048,9758208
AVAD/V40_Guitar5,AVAD,policy:human_k16_seed440829,batch16,9,,106403840,116162048,9758208
AVAD/V40_Guitar5,AVAD,policy:human_k16_seed440830,batch16,0,,106403840,116162048,9758208
AVAD/V40_Guitar5,AVAD,policy:human_k16_seed440830,batch16,1,,106403840,116162048,9758208
AVAD/V40_Guitar5,AVAD,policy:human_k16_seed440830,batch16,2,,106403840,116162048,9758208
AVAD/V40_Guitar5,AVAD,policy:human_k16_seed440830,batch16,3,,106403840,116162048,9758208
AVAD/V40_Guitar5,AVAD,policy:human_k16_seed440830,batch16,4,,106403840,116162048,9758208
AVAD/V40_Guitar5,AVAD,policy:human_k16_seed440830,batch16,5,,106403840,116162048,9758208
AVAD/V40_Guitar5,AVAD,policy:human_k16_seed440830,batch16,6,,106403840,116162048,9758208
AVAD/V40_Guitar5,AVAD,policy:human_k16_seed440830,batch16,7,,106403840,116162048,9758208
AVAD/V40_Guitar5,AVAD,policy:human_k16_seed440830,batch16,8,,106403840,116162048,9758208
AVAD/V40_Guitar5,AVAD,policy:human_k16_seed440830,batch16,9,,106403840,116162048,9758208
AVAD/V40_Guitar5,AVAD,policy:human_k16_seed440831,batch16,0,,106403840,116162048,9758208
AVAD/V40_Guitar5,AVAD,policy:human_k16_seed440831,batch16,1,,106403840,116162048,9758208
AVAD/V40_Guitar5,AVAD,policy:human_k16_seed440831,batch16,2,,106403840,116162048,9758208
AVAD/V40_Guitar5,AVAD,policy:human_k16_seed440831,batch16,3,,106403840,116162048,9758208
AVAD/V40_Guitar5,AVAD,policy:human_k16_seed440831,batch16,4,,106403840,116162048,9758208
AVAD/V40_Guitar5,AVAD,policy:human_k16_seed440831,batch16,5,,106403840,116162048,9758208
AVAD/V40_Guitar5,AVAD,policy:human_k16_seed440831,batch16,6,,106403840,116162048,9758208
AVAD/V40_Guitar5,AVAD,policy:human_k16_seed440831,batch16,7,,106403840,116162048,9758208
AVAD/V40_Guitar5,AVAD,policy:human_k16_seed440831,batch16,8,,106403840,116162048,9758208
AVAD/V40_Guitar5,AVAD,policy:human_k16_seed440831,batch16,9,,106403840,116162048,9758208
AVAD/V40_Guitar5,AVAD,policy:pretrained_k16,batch16,0,,106403840,116162048,9758208
AVAD/V40_Guitar5,AVAD,policy:pretrained_k16,batch16,1,,106403840,116162048,9758208
AVAD/V40_Guitar5,AVAD,policy:pretrained_k16,batch16,2,,106403840,116162048,9758208
AVAD/V40_Guitar5,AVAD,policy:pretrained_k16,batch16,3,,106403840,116162048,9758208
AVAD/V40_Guitar5,AVAD,policy:pretrained_k16,batch16,4,,106403840,116162048,9758208
AVAD/V40_Guitar5,AVAD,policy:pretrained_k16,batch16,5,,106403840,116162048,9758208
AVAD/V40_Guitar5,AVAD,policy:pretrained_k16,batch16,6,,106403840,116162048,9758208
AVAD/V40_Guitar5,AVAD,policy:pretrained_k16,batch16,7,,106403840,116162048,9758208
AVAD/V40_Guitar5,AVAD,policy:pretrained_k16,batch16,8,,106403840,116162048,9758208
AVAD/V40_Guitar5,AVAD,policy:pretrained_k16,batch16,9,,106403840,116162048,9758208
AVAD/V40_Guitar5,AVAD,tome_r5,batch16,0,,106403840,176913408,70509568
AVAD/V40_Guitar5,AVAD,tome_r5,batch16,1,,106403840,176913408,70509568
AVAD/V40_Guitar5,AVAD,tome_r5,batch16,2,,106403840,176913408,70509568
AVAD/V40_Guitar5,AVAD,tome_r5,batch16,3,,106403840,176913408,70509568
AVAD/V40_Guitar5,AVAD,tome_r5,batch16,4,,106403840,176913408,70509568
AVAD/V40_Guitar5,AVAD,tome_r5,batch16,5,,106403840,176913408,70509568
AVAD/V40_Guitar5,AVAD,tome_r5,batch16,6,,106403840,176913408,70509568
AVAD/V40_Guitar5,AVAD,tome_r5,batch16,7,,106403840,176913408,70509568
AVAD/V40_Guitar5,AVAD,tome_r5,batch16,8,,106403840,176913408,70509568
AVAD/V40_Guitar5,AVAD,tome_r5,batch16,9,,106403840,176913408,70509568
AVAD/V40_Guitar5,AVAD,tome_r10,batch16,0,,106403840,173941760,67537920
AVAD/V40_Guitar5,AVAD,tome_r10,batch16,1,,106403840,173941760,67537920
AVAD/V40_Guitar5,AVAD,tome_r10,batch16,2,,106403840,173941760,67537920
AVAD/V40_Guitar5,AVAD,tome_r10,batch16,3,,106403840,173941760,67537920
AVAD/V40_Guitar5,AVAD,tome_r10,batch16,4,,106403840,173941760,67537920
AVAD/V40_Guitar5,AVAD,tome_r10,batch16,5,,106403840,173941760,67537920
AVAD/V40_Guitar5,AVAD,tome_r10,batch16,6,,106403840,173941760,67537920
AVAD/V40_Guitar5,AVAD,tome_r10,batch16,7,,106403840,173941760,67537920
AVAD/V40_Guitar5,AVAD,tome_r10,batch16,8,,106403840,173941760,67537920
AVAD/V40_Guitar5,AVAD,tome_r10,batch16,9,,106403840,173941760,67537920
AVAD/V40_Guitar5,AVAD,tome_r15,batch16,0,,106403840,171834368,65430528
AVAD/V40_Guitar5,AVAD,tome_r15,batch16,1,,106403840,171834368,65430528
AVAD/V40_Guitar5,AVAD,tome_r15,batch16,2,,106403840,171834368,65430528
AVAD/V40_Guitar5,AVAD,tome_r15,batch16,3,,106403840,171834368,65430528
AVAD/V40_Guitar5,AVAD,tome_r15,batch16,4,,106403840,171834368,65430528
AVAD/V40_Guitar5,AVAD,tome_r15,batch16,5,,106403840,171834368,65430528
AVAD/V40_Guitar5,AVAD,tome_r15,batch16,6,,106403840,171834368,65430528
AVAD/V40_Guitar5,AVAD,tome_r15,batch16,7,,106403840,171834368,65430528
AVAD/V40_Guitar5,AVAD,tome_r15,batch16,8,,106403840,171834368,65430528
AVAD/V40_Guitar5,AVAD,tome_r15,batch16,9,,106403840,171834368,65430528
Coutrot_db1/clip21,Coutrot_db1,dense,batch16,0,,106403840,165781504,59377664
Coutrot_db1/clip21,Coutrot_db1,dense,batch16,1,,106403840,165781504,59377664
Coutrot_db1/clip21,Coutrot_db1,dense,batch16,2,,106403840,165781504,59377664
Coutrot_db1/clip21,Coutrot_db1,dense,batch16,3,,106403840,165781504,59377664
Coutrot_db1/clip21,Coutrot_db1,dense,batch16,4,,106403840,165781504,59377664
Coutrot_db1/clip21,Coutrot_db1,dense,batch16,5,,106403840,165781504,59377664
Coutrot_db1/clip21,Coutrot_db1,dense,batch16,6,,106403840,165781504,59377664
Coutrot_db1/clip21,Coutrot_db1,dense,batch16,7,,106403840,165781504,59377664
Coutrot_db1/clip21,Coutrot_db1,dense,batch16,8,,106403840,165781504,59377664
Coutrot_db1/clip21,Coutrot_db1,dense,batch16,9,,106403840,165781504,59377664
Coutrot_db1/clip21,Coutrot_db1,central_k16,batch16,0,,106403840,116162048,9758208
Coutrot_db1/clip21,Coutrot_db1,central_k16,batch16,1,,106403840,116162048,9758208
Coutrot_db1/clip21,Coutrot_db1,central_k16,batch16,2,,106403840,116162048,9758208
Coutrot_db1/clip21,Coutrot_db1,central_k16,batch16,3,,106403840,116162048,9758208
Coutrot_db1/clip21,Coutrot_db1,central_k16,batch16,4,,106403840,116162048,9758208
Coutrot_db1/clip21,Coutrot_db1,central_k16,batch16,5,,106403840,116162048,9758208
Coutrot_db1/clip21,Coutrot_db1,central_k16,batch16,6,,106403840,116162048,9758208
Coutrot_db1/clip21,Coutrot_db1,central_k16,batch16,7,,106403840,116162048,9758208
Coutrot_db1/clip21,Coutrot_db1,central_k16,batch16,8,,106403840,116162048,9758208
Coutrot_db1/clip21,Coutrot_db1,central_k16,batch16,9,,106403840,116162048,9758208
Coutrot_db1/clip21,Coutrot_db1,random_k16_seed2026090900,batch16,0,,106403840,116162048,9758208
Coutrot_db1/clip21,Coutrot_db1,random_k16_seed2026090900,batch16,1,,106403840,116162048,9758208
Coutrot_db1/clip21,Coutrot_db1,random_k16_seed2026090900,batch16,2,,106403840,116162048,9758208
Coutrot_db1/clip21,Coutrot_db1,random_k16_seed2026090900,batch16,3,,106403840,116162048,9758208
Coutrot_db1/clip21,Coutrot_db1,random_k16_seed2026090900,batch16,4,,106403840,116162048,9758208
Coutrot_db1/clip21,Coutrot_db1,random_k16_seed2026090900,batch16,5,,106403840,116162048,9758208
Coutrot_db1/clip21,Coutrot_db1,random_k16_seed2026090900,batch16,6,,106403840,116162048,9758208
Coutrot_db1/clip21,Coutrot_db1,random_k16_seed2026090900,batch16,7,,106403840,116162048,9758208
Coutrot_db1/clip21,Coutrot_db1,random_k16_seed2026090900,batch16,8,,106403840,116162048,9758208
Coutrot_db1/clip21,Coutrot_db1,random_k16_seed2026090900,batch16,9,,106403840,116162048,9758208
Coutrot_db1/clip21,Coutrot_db1,random_k16_seed2026090901,batch16,0,,106403840,116162048,9758208
Coutrot_db1/clip21,Coutrot_db1,random_k16_seed2026090901,batch16,1,,106403840,116162048,9758208
Coutrot_db1/clip21,Coutrot_db1,random_k16_seed2026090901,batch16,2,,106403840,116162048,9758208
Coutrot_db1/clip21,Coutrot_db1,random_k16_seed2026090901,batch16,3,,106403840,116162048,9758208
Coutrot_db1/clip21,Coutrot_db1,random_k16_seed2026090901,batch16,4,,106403840,116162048,9758208
Coutrot_db1/clip21,Coutrot_db1,random_k16_seed2026090901,batch16,5,,106403840,116162048,9758208
Coutrot_db1/clip21,Coutrot_db1,random_k16_seed2026090901,batch16,6,,106403840,116162048,9758208
Coutrot_db1/clip21,Coutrot_db1,random_k16_seed2026090901,batch16,7,,106403840,116162048,9758208
Coutrot_db1/clip21,Coutrot_db1,random_k16_seed2026090901,batch16,8,,106403840,116162048,9758208
Coutrot_db1/clip21,Coutrot_db1,random_k16_seed2026090901,batch16,9,,106403840,116162048,9758208
Coutrot_db1/clip21,Coutrot_db1,random_k16_seed2026090902,batch16,0,,106403840,116162048,9758208
Coutrot_db1/clip21,Coutrot_db1,random_k16_seed2026090902,batch16,1,,106403840,116162048,9758208
Coutrot_db1/clip21,Coutrot_db1,random_k16_seed2026090902,batch16,2,,106403840,116162048,9758208
Coutrot_db1/clip21,Coutrot_db1,random_k16_seed2026090902,batch16,3,,106403840,116162048,9758208
Coutrot_db1/clip21,Coutrot_db1,random_k16_seed2026090902,batch16,4,,106403840,116162048,9758208
Coutrot_db1/clip21,Coutrot_db1,random_k16_seed2026090902,batch16,5,,106403840,116162048,9758208
Coutrot_db1/clip21,Coutrot_db1,random_k16_seed2026090902,batch16,6,,106403840,116162048,9758208
Coutrot_db1/clip21,Coutrot_db1,random_k16_seed2026090902,batch16,7,,106403840,116162048,9758208
Coutrot_db1/clip21,Coutrot_db1,random_k16_seed2026090902,batch16,8,,106403840,116162048,9758208
Coutrot_db1/clip21,Coutrot_db1,random_k16_seed2026090902,batch16,9,,106403840,116162048,9758208
Coutrot_db1/clip21,Coutrot_db1,random_k16_seed2026090903,batch16,0,,106403840,116162048,9758208
Coutrot_db1/clip21,Coutrot_db1,random_k16_seed2026090903,batch16,1,,106403840,116162048,9758208
Coutrot_db1/clip21,Coutrot_db1,random_k16_seed2026090903,batch16,2,,106403840,116162048,9758208
Coutrot_db1/clip21,Coutrot_db1,random_k16_seed2026090903,batch16,3,,106403840,116162048,9758208
Coutrot_db1/clip21,Coutrot_db1,random_k16_seed2026090903,batch16,4,,106403840,116162048,9758208
Coutrot_db1/clip21,Coutrot_db1,random_k16_seed2026090903,batch16,5,,106403840,116162048,9758208
Coutrot_db1/clip21,Coutrot_db1,random_k16_seed2026090903,batch16,6,,106403840,116162048,9758208
Coutrot_db1/clip21,Coutrot_db1,random_k16_seed2026090903,batch16,7,,106403840,116162048,9758208
Coutrot_db1/clip21,Coutrot_db1,random_k16_seed2026090903,batch16,8,,106403840,116162048,9758208
Coutrot_db1/clip21,Coutrot_db1,random_k16_seed2026090903,batch16,9,,106403840,116162048,9758208
Coutrot_db1/clip21,Coutrot_db1,random_k16_seed2026090904,batch16,0,,106403840,116162048,9758208
Coutrot_db1/clip21,Coutrot_db1,random_k16_seed2026090904,batch16,1,,106403840,116162048,9758208
Coutrot_db1/clip21,Coutrot_db1,random_k16_seed2026090904,batch16,2,,106403840,116162048,9758208
Coutrot_db1/clip21,Coutrot_db1,random_k16_seed2026090904,batch16,3,,106403840,116162048,9758208
Coutrot_db1/clip21,Coutrot_db1,random_k16_seed2026090904,batch16,4,,106403840,116162048,9758208
Coutrot_db1/clip21,Coutrot_db1,random_k16_seed2026090904,batch16,5,,106403840,116162048,9758208
Coutrot_db1/clip21,Coutrot_db1,random_k16_seed2026090904,batch16,6,,106403840,116162048,9758208
Coutrot_db1/clip21,Coutrot_db1,random_k16_seed2026090904,batch16,7,,106403840,116162048,9758208
Coutrot_db1/clip21,Coutrot_db1,random_k16_seed2026090904,batch16,8,,106403840,116162048,9758208
Coutrot_db1/clip21,Coutrot_db1,random_k16_seed2026090904,batch16,9,,106403840,116162048,9758208
Coutrot_db1/clip21,Coutrot_db1,random_k16_seed2026090905,batch16,0,,106403840,116162048,9758208
Coutrot_db1/clip21,Coutrot_db1,random_k16_seed2026090905,batch16,1,,106403840,116162048,9758208
Coutrot_db1/clip21,Coutrot_db1,random_k16_seed2026090905,batch16,2,,106403840,116162048,9758208
Coutrot_db1/clip21,Coutrot_db1,random_k16_seed2026090905,batch16,3,,106403840,116162048,9758208
Coutrot_db1/clip21,Coutrot_db1,random_k16_seed2026090905,batch16,4,,106403840,116162048,9758208
Coutrot_db1/clip21,Coutrot_db1,random_k16_seed2026090905,batch16,5,,106403840,116162048,9758208
Coutrot_db1/clip21,Coutrot_db1,random_k16_seed2026090905,batch16,6,,106403840,116162048,9758208
Coutrot_db1/clip21,Coutrot_db1,random_k16_seed2026090905,batch16,7,,106403840,116162048,9758208
Coutrot_db1/clip21,Coutrot_db1,random_k16_seed2026090905,batch16,8,,106403840,116162048,9758208
Coutrot_db1/clip21,Coutrot_db1,random_k16_seed2026090905,batch16,9,,106403840,116162048,9758208
Coutrot_db1/clip21,Coutrot_db1,random_k16_seed2026090906,batch16,0,,106403840,116162048,9758208
Coutrot_db1/clip21,Coutrot_db1,random_k16_seed2026090906,batch16,1,,106403840,116162048,9758208
Coutrot_db1/clip21,Coutrot_db1,random_k16_seed2026090906,batch16,2,,106403840,116162048,9758208
Coutrot_db1/clip21,Coutrot_db1,random_k16_seed2026090906,batch16,3,,106403840,116162048,9758208
Coutrot_db1/clip21,Coutrot_db1,random_k16_seed2026090906,batch16,4,,106403840,116162048,9758208
Coutrot_db1/clip21,Coutrot_db1,random_k16_seed2026090906,batch16,5,,106403840,116162048,9758208
Coutrot_db1/clip21,Coutrot_db1,random_k16_seed2026090906,batch16,6,,106403840,116162048,9758208
Coutrot_db1/clip21,Coutrot_db1,random_k16_seed2026090906,batch16,7,,106403840,116162048,9758208
Coutrot_db1/clip21,Coutrot_db1,random_k16_seed2026090906,batch16,8,,106403840,116162048,9758208
Coutrot_db1/clip21,Coutrot_db1,random_k16_seed2026090906,batch16,9,,106403840,116162048,9758208
Coutrot_db1/clip21,Coutrot_db1,random_k16_seed2026090907,batch16,0,,106403840,116162048,9758208
Coutrot_db1/clip21,Coutrot_db1,random_k16_seed2026090907,batch16,1,,106403840,116162048,9758208
Coutrot_db1/clip21,Coutrot_db1,random_k16_seed2026090907,batch16,2,,106403840,116162048,9758208
Coutrot_db1/clip21,Coutrot_db1,random_k16_seed2026090907,batch16,3,,106403840,116162048,9758208
Coutrot_db1/clip21,Coutrot_db1,random_k16_seed2026090907,batch16,4,,106403840,116162048,9758208
Coutrot_db1/clip21,Coutrot_db1,random_k16_seed2026090907,batch16,5,,106403840,116162048,9758208
Coutrot_db1/clip21,Coutrot_db1,random_k16_seed2026090907,batch16,6,,106403840,116162048,9758208
Coutrot_db1/clip21,Coutrot_db1,random_k16_seed2026090907,batch16,7,,106403840,116162048,9758208
Coutrot_db1/clip21,Coutrot_db1,random_k16_seed2026090907,batch16,8,,106403840,116162048,9758208
Coutrot_db1/clip21,Coutrot_db1,random_k16_seed2026090907,batch16,9,,106403840,116162048,9758208
Coutrot_db1/clip21,Coutrot_db1,random_k16_seed2026090908,batch16,0,,106403840,116162048,9758208
Coutrot_db1/clip21,Coutrot_db1,random_k16_seed2026090908,batch16,1,,106403840,116162048,9758208
Coutrot_db1/clip21,Coutrot_db1,random_k16_seed2026090908,batch16,2,,106403840,116162048,9758208
Coutrot_db1/clip21,Coutrot_db1,random_k16_seed2026090908,batch16,3,,106403840,116162048,9758208
Coutrot_db1/clip21,Coutrot_db1,random_k16_seed2026090908,batch16,4,,106403840,116162048,9758208
Coutrot_db1/clip21,Coutrot_db1,random_k16_seed2026090908,batch16,5,,106403840,116162048,9758208
Coutrot_db1/clip21,Coutrot_db1,random_k16_seed2026090908,batch16,6,,106403840,116162048,9758208
Coutrot_db1/clip21,Coutrot_db1,random_k16_seed2026090908,batch16,7,,106403840,116162048,9758208
Coutrot_db1/clip21,Coutrot_db1,random_k16_seed2026090908,batch16,8,,106403840,116162048,9758208
Coutrot_db1/clip21,Coutrot_db1,random_k16_seed2026090908,batch16,9,,106403840,116162048,9758208
Coutrot_db1/clip21,Coutrot_db1,random_k16_seed2026090909,batch16,0,,106403840,116162048,9758208
Coutrot_db1/clip21,Coutrot_db1,random_k16_seed2026090909,batch16,1,,106403840,116162048,9758208
Coutrot_db1/clip21,Coutrot_db1,random_k16_seed2026090909,batch16,2,,106403840,116162048,9758208
Coutrot_db1/clip21,Coutrot_db1,random_k16_seed2026090909,batch16,3,,106403840,116162048,9758208
Coutrot_db1/clip21,Coutrot_db1,random_k16_seed2026090909,batch16,4,,106403840,116162048,9758208
Coutrot_db1/clip21,Coutrot_db1,random_k16_seed2026090909,batch16,5,,106403840,116162048,9758208
Coutrot_db1/clip21,Coutrot_db1,random_k16_seed2026090909,batch16,6,,106403840,116162048,9758208
Coutrot_db1/clip21,Coutrot_db1,random_k16_seed2026090909,batch16,7,,106403840,116162048,9758208
Coutrot_db1/clip21,Coutrot_db1,random_k16_seed2026090909,batch16,8,,106403840,116162048,9758208
Coutrot_db1/clip21,Coutrot_db1,random_k16_seed2026090909,batch16,9,,106403840,116162048,9758208
Coutrot_db1/clip21,Coutrot_db1,random_k16_seed2026090910,batch16,0,,106403840,116162048,9758208
Coutrot_db1/clip21,Coutrot_db1,random_k16_seed2026090910,batch16,1,,106403840,116162048,9758208
Coutrot_db1/clip21,Coutrot_db1,random_k16_seed2026090910,batch16,2,,106403840,116162048,9758208
Coutrot_db1/clip21,Coutrot_db1,random_k16_seed2026090910,batch16,3,,106403840,116162048,9758208
Coutrot_db1/clip21,Coutrot_db1,random_k16_seed2026090910,batch16,4,,106403840,116162048,9758208
Coutrot_db1/clip21,Coutrot_db1,random_k16_seed2026090910,batch16,5,,106403840,116162048,9758208
Coutrot_db1/clip21,Coutrot_db1,random_k16_seed2026090910,batch16,6,,106403840,116162048,9758208
Coutrot_db1/clip21,Coutrot_db1,random_k16_seed2026090910,batch16,7,,106403840,116162048,9758208
Coutrot_db1/clip21,Coutrot_db1,random_k16_seed2026090910,batch16,8,,106403840,116162048,9758208
Coutrot_db1/clip21,Coutrot_db1,random_k16_seed2026090910,batch16,9,,106403840,116162048,9758208
Coutrot_db1/clip21,Coutrot_db1,random_k16_seed2026090911,batch16,0,,106403840,116162048,9758208
Coutrot_db1/clip21,Coutrot_db1,random_k16_seed2026090911,batch16,1,,106403840,116162048,9758208
Coutrot_db1/clip21,Coutrot_db1,random_k16_seed2026090911,batch16,2,,106403840,116162048,9758208
Coutrot_db1/clip21,Coutrot_db1,random_k16_seed2026090911,batch16,3,,106403840,116162048,9758208
Coutrot_db1/clip21,Coutrot_db1,random_k16_seed2026090911,batch16,4,,106403840,116162048,9758208
Coutrot_db1/clip21,Coutrot_db1,random_k16_seed2026090911,batch16,5,,106403840,116162048,9758208
Coutrot_db1/clip21,Coutrot_db1,random_k16_seed2026090911,batch16,6,,106403840,116162048,9758208
Coutrot_db1/clip21,Coutrot_db1,random_k16_seed2026090911,batch16,7,,106403840,116162048,9758208
Coutrot_db1/clip21,Coutrot_db1,random_k16_seed2026090911,batch16,8,,106403840,116162048,9758208
Coutrot_db1/clip21,Coutrot_db1,random_k16_seed2026090911,batch16,9,,106403840,116162048,9758208
Coutrot_db1/clip21,Coutrot_db1,random_k16_seed2026090912,batch16,0,,106403840,116162048,9758208
Coutrot_db1/clip21,Coutrot_db1,random_k16_seed2026090912,batch16,1,,106403840,116162048,9758208
Coutrot_db1/clip21,Coutrot_db1,random_k16_seed2026090912,batch16,2,,106403840,116162048,9758208
Coutrot_db1/clip21,Coutrot_db1,random_k16_seed2026090912,batch16,3,,106403840,116162048,9758208
Coutrot_db1/clip21,Coutrot_db1,random_k16_seed2026090912,batch16,4,,106403840,116162048,9758208
Coutrot_db1/clip21,Coutrot_db1,random_k16_seed2026090912,batch16,5,,106403840,116162048,9758208
Coutrot_db1/clip21,Coutrot_db1,random_k16_seed2026090912,batch16,6,,106403840,116162048,9758208
Coutrot_db1/clip21,Coutrot_db1,random_k16_seed2026090912,batch16,7,,106403840,116162048,9758208
Coutrot_db1/clip21,Coutrot_db1,random_k16_seed2026090912,batch16,8,,106403840,116162048,9758208
Coutrot_db1/clip21,Coutrot_db1,random_k16_seed2026090912,batch16,9,,106403840,116162048,9758208
Coutrot_db1/clip21,Coutrot_db1,random_k16_seed2026090913,batch16,0,,106403840,116162048,9758208
Coutrot_db1/clip21,Coutrot_db1,random_k16_seed2026090913,batch16,1,,106403840,116162048,9758208
Coutrot_db1/clip21,Coutrot_db1,random_k16_seed2026090913,batch16,2,,106403840,116162048,9758208
Coutrot_db1/clip21,Coutrot_db1,random_k16_seed2026090913,batch16,3,,106403840,116162048,9758208
Coutrot_db1/clip21,Coutrot_db1,random_k16_seed2026090913,batch16,4,,106403840,116162048,9758208
Coutrot_db1/clip21,Coutrot_db1,random_k16_seed2026090913,batch16,5,,106403840,116162048,9758208
Coutrot_db1/clip21,Coutrot_db1,random_k16_seed2026090913,batch16,6,,106403840,116162048,9758208
Coutrot_db1/clip21,Coutrot_db1,random_k16_seed2026090913,batch16,7,,106403840,116162048,9758208
Coutrot_db1/clip21,Coutrot_db1,random_k16_seed2026090913,batch16,8,,106403840,116162048,9758208
Coutrot_db1/clip21,Coutrot_db1,random_k16_seed2026090913,batch16,9,,106403840,116162048,9758208
Coutrot_db1/clip21,Coutrot_db1,random_k16_seed2026090914,batch16,0,,106403840,116162048,9758208
Coutrot_db1/clip21,Coutrot_db1,random_k16_seed2026090914,batch16,1,,106403840,116162048,9758208
Coutrot_db1/clip21,Coutrot_db1,random_k16_seed2026090914,batch16,2,,106403840,116162048,9758208
Coutrot_db1/clip21,Coutrot_db1,random_k16_seed2026090914,batch16,3,,106403840,116162048,9758208
Coutrot_db1/clip21,Coutrot_db1,random_k16_seed2026090914,batch16,4,,106403840,116162048,9758208
Coutrot_db1/clip21,Coutrot_db1,random_k16_seed2026090914,batch16,5,,106403840,116162048,9758208
Coutrot_db1/clip21,Coutrot_db1,random_k16_seed2026090914,batch16,6,,106403840,116162048,9758208
Coutrot_db1/clip21,Coutrot_db1,random_k16_seed2026090914,batch16,7,,106403840,116162048,9758208
Coutrot_db1/clip21,Coutrot_db1,random_k16_seed2026090914,batch16,8,,106403840,116162048,9758208
Coutrot_db1/clip21,Coutrot_db1,random_k16_seed2026090914,batch16,9,,106403840,116162048,9758208
Coutrot_db1/clip21,Coutrot_db1,random_k16_seed2026090915,batch16,0,,106403840,116162048,9758208
Coutrot_db1/clip21,Coutrot_db1,random_k16_seed2026090915,batch16,1,,106403840,116162048,9758208
Coutrot_db1/clip21,Coutrot_db1,random_k16_seed2026090915,batch16,2,,106403840,116162048,9758208
Coutrot_db1/clip21,Coutrot_db1,random_k16_seed2026090915,batch16,3,,106403840,116162048,9758208
Coutrot_db1/clip21,Coutrot_db1,random_k16_seed2026090915,batch16,4,,106403840,116162048,9758208
Coutrot_db1/clip21,Coutrot_db1,random_k16_seed2026090915,batch16,5,,106403840,116162048,9758208
Coutrot_db1/clip21,Coutrot_db1,random_k16_seed2026090915,batch16,6,,106403840,116162048,9758208
Coutrot_db1/clip21,Coutrot_db1,random_k16_seed2026090915,batch16,7,,106403840,116162048,9758208
Coutrot_db1/clip21,Coutrot_db1,random_k16_seed2026090915,batch16,8,,106403840,116162048,9758208
Coutrot_db1/clip21,Coutrot_db1,random_k16_seed2026090915,batch16,9,,106403840,116162048,9758208
Coutrot_db1/clip21,Coutrot_db1,policy:human_k16_seed440826,batch16,0,,106403840,116162048,9758208
Coutrot_db1/clip21,Coutrot_db1,policy:human_k16_seed440826,batch16,1,,106403840,116162048,9758208
Coutrot_db1/clip21,Coutrot_db1,policy:human_k16_seed440826,batch16,2,,106403840,116162048,9758208
Coutrot_db1/clip21,Coutrot_db1,policy:human_k16_seed440826,batch16,3,,106403840,116162048,9758208
Coutrot_db1/clip21,Coutrot_db1,policy:human_k16_seed440826,batch16,4,,106403840,116162048,9758208
Coutrot_db1/clip21,Coutrot_db1,policy:human_k16_seed440826,batch16,5,,106403840,116162048,9758208
Coutrot_db1/clip21,Coutrot_db1,policy:human_k16_seed440826,batch16,6,,106403840,116162048,9758208
Coutrot_db1/clip21,Coutrot_db1,policy:human_k16_seed440826,batch16,7,,106403840,116162048,9758208
Coutrot_db1/clip21,Coutrot_db1,policy:human_k16_seed440826,batch16,8,,106403840,116162048,9758208
Coutrot_db1/clip21,Coutrot_db1,policy:human_k16_seed440826,batch16,9,,106403840,116162048,9758208
Coutrot_db1/clip21,Coutrot_db1,policy:human_k16_seed440827,batch16,0,,106403840,116162048,9758208
Coutrot_db1/clip21,Coutrot_db1,policy:human_k16_seed440827,batch16,1,,106403840,116162048,9758208
Coutrot_db1/clip21,Coutrot_db1,policy:human_k16_seed440827,batch16,2,,106403840,116162048,9758208
Coutrot_db1/clip21,Coutrot_db1,policy:human_k16_seed440827,batch16,3,,106403840,116162048,9758208
Coutrot_db1/clip21,Coutrot_db1,policy:human_k16_seed440827,batch16,4,,106403840,116162048,9758208
Coutrot_db1/clip21,Coutrot_db1,policy:human_k16_seed440827,batch16,5,,106403840,116162048,9758208
Coutrot_db1/clip21,Coutrot_db1,policy:human_k16_seed440827,batch16,6,,106403840,116162048,9758208
Coutrot_db1/clip21,Coutrot_db1,policy:human_k16_seed440827,batch16,7,,106403840,116162048,9758208
Coutrot_db1/clip21,Coutrot_db1,policy:human_k16_seed440827,batch16,8,,106403840,116162048,9758208
Coutrot_db1/clip21,Coutrot_db1,policy:human_k16_seed440827,batch16,9,,106403840,116162048,9758208
Coutrot_db1/clip21,Coutrot_db1,policy:human_k16_seed440828,batch16,0,,106403840,116162048,9758208
Coutrot_db1/clip21,Coutrot_db1,policy:human_k16_seed440828,batch16,1,,106403840,116162048,9758208
Coutrot_db1/clip21,Coutrot_db1,policy:human_k16_seed440828,batch16,2,,106403840,116162048,9758208
Coutrot_db1/clip21,Coutrot_db1,policy:human_k16_seed440828,batch16,3,,106403840,116162048,9758208
Coutrot_db1/clip21,Coutrot_db1,policy:human_k16_seed440828,batch16,4,,106403840,116162048,9758208
Coutrot_db1/clip21,Coutrot_db1,policy:human_k16_seed440828,batch16,5,,106403840,116162048,9758208
Coutrot_db1/clip21,Coutrot_db1,policy:human_k16_seed440828,batch16,6,,106403840,116162048,9758208
Coutrot_db1/clip21,Coutrot_db1,policy:human_k16_seed440828,batch16,7,,106403840,116162048,9758208
Coutrot_db1/clip21,Coutrot_db1,policy:human_k16_seed440828,batch16,8,,106403840,116162048,9758208
Coutrot_db1/clip21,Coutrot_db1,policy:human_k16_seed440828,batch16,9,,106403840,116162048,9758208
Coutrot_db1/clip21,Coutrot_db1,policy:human_k16_seed440829,batch16,0,,106403840,116162048,9758208
Coutrot_db1/clip21,Coutrot_db1,policy:human_k16_seed440829,batch16,1,,106403840,116162048,9758208
Coutrot_db1/clip21,Coutrot_db1,policy:human_k16_seed440829,batch16,2,,106403840,116162048,9758208
Coutrot_db1/clip21,Coutrot_db1,policy:human_k16_seed440829,batch16,3,,106403840,116162048,9758208
Coutrot_db1/clip21,Coutrot_db1,policy:human_k16_seed440829,batch16,4,,106403840,116162048,9758208
Coutrot_db1/clip21,Coutrot_db1,policy:human_k16_seed440829,batch16,5,,106403840,116162048,9758208
Coutrot_db1/clip21,Coutrot_db1,policy:human_k16_seed440829,batch16,6,,106403840,116162048,9758208
Coutrot_db1/clip21,Coutrot_db1,policy:human_k16_seed440829,batch16,7,,106403840,116162048,9758208
Coutrot_db1/clip21,Coutrot_db1,policy:human_k16_seed440829,batch16,8,,106403840,116162048,9758208
Coutrot_db1/clip21,Coutrot_db1,policy:human_k16_seed440829,batch16,9,,106403840,116162048,9758208
Coutrot_db1/clip21,Coutrot_db1,policy:human_k16_seed440830,batch16,0,,106403840,116162048,9758208
Coutrot_db1/clip21,Coutrot_db1,policy:human_k16_seed440830,batch16,1,,106403840,116162048,9758208
Coutrot_db1/clip21,Coutrot_db1,policy:human_k16_seed440830,batch16,2,,106403840,116162048,9758208
Coutrot_db1/clip21,Coutrot_db1,policy:human_k16_seed440830,batch16,3,,106403840,116162048,9758208
Coutrot_db1/clip21,Coutrot_db1,policy:human_k16_seed440830,batch16,4,,106403840,116162048,9758208
Coutrot_db1/clip21,Coutrot_db1,policy:human_k16_seed440830,batch16,5,,106403840,116162048,9758208
Coutrot_db1/clip21,Coutrot_db1,policy:human_k16_seed440830,batch16,6,,106403840,116162048,9758208
Coutrot_db1/clip21,Coutrot_db1,policy:human_k16_seed440830,batch16,7,,106403840,116162048,9758208
Coutrot_db1/clip21,Coutrot_db1,policy:human_k16_seed440830,batch16,8,,106403840,116162048,9758208
Coutrot_db1/clip21,Coutrot_db1,policy:human_k16_seed440830,batch16,9,,106403840,116162048,9758208
Coutrot_db1/clip21,Coutrot_db1,policy:human_k16_seed440831,batch16,0,,106403840,116162048,9758208
Coutrot_db1/clip21,Coutrot_db1,policy:human_k16_seed440831,batch16,1,,106403840,116162048,9758208
Coutrot_db1/clip21,Coutrot_db1,policy:human_k16_seed440831,batch16,2,,106403840,116162048,9758208
Coutrot_db1/clip21,Coutrot_db1,policy:human_k16_seed440831,batch16,3,,106403840,116162048,9758208
Coutrot_db1/clip21,Coutrot_db1,policy:human_k16_seed440831,batch16,4,,106403840,116162048,9758208
Coutrot_db1/clip21,Coutrot_db1,policy:human_k16_seed440831,batch16,5,,106403840,116162048,9758208
Coutrot_db1/clip21,Coutrot_db1,policy:human_k16_seed440831,batch16,6,,106403840,116162048,9758208
Coutrot_db1/clip21,Coutrot_db1,policy:human_k16_seed440831,batch16,7,,106403840,116162048,9758208
Coutrot_db1/clip21,Coutrot_db1,policy:human_k16_seed440831,batch16,8,,106403840,116162048,9758208
Coutrot_db1/clip21,Coutrot_db1,policy:human_k16_seed440831,batch16,9,,106403840,116162048,9758208
Coutrot_db1/clip21,Coutrot_db1,policy:pretrained_k16,batch16,0,,106403840,116162048,9758208
Coutrot_db1/clip21,Coutrot_db1,policy:pretrained_k16,batch16,1,,106403840,116162048,9758208
Coutrot_db1/clip21,Coutrot_db1,policy:pretrained_k16,batch16,2,,106403840,116162048,9758208
Coutrot_db1/clip21,Coutrot_db1,policy:pretrained_k16,batch16,3,,106403840,116162048,9758208
Coutrot_db1/clip21,Coutrot_db1,policy:pretrained_k16,batch16,4,,106403840,116162048,9758208
Coutrot_db1/clip21,Coutrot_db1,policy:pretrained_k16,batch16,5,,106403840,116162048,9758208
Coutrot_db1/clip21,Coutrot_db1,policy:pretrained_k16,batch16,6,,106403840,116162048,9758208
Coutrot_db1/clip21,Coutrot_db1,policy:pretrained_k16,batch16,7,,106403840,116162048,9758208
Coutrot_db1/clip21,Coutrot_db1,policy:pretrained_k16,batch16,8,,106403840,116162048,9758208
Coutrot_db1/clip21,Coutrot_db1,policy:pretrained_k16,batch16,9,,106403840,116162048,9758208
Coutrot_db1/clip21,Coutrot_db1,tome_r5,batch16,0,,106403840,176946176,70542336
Coutrot_db1/clip21,Coutrot_db1,tome_r5,batch16,1,,106403840,176946176,70542336
Coutrot_db1/clip21,Coutrot_db1,tome_r5,batch16,2,,106403840,176946176,70542336
Coutrot_db1/clip21,Coutrot_db1,tome_r5,batch16,3,,106403840,176946176,70542336
Coutrot_db1/clip21,Coutrot_db1,tome_r5,batch16,4,,106403840,176946176,70542336
Coutrot_db1/clip21,Coutrot_db1,tome_r5,batch16,5,,106403840,176946176,70542336
Coutrot_db1/clip21,Coutrot_db1,tome_r5,batch16,6,,106403840,176946176,70542336
Coutrot_db1/clip21,Coutrot_db1,tome_r5,batch16,7,,106403840,176946176,70542336
Coutrot_db1/clip21,Coutrot_db1,tome_r5,batch16,8,,106403840,176946176,70542336
Coutrot_db1/clip21,Coutrot_db1,tome_r5,batch16,9,,106403840,176946176,70542336
Coutrot_db1/clip21,Coutrot_db1,tome_r10,batch16,0,,106403840,174220288,67816448
Coutrot_db1/clip21,Coutrot_db1,tome_r10,batch16,1,,106403840,174220288,67816448
Coutrot_db1/clip21,Coutrot_db1,tome_r10,batch16,2,,106403840,174220288,67816448
Coutrot_db1/clip21,Coutrot_db1,tome_r10,batch16,3,,106403840,174220288,67816448
Coutrot_db1/clip21,Coutrot_db1,tome_r10,batch16,4,,106403840,174220288,67816448
Coutrot_db1/clip21,Coutrot_db1,tome_r10,batch16,5,,106403840,174220288,67816448
Coutrot_db1/clip21,Coutrot_db1,tome_r10,batch16,6,,106403840,174220288,67816448
Coutrot_db1/clip21,Coutrot_db1,tome_r10,batch16,7,,106403840,174220288,67816448
Coutrot_db1/clip21,Coutrot_db1,tome_r10,batch16,8,,106403840,174220288,67816448
Coutrot_db1/clip21,Coutrot_db1,tome_r10,batch16,9,,106403840,174220288,67816448
Coutrot_db1/clip21,Coutrot_db1,tome_r15,batch16,0,,106403840,171617280,65213440
Coutrot_db1/clip21,Coutrot_db1,tome_r15,batch16,1,,106403840,171617280,65213440
Coutrot_db1/clip21,Coutrot_db1,tome_r15,batch16,2,,106403840,171617280,65213440
Coutrot_db1/clip21,Coutrot_db1,tome_r15,batch16,3,,106403840,171617280,65213440
Coutrot_db1/clip21,Coutrot_db1,tome_r15,batch16,4,,106403840,171617280,65213440
Coutrot_db1/clip21,Coutrot_db1,tome_r15,batch16,5,,106403840,171617280,65213440
Coutrot_db1/clip21,Coutrot_db1,tome_r15,batch16,6,,106403840,171617280,65213440
Coutrot_db1/clip21,Coutrot_db1,tome_r15,batch16,7,,106403840,171617280,65213440
Coutrot_db1/clip21,Coutrot_db1,tome_r15,batch16,8,,106403840,171617280,65213440
Coutrot_db1/clip21,Coutrot_db1,tome_r15,batch16,9,,106403840,171617280,65213440
Coutrot_db1/clip36,Coutrot_db1,dense,batch16,0,,106403840,165781504,59377664
Coutrot_db1/clip36,Coutrot_db1,dense,batch16,1,,106403840,165781504,59377664
Coutrot_db1/clip36,Coutrot_db1,dense,batch16,2,,106403840,165781504,59377664
Coutrot_db1/clip36,Coutrot_db1,dense,batch16,3,,106403840,165781504,59377664
Coutrot_db1/clip36,Coutrot_db1,dense,batch16,4,,106403840,165781504,59377664
Coutrot_db1/clip36,Coutrot_db1,dense,batch16,5,,106403840,165781504,59377664
Coutrot_db1/clip36,Coutrot_db1,dense,batch16,6,,106403840,165781504,59377664
Coutrot_db1/clip36,Coutrot_db1,dense,batch16,7,,106403840,165781504,59377664
Coutrot_db1/clip36,Coutrot_db1,dense,batch16,8,,106403840,165781504,59377664
Coutrot_db1/clip36,Coutrot_db1,dense,batch16,9,,106403840,165781504,59377664
Coutrot_db1/clip36,Coutrot_db1,central_k16,batch16,0,,106403840,116162048,9758208
Coutrot_db1/clip36,Coutrot_db1,central_k16,batch16,1,,106403840,116162048,9758208
Coutrot_db1/clip36,Coutrot_db1,central_k16,batch16,2,,106403840,116162048,9758208
Coutrot_db1/clip36,Coutrot_db1,central_k16,batch16,3,,106403840,116162048,9758208
Coutrot_db1/clip36,Coutrot_db1,central_k16,batch16,4,,106403840,116162048,9758208
Coutrot_db1/clip36,Coutrot_db1,central_k16,batch16,5,,106403840,116162048,9758208
Coutrot_db1/clip36,Coutrot_db1,central_k16,batch16,6,,106403840,116162048,9758208
Coutrot_db1/clip36,Coutrot_db1,central_k16,batch16,7,,106403840,116162048,9758208
Coutrot_db1/clip36,Coutrot_db1,central_k16,batch16,8,,106403840,116162048,9758208
Coutrot_db1/clip36,Coutrot_db1,central_k16,batch16,9,,106403840,116162048,9758208
Coutrot_db1/clip36,Coutrot_db1,random_k16_seed2026090900,batch16,0,,106403840,116162048,9758208
Coutrot_db1/clip36,Coutrot_db1,random_k16_seed2026090900,batch16,1,,106403840,116162048,9758208
Coutrot_db1/clip36,Coutrot_db1,random_k16_seed2026090900,batch16,2,,106403840,116162048,9758208
Coutrot_db1/clip36,Coutrot_db1,random_k16_seed2026090900,batch16,3,,106403840,116162048,9758208
Coutrot_db1/clip36,Coutrot_db1,random_k16_seed2026090900,batch16,4,,106403840,116162048,9758208
Coutrot_db1/clip36,Coutrot_db1,random_k16_seed2026090900,batch16,5,,106403840,116162048,9758208
Coutrot_db1/clip36,Coutrot_db1,random_k16_seed2026090900,batch16,6,,106403840,116162048,9758208
Coutrot_db1/clip36,Coutrot_db1,random_k16_seed2026090900,batch16,7,,106403840,116162048,9758208
Coutrot_db1/clip36,Coutrot_db1,random_k16_seed2026090900,batch16,8,,106403840,116162048,9758208
Coutrot_db1/clip36,Coutrot_db1,random_k16_seed2026090900,batch16,9,,106403840,116162048,9758208
Coutrot_db1/clip36,Coutrot_db1,random_k16_seed2026090901,batch16,0,,106403840,116162048,9758208
Coutrot_db1/clip36,Coutrot_db1,random_k16_seed2026090901,batch16,1,,106403840,116162048,9758208
Coutrot_db1/clip36,Coutrot_db1,random_k16_seed2026090901,batch16,2,,106403840,116162048,9758208
Coutrot_db1/clip36,Coutrot_db1,random_k16_seed2026090901,batch16,3,,106403840,116162048,9758208
Coutrot_db1/clip36,Coutrot_db1,random_k16_seed2026090901,batch16,4,,106403840,116162048,9758208
Coutrot_db1/clip36,Coutrot_db1,random_k16_seed2026090901,batch16,5,,106403840,116162048,9758208
Coutrot_db1/clip36,Coutrot_db1,random_k16_seed2026090901,batch16,6,,106403840,116162048,9758208
Coutrot_db1/clip36,Coutrot_db1,random_k16_seed2026090901,batch16,7,,106403840,116162048,9758208
Coutrot_db1/clip36,Coutrot_db1,random_k16_seed2026090901,batch16,8,,106403840,116162048,9758208
Coutrot_db1/clip36,Coutrot_db1,random_k16_seed2026090901,batch16,9,,106403840,116162048,9758208
Coutrot_db1/clip36,Coutrot_db1,random_k16_seed2026090902,batch16,0,,106403840,116162048,9758208
Coutrot_db1/clip36,Coutrot_db1,random_k16_seed2026090902,batch16,1,,106403840,116162048,9758208
Coutrot_db1/clip36,Coutrot_db1,random_k16_seed2026090902,batch16,2,,106403840,116162048,9758208
Coutrot_db1/clip36,Coutrot_db1,random_k16_seed2026090902,batch16,3,,106403840,116162048,9758208
Coutrot_db1/clip36,Coutrot_db1,random_k16_seed2026090902,batch16,4,,106403840,116162048,9758208
Coutrot_db1/clip36,Coutrot_db1,random_k16_seed2026090902,batch16,5,,106403840,116162048,9758208
Coutrot_db1/clip36,Coutrot_db1,random_k16_seed2026090902,batch16,6,,106403840,116162048,9758208
Coutrot_db1/clip36,Coutrot_db1,random_k16_seed2026090902,batch16,7,,106403840,116162048,9758208
Coutrot_db1/clip36,Coutrot_db1,random_k16_seed2026090902,batch16,8,,106403840,116162048,9758208
Coutrot_db1/clip36,Coutrot_db1,random_k16_seed2026090902,batch16,9,,106403840,116162048,9758208
Coutrot_db1/clip36,Coutrot_db1,random_k16_seed2026090903,batch16,0,,106403840,116162048,9758208
Coutrot_db1/clip36,Coutrot_db1,random_k16_seed2026090903,batch16,1,,106403840,116162048,9758208
Coutrot_db1/clip36,Coutrot_db1,random_k16_seed2026090903,batch16,2,,106403840,116162048,9758208
Coutrot_db1/clip36,Coutrot_db1,random_k16_seed2026090903,batch16,3,,106403840,116162048,9758208
Coutrot_db1/clip36,Coutrot_db1,random_k16_seed2026090903,batch16,4,,106403840,116162048,9758208
Coutrot_db1/clip36,Coutrot_db1,random_k16_seed2026090903,batch16,5,,106403840,116162048,9758208
Coutrot_db1/clip36,Coutrot_db1,random_k16_seed2026090903,batch16,6,,106403840,116162048,9758208
Coutrot_db1/clip36,Coutrot_db1,random_k16_seed2026090903,batch16,7,,106403840,116162048,9758208
Coutrot_db1/clip36,Coutrot_db1,random_k16_seed2026090903,batch16,8,,106403840,116162048,9758208
Coutrot_db1/clip36,Coutrot_db1,random_k16_seed2026090903,batch16,9,,106403840,116162048,9758208
Coutrot_db1/clip36,Coutrot_db1,random_k16_seed2026090904,batch16,0,,106403840,116162048,9758208
Coutrot_db1/clip36,Coutrot_db1,random_k16_seed2026090904,batch16,1,,106403840,116162048,9758208
Coutrot_db1/clip36,Coutrot_db1,random_k16_seed2026090904,batch16,2,,106403840,116162048,9758208
Coutrot_db1/clip36,Coutrot_db1,random_k16_seed2026090904,batch16,3,,106403840,116162048,9758208
Coutrot_db1/clip36,Coutrot_db1,random_k16_seed2026090904,batch16,4,,106403840,116162048,9758208
Coutrot_db1/clip36,Coutrot_db1,random_k16_seed2026090904,batch16,5,,106403840,116162048,9758208
Coutrot_db1/clip36,Coutrot_db1,random_k16_seed2026090904,batch16,6,,106403840,116162048,9758208
Coutrot_db1/clip36,Coutrot_db1,random_k16_seed2026090904,batch16,7,,106403840,116162048,9758208
Coutrot_db1/clip36,Coutrot_db1,random_k16_seed2026090904,batch16,8,,106403840,116162048,9758208
Coutrot_db1/clip36,Coutrot_db1,random_k16_seed2026090904,batch16,9,,106403840,116162048,9758208
Coutrot_db1/clip36,Coutrot_db1,random_k16_seed2026090905,batch16,0,,106403840,116162048,9758208
Coutrot_db1/clip36,Coutrot_db1,random_k16_seed2026090905,batch16,1,,106403840,116162048,9758208
Coutrot_db1/clip36,Coutrot_db1,random_k16_seed2026090905,batch16,2,,106403840,116162048,9758208
Coutrot_db1/clip36,Coutrot_db1,random_k16_seed2026090905,batch16,3,,106403840,116162048,9758208
Coutrot_db1/clip36,Coutrot_db1,random_k16_seed2026090905,batch16,4,,106403840,116162048,9758208
Coutrot_db1/clip36,Coutrot_db1,random_k16_seed2026090905,batch16,5,,106403840,116162048,9758208
Coutrot_db1/clip36,Coutrot_db1,random_k16_seed2026090905,batch16,6,,106403840,116162048,9758208
Coutrot_db1/clip36,Coutrot_db1,random_k16_seed2026090905,batch16,7,,106403840,116162048,9758208
Coutrot_db1/clip36,Coutrot_db1,random_k16_seed2026090905,batch16,8,,106403840,116162048,9758208
Coutrot_db1/clip36,Coutrot_db1,random_k16_seed2026090905,batch16,9,,106403840,116162048,9758208
Coutrot_db1/clip36,Coutrot_db1,random_k16_seed2026090906,batch16,0,,106403840,116162048,9758208
Coutrot_db1/clip36,Coutrot_db1,random_k16_seed2026090906,batch16,1,,106403840,116162048,9758208
Coutrot_db1/clip36,Coutrot_db1,random_k16_seed2026090906,batch16,2,,106403840,116162048,9758208
Coutrot_db1/clip36,Coutrot_db1,random_k16_seed2026090906,batch16,3,,106403840,116162048,9758208
Coutrot_db1/clip36,Coutrot_db1,random_k16_seed2026090906,batch16,4,,106403840,116162048,9758208
Coutrot_db1/clip36,Coutrot_db1,random_k16_seed2026090906,batch16,5,,106403840,116162048,9758208
Coutrot_db1/clip36,Coutrot_db1,random_k16_seed2026090906,batch16,6,,106403840,116162048,9758208
Coutrot_db1/clip36,Coutrot_db1,random_k16_seed2026090906,batch16,7,,106403840,116162048,9758208
Coutrot_db1/clip36,Coutrot_db1,random_k16_seed2026090906,batch16,8,,106403840,116162048,9758208
Coutrot_db1/clip36,Coutrot_db1,random_k16_seed2026090906,batch16,9,,106403840,116162048,9758208
Coutrot_db1/clip36,Coutrot_db1,random_k16_seed2026090907,batch16,0,,106403840,116162048,9758208
Coutrot_db1/clip36,Coutrot_db1,random_k16_seed2026090907,batch16,1,,106403840,116162048,9758208
Coutrot_db1/clip36,Coutrot_db1,random_k16_seed2026090907,batch16,2,,106403840,116162048,9758208
Coutrot_db1/clip36,Coutrot_db1,random_k16_seed2026090907,batch16,3,,106403840,116162048,9758208
Coutrot_db1/clip36,Coutrot_db1,random_k16_seed2026090907,batch16,4,,106403840,116162048,9758208
Coutrot_db1/clip36,Coutrot_db1,random_k16_seed2026090907,batch16,5,,106403840,116162048,9758208
Coutrot_db1/clip36,Coutrot_db1,random_k16_seed2026090907,batch16,6,,106403840,116162048,9758208
Coutrot_db1/clip36,Coutrot_db1,random_k16_seed2026090907,batch16,7,,106403840,116162048,9758208
Coutrot_db1/clip36,Coutrot_db1,random_k16_seed2026090907,batch16,8,,106403840,116162048,9758208
Coutrot_db1/clip36,Coutrot_db1,random_k16_seed2026090907,batch16,9,,106403840,116162048,9758208
Coutrot_db1/clip36,Coutrot_db1,random_k16_seed2026090908,batch16,0,,106403840,116162048,9758208
Coutrot_db1/clip36,Coutrot_db1,random_k16_seed2026090908,batch16,1,,106403840,116162048,9758208
Coutrot_db1/clip36,Coutrot_db1,random_k16_seed2026090908,batch16,2,,106403840,116162048,9758208
Coutrot_db1/clip36,Coutrot_db1,random_k16_seed2026090908,batch16,3,,106403840,116162048,9758208
Coutrot_db1/clip36,Coutrot_db1,random_k16_seed2026090908,batch16,4,,106403840,116162048,9758208
Coutrot_db1/clip36,Coutrot_db1,random_k16_seed2026090908,batch16,5,,106403840,116162048,9758208
Coutrot_db1/clip36,Coutrot_db1,random_k16_seed2026090908,batch16,6,,106403840,116162048,9758208
Coutrot_db1/clip36,Coutrot_db1,random_k16_seed2026090908,batch16,7,,106403840,116162048,9758208
Coutrot_db1/clip36,Coutrot_db1,random_k16_seed2026090908,batch16,8,,106403840,116162048,9758208
Coutrot_db1/clip36,Coutrot_db1,random_k16_seed2026090908,batch16,9,,106403840,116162048,9758208
Coutrot_db1/clip36,Coutrot_db1,random_k16_seed2026090909,batch16,0,,106403840,116162048,9758208
Coutrot_db1/clip36,Coutrot_db1,random_k16_seed2026090909,batch16,1,,106403840,116162048,9758208
Coutrot_db1/clip36,Coutrot_db1,random_k16_seed2026090909,batch16,2,,106403840,116162048,9758208
Coutrot_db1/clip36,Coutrot_db1,random_k16_seed2026090909,batch16,3,,106403840,116162048,9758208
Coutrot_db1/clip36,Coutrot_db1,random_k16_seed2026090909,batch16,4,,106403840,116162048,9758208
Coutrot_db1/clip36,Coutrot_db1,random_k16_seed2026090909,batch16,5,,106403840,116162048,9758208
Coutrot_db1/clip36,Coutrot_db1,random_k16_seed2026090909,batch16,6,,106403840,116162048,9758208
Coutrot_db1/clip36,Coutrot_db1,random_k16_seed2026090909,batch16,7,,106403840,116162048,9758208
Coutrot_db1/clip36,Coutrot_db1,random_k16_seed2026090909,batch16,8,,106403840,116162048,9758208
Coutrot_db1/clip36,Coutrot_db1,random_k16_seed2026090909,batch16,9,,106403840,116162048,9758208
Coutrot_db1/clip36,Coutrot_db1,random_k16_seed2026090910,batch16,0,,106403840,116162048,9758208
Coutrot_db1/clip36,Coutrot_db1,random_k16_seed2026090910,batch16,1,,106403840,116162048,9758208
Coutrot_db1/clip36,Coutrot_db1,random_k16_seed2026090910,batch16,2,,106403840,116162048,9758208
Coutrot_db1/clip36,Coutrot_db1,random_k16_seed2026090910,batch16,3,,106403840,116162048,9758208
Coutrot_db1/clip36,Coutrot_db1,random_k16_seed2026090910,batch16,4,,106403840,116162048,9758208
Coutrot_db1/clip36,Coutrot_db1,random_k16_seed2026090910,batch16,5,,106403840,116162048,9758208
Coutrot_db1/clip36,Coutrot_db1,random_k16_seed2026090910,batch16,6,,106403840,116162048,9758208
Coutrot_db1/clip36,Coutrot_db1,random_k16_seed2026090910,batch16,7,,106403840,116162048,9758208
Coutrot_db1/clip36,Coutrot_db1,random_k16_seed2026090910,batch16,8,,106403840,116162048,9758208
Coutrot_db1/clip36,Coutrot_db1,random_k16_seed2026090910,batch16,9,,106403840,116162048,9758208
Coutrot_db1/clip36,Coutrot_db1,random_k16_seed2026090911,batch16,0,,106403840,116162048,9758208
Coutrot_db1/clip36,Coutrot_db1,random_k16_seed2026090911,batch16,1,,106403840,116162048,9758208
Coutrot_db1/clip36,Coutrot_db1,random_k16_seed2026090911,batch16,2,,106403840,116162048,9758208
Coutrot_db1/clip36,Coutrot_db1,random_k16_seed2026090911,batch16,3,,106403840,116162048,9758208
Coutrot_db1/clip36,Coutrot_db1,random_k16_seed2026090911,batch16,4,,106403840,116162048,9758208
Coutrot_db1/clip36,Coutrot_db1,random_k16_seed2026090911,batch16,5,,106403840,116162048,9758208
Coutrot_db1/clip36,Coutrot_db1,random_k16_seed2026090911,batch16,6,,106403840,116162048,9758208
Coutrot_db1/clip36,Coutrot_db1,random_k16_seed2026090911,batch16,7,,106403840,116162048,9758208
Coutrot_db1/clip36,Coutrot_db1,random_k16_seed2026090911,batch16,8,,106403840,116162048,9758208
Coutrot_db1/clip36,Coutrot_db1,random_k16_seed2026090911,batch16,9,,106403840,116162048,9758208
Coutrot_db1/clip36,Coutrot_db1,random_k16_seed2026090912,batch16,0,,106403840,116162048,9758208
Coutrot_db1/clip36,Coutrot_db1,random_k16_seed2026090912,batch16,1,,106403840,116162048,9758208
Coutrot_db1/clip36,Coutrot_db1,random_k16_seed2026090912,batch16,2,,106403840,116162048,9758208
Coutrot_db1/clip36,Coutrot_db1,random_k16_seed2026090912,batch16,3,,106403840,116162048,9758208
Coutrot_db1/clip36,Coutrot_db1,random_k16_seed2026090912,batch16,4,,106403840,116162048,9758208
Coutrot_db1/clip36,Coutrot_db1,random_k16_seed2026090912,batch16,5,,106403840,116162048,9758208
Coutrot_db1/clip36,Coutrot_db1,random_k16_seed2026090912,batch16,6,,106403840,116162048,9758208
Coutrot_db1/clip36,Coutrot_db1,random_k16_seed2026090912,batch16,7,,106403840,116162048,9758208
Coutrot_db1/clip36,Coutrot_db1,random_k16_seed2026090912,batch16,8,,106403840,116162048,9758208
Coutrot_db1/clip36,Coutrot_db1,random_k16_seed2026090912,batch16,9,,106403840,116162048,9758208
Coutrot_db1/clip36,Coutrot_db1,random_k16_seed2026090913,batch16,0,,106403840,116162048,9758208
Coutrot_db1/clip36,Coutrot_db1,random_k16_seed2026090913,batch16,1,,106403840,116162048,9758208
Coutrot_db1/clip36,Coutrot_db1,random_k16_seed2026090913,batch16,2,,106403840,116162048,9758208
Coutrot_db1/clip36,Coutrot_db1,random_k16_seed2026090913,batch16,3,,106403840,116162048,9758208
Coutrot_db1/clip36,Coutrot_db1,random_k16_seed2026090913,batch16,4,,106403840,116162048,9758208
Coutrot_db1/clip36,Coutrot_db1,random_k16_seed2026090913,batch16,5,,106403840,116162048,9758208
Coutrot_db1/clip36,Coutrot_db1,random_k16_seed2026090913,batch16,6,,106403840,116162048,9758208
Coutrot_db1/clip36,Coutrot_db1,random_k16_seed2026090913,batch16,7,,106403840,116162048,9758208
Coutrot_db1/clip36,Coutrot_db1,random_k16_seed2026090913,batch16,8,,106403840,116162048,9758208
Coutrot_db1/clip36,Coutrot_db1,random_k16_seed2026090913,batch16,9,,106403840,116162048,9758208
Coutrot_db1/clip36,Coutrot_db1,random_k16_seed2026090914,batch16,0,,106403840,116162048,9758208
Coutrot_db1/clip36,Coutrot_db1,random_k16_seed2026090914,batch16,1,,106403840,116162048,9758208
Coutrot_db1/clip36,Coutrot_db1,random_k16_seed2026090914,batch16,2,,106403840,116162048,9758208
Coutrot_db1/clip36,Coutrot_db1,random_k16_seed2026090914,batch16,3,,106403840,116162048,9758208
Coutrot_db1/clip36,Coutrot_db1,random_k16_seed2026090914,batch16,4,,106403840,116162048,9758208
Coutrot_db1/clip36,Coutrot_db1,random_k16_seed2026090914,batch16,5,,106403840,116162048,9758208
Coutrot_db1/clip36,Coutrot_db1,random_k16_seed2026090914,batch16,6,,106403840,116162048,9758208
Coutrot_db1/clip36,Coutrot_db1,random_k16_seed2026090914,batch16,7,,106403840,116162048,9758208
Coutrot_db1/clip36,Coutrot_db1,random_k16_seed2026090914,batch16,8,,106403840,116162048,9758208
Coutrot_db1/clip36,Coutrot_db1,random_k16_seed2026090914,batch16,9,,106403840,116162048,9758208
Coutrot_db1/clip36,Coutrot_db1,random_k16_seed2026090915,batch16,0,,106403840,116162048,9758208
Coutrot_db1/clip36,Coutrot_db1,random_k16_seed2026090915,batch16,1,,106403840,116162048,9758208
Coutrot_db1/clip36,Coutrot_db1,random_k16_seed2026090915,batch16,2,,106403840,116162048,9758208
Coutrot_db1/clip36,Coutrot_db1,random_k16_seed2026090915,batch16,3,,106403840,116162048,9758208
Coutrot_db1/clip36,Coutrot_db1,random_k16_seed2026090915,batch16,4,,106403840,116162048,9758208
Coutrot_db1/clip36,Coutrot_db1,random_k16_seed2026090915,batch16,5,,106403840,116162048,9758208
Coutrot_db1/clip36,Coutrot_db1,random_k16_seed2026090915,batch16,6,,106403840,116162048,9758208
Coutrot_db1/clip36,Coutrot_db1,random_k16_seed2026090915,batch16,7,,106403840,116162048,9758208
Coutrot_db1/clip36,Coutrot_db1,random_k16_seed2026090915,batch16,8,,106403840,116162048,9758208
Coutrot_db1/clip36,Coutrot_db1,random_k16_seed2026090915,batch16,9,,106403840,116162048,9758208
Coutrot_db1/clip36,Coutrot_db1,policy:human_k16_seed440826,batch16,0,,106403840,116162048,9758208
Coutrot_db1/clip36,Coutrot_db1,policy:human_k16_seed440826,batch16,1,,106403840,116162048,9758208
Coutrot_db1/clip36,Coutrot_db1,policy:human_k16_seed440826,batch16,2,,106403840,116162048,9758208
Coutrot_db1/clip36,Coutrot_db1,policy:human_k16_seed440826,batch16,3,,106403840,116162048,9758208
Coutrot_db1/clip36,Coutrot_db1,policy:human_k16_seed440826,batch16,4,,106403840,116162048,9758208
Coutrot_db1/clip36,Coutrot_db1,policy:human_k16_seed440826,batch16,5,,106403840,116162048,9758208
Coutrot_db1/clip36,Coutrot_db1,policy:human_k16_seed440826,batch16,6,,106403840,116162048,9758208
Coutrot_db1/clip36,Coutrot_db1,policy:human_k16_seed440826,batch16,7,,106403840,116162048,9758208
Coutrot_db1/clip36,Coutrot_db1,policy:human_k16_seed440826,batch16,8,,106403840,116162048,9758208
Coutrot_db1/clip36,Coutrot_db1,policy:human_k16_seed440826,batch16,9,,106403840,116162048,9758208
Coutrot_db1/clip36,Coutrot_db1,policy:human_k16_seed440827,batch16,0,,106403840,116162048,9758208
Coutrot_db1/clip36,Coutrot_db1,policy:human_k16_seed440827,batch16,1,,106403840,116162048,9758208
Coutrot_db1/clip36,Coutrot_db1,policy:human_k16_seed440827,batch16,2,,106403840,116162048,9758208
Coutrot_db1/clip36,Coutrot_db1,policy:human_k16_seed440827,batch16,3,,106403840,116162048,9758208
Coutrot_db1/clip36,Coutrot_db1,policy:human_k16_seed440827,batch16,4,,106403840,116162048,9758208
Coutrot_db1/clip36,Coutrot_db1,policy:human_k16_seed440827,batch16,5,,106403840,116162048,9758208
Coutrot_db1/clip36,Coutrot_db1,policy:human_k16_seed440827,batch16,6,,106403840,116162048,9758208
Coutrot_db1/clip36,Coutrot_db1,policy:human_k16_seed440827,batch16,7,,106403840,116162048,9758208
Coutrot_db1/clip36,Coutrot_db1,policy:human_k16_seed440827,batch16,8,,106403840,116162048,9758208
Coutrot_db1/clip36,Coutrot_db1,policy:human_k16_seed440827,batch16,9,,106403840,116162048,9758208
Coutrot_db1/clip36,Coutrot_db1,policy:human_k16_seed440828,batch16,0,,106403840,116162048,9758208
Coutrot_db1/clip36,Coutrot_db1,policy:human_k16_seed440828,batch16,1,,106403840,116162048,9758208
Coutrot_db1/clip36,Coutrot_db1,policy:human_k16_seed440828,batch16,2,,106403840,116162048,9758208
Coutrot_db1/clip36,Coutrot_db1,policy:human_k16_seed440828,batch16,3,,106403840,116162048,9758208
Coutrot_db1/clip36,Coutrot_db1,policy:human_k16_seed440828,batch16,4,,106403840,116162048,9758208
Coutrot_db1/clip36,Coutrot_db1,policy:human_k16_seed440828,batch16,5,,106403840,116162048,9758208
Coutrot_db1/clip36,Coutrot_db1,policy:human_k16_seed440828,batch16,6,,106403840,116162048,9758208
Coutrot_db1/clip36,Coutrot_db1,policy:human_k16_seed440828,batch16,7,,106403840,116162048,9758208
Coutrot_db1/clip36,Coutrot_db1,policy:human_k16_seed440828,batch16,8,,106403840,116162048,9758208
Coutrot_db1/clip36,Coutrot_db1,policy:human_k16_seed440828,batch16,9,,106403840,116162048,9758208
Coutrot_db1/clip36,Coutrot_db1,policy:human_k16_seed440829,batch16,0,,106403840,116162048,9758208
Coutrot_db1/clip36,Coutrot_db1,policy:human_k16_seed440829,batch16,1,,106403840,116162048,9758208
Coutrot_db1/clip36,Coutrot_db1,policy:human_k16_seed440829,batch16,2,,106403840,116162048,9758208
Coutrot_db1/clip36,Coutrot_db1,policy:human_k16_seed440829,batch16,3,,106403840,116162048,9758208
Coutrot_db1/clip36,Coutrot_db1,policy:human_k16_seed440829,batch16,4,,106403840,116162048,9758208
Coutrot_db1/clip36,Coutrot_db1,policy:human_k16_seed440829,batch16,5,,106403840,116162048,9758208
Coutrot_db1/clip36,Coutrot_db1,policy:human_k16_seed440829,batch16,6,,106403840,116162048,9758208
Coutrot_db1/clip36,Coutrot_db1,policy:human_k16_seed440829,batch16,7,,106403840,116162048,9758208
Coutrot_db1/clip36,Coutrot_db1,policy:human_k16_seed440829,batch16,8,,106403840,116162048,9758208
Coutrot_db1/clip36,Coutrot_db1,policy:human_k16_seed440829,batch16,9,,106403840,116162048,9758208
Coutrot_db1/clip36,Coutrot_db1,policy:human_k16_seed440830,batch16,0,,106403840,116162048,9758208
Coutrot_db1/clip36,Coutrot_db1,policy:human_k16_seed440830,batch16,1,,106403840,116162048,9758208
Coutrot_db1/clip36,Coutrot_db1,policy:human_k16_seed440830,batch16,2,,106403840,116162048,9758208
Coutrot_db1/clip36,Coutrot_db1,policy:human_k16_seed440830,batch16,3,,106403840,116162048,9758208
Coutrot_db1/clip36,Coutrot_db1,policy:human_k16_seed440830,batch16,4,,106403840,116162048,9758208
Coutrot_db1/clip36,Coutrot_db1,policy:human_k16_seed440830,batch16,5,,106403840,116162048,9758208
Coutrot_db1/clip36,Coutrot_db1,policy:human_k16_seed440830,batch16,6,,106403840,116162048,9758208
Coutrot_db1/clip36,Coutrot_db1,policy:human_k16_seed440830,batch16,7,,106403840,116162048,9758208
Coutrot_db1/clip36,Coutrot_db1,policy:human_k16_seed440830,batch16,8,,106403840,116162048,9758208
Coutrot_db1/clip36,Coutrot_db1,policy:human_k16_seed440830,batch16,9,,106403840,116162048,9758208
Coutrot_db1/clip36,Coutrot_db1,policy:human_k16_seed440831,batch16,0,,106403840,116162048,9758208
Coutrot_db1/clip36,Coutrot_db1,policy:human_k16_seed440831,batch16,1,,106403840,116162048,9758208
Coutrot_db1/clip36,Coutrot_db1,policy:human_k16_seed440831,batch16,2,,106403840,116162048,9758208
Coutrot_db1/clip36,Coutrot_db1,policy:human_k16_seed440831,batch16,3,,106403840,116162048,9758208
Coutrot_db1/clip36,Coutrot_db1,policy:human_k16_seed440831,batch16,4,,106403840,116162048,9758208
Coutrot_db1/clip36,Coutrot_db1,policy:human_k16_seed440831,batch16,5,,106403840,116162048,9758208
Coutrot_db1/clip36,Coutrot_db1,policy:human_k16_seed440831,batch16,6,,106403840,116162048,9758208
Coutrot_db1/clip36,Coutrot_db1,policy:human_k16_seed440831,batch16,7,,106403840,116162048,9758208
Coutrot_db1/clip36,Coutrot_db1,policy:human_k16_seed440831,batch16,8,,106403840,116162048,9758208
Coutrot_db1/clip36,Coutrot_db1,policy:human_k16_seed440831,batch16,9,,106403840,116162048,9758208
Coutrot_db1/clip36,Coutrot_db1,policy:pretrained_k16,batch16,0,,106403840,116162048,9758208
Coutrot_db1/clip36,Coutrot_db1,policy:pretrained_k16,batch16,1,,106403840,116162048,9758208
Coutrot_db1/clip36,Coutrot_db1,policy:pretrained_k16,batch16,2,,106403840,116162048,9758208
Coutrot_db1/clip36,Coutrot_db1,policy:pretrained_k16,batch16,3,,106403840,116162048,9758208
Coutrot_db1/clip36,Coutrot_db1,policy:pretrained_k16,batch16,4,,106403840,116162048,9758208
Coutrot_db1/clip36,Coutrot_db1,policy:pretrained_k16,batch16,5,,106403840,116162048,9758208
Coutrot_db1/clip36,Coutrot_db1,policy:pretrained_k16,batch16,6,,106403840,116162048,9758208
Coutrot_db1/clip36,Coutrot_db1,policy:pretrained_k16,batch16,7,,106403840,116162048,9758208
Coutrot_db1/clip36,Coutrot_db1,policy:pretrained_k16,batch16,8,,106403840,116162048,9758208
Coutrot_db1/clip36,Coutrot_db1,policy:pretrained_k16,batch16,9,,106403840,116162048,9758208
Coutrot_db1/clip36,Coutrot_db1,tome_r5,batch16,0,,106403840,176946176,70542336
Coutrot_db1/clip36,Coutrot_db1,tome_r5,batch16,1,,106403840,176946176,70542336
Coutrot_db1/clip36,Coutrot_db1,tome_r5,batch16,2,,106403840,176946176,70542336
Coutrot_db1/clip36,Coutrot_db1,tome_r5,batch16,3,,106403840,176946176,70542336
Coutrot_db1/clip36,Coutrot_db1,tome_r5,batch16,4,,106403840,176946176,70542336
Coutrot_db1/clip36,Coutrot_db1,tome_r5,batch16,5,,106403840,176946176,70542336
Coutrot_db1/clip36,Coutrot_db1,tome_r5,batch16,6,,106403840,176946176,70542336
Coutrot_db1/clip36,Coutrot_db1,tome_r5,batch16,7,,106403840,176946176,70542336
Coutrot_db1/clip36,Coutrot_db1,tome_r5,batch16,8,,106403840,176946176,70542336
Coutrot_db1/clip36,Coutrot_db1,tome_r5,batch16,9,,106403840,176946176,70542336
Coutrot_db1/clip36,Coutrot_db1,tome_r10,batch16,0,,106403840,174220288,67816448
Coutrot_db1/clip36,Coutrot_db1,tome_r10,batch16,1,,106403840,174220288,67816448
Coutrot_db1/clip36,Coutrot_db1,tome_r10,batch16,2,,106403840,174220288,67816448
Coutrot_db1/clip36,Coutrot_db1,tome_r10,batch16,3,,106403840,174220288,67816448
Coutrot_db1/clip36,Coutrot_db1,tome_r10,batch16,4,,106403840,174220288,67816448
Coutrot_db1/clip36,Coutrot_db1,tome_r10,batch16,5,,106403840,174220288,67816448
Coutrot_db1/clip36,Coutrot_db1,tome_r10,batch16,6,,106403840,174220288,67816448
Coutrot_db1/clip36,Coutrot_db1,tome_r10,batch16,7,,106403840,174220288,67816448
Coutrot_db1/clip36,Coutrot_db1,tome_r10,batch16,8,,106403840,174220288,67816448
Coutrot_db1/clip36,Coutrot_db1,tome_r10,batch16,9,,106403840,174220288,67816448
Coutrot_db1/clip36,Coutrot_db1,tome_r15,batch16,0,,106403840,171617280,65213440
Coutrot_db1/clip36,Coutrot_db1,tome_r15,batch16,1,,106403840,171617280,65213440
Coutrot_db1/clip36,Coutrot_db1,tome_r15,batch16,2,,106403840,171617280,65213440
Coutrot_db1/clip36,Coutrot_db1,tome_r15,batch16,3,,106403840,171617280,65213440
Coutrot_db1/clip36,Coutrot_db1,tome_r15,batch16,4,,106403840,171617280,65213440
Coutrot_db1/clip36,Coutrot_db1,tome_r15,batch16,5,,106403840,171617280,65213440
Coutrot_db1/clip36,Coutrot_db1,tome_r15,batch16,6,,106403840,171617280,65213440
Coutrot_db1/clip36,Coutrot_db1,tome_r15,batch16,7,,106403840,171617280,65213440
Coutrot_db1/clip36,Coutrot_db1,tome_r15,batch16,8,,106403840,171617280,65213440
Coutrot_db1/clip36,Coutrot_db1,tome_r15,batch16,9,,106403840,171617280,65213440
Coutrot_db2/clip12,Coutrot_db2,dense,batch16,0,,106403840,165781504,59377664
Coutrot_db2/clip12,Coutrot_db2,dense,batch16,1,,106403840,165781504,59377664
Coutrot_db2/clip12,Coutrot_db2,dense,batch16,2,,106403840,165781504,59377664
Coutrot_db2/clip12,Coutrot_db2,dense,batch16,3,,106403840,165781504,59377664
Coutrot_db2/clip12,Coutrot_db2,dense,batch16,4,,106403840,165781504,59377664
Coutrot_db2/clip12,Coutrot_db2,dense,batch16,5,,106403840,165781504,59377664
Coutrot_db2/clip12,Coutrot_db2,dense,batch16,6,,106403840,165781504,59377664
Coutrot_db2/clip12,Coutrot_db2,dense,batch16,7,,106403840,165781504,59377664
Coutrot_db2/clip12,Coutrot_db2,dense,batch16,8,,106403840,165781504,59377664
Coutrot_db2/clip12,Coutrot_db2,dense,batch16,9,,106403840,165781504,59377664
Coutrot_db2/clip12,Coutrot_db2,central_k16,batch16,0,,106403840,116162048,9758208
Coutrot_db2/clip12,Coutrot_db2,central_k16,batch16,1,,106403840,116162048,9758208
Coutrot_db2/clip12,Coutrot_db2,central_k16,batch16,2,,106403840,116162048,9758208
Coutrot_db2/clip12,Coutrot_db2,central_k16,batch16,3,,106403840,116162048,9758208
Coutrot_db2/clip12,Coutrot_db2,central_k16,batch16,4,,106403840,116162048,9758208
Coutrot_db2/clip12,Coutrot_db2,central_k16,batch16,5,,106403840,116162048,9758208
Coutrot_db2/clip12,Coutrot_db2,central_k16,batch16,6,,106403840,116162048,9758208
Coutrot_db2/clip12,Coutrot_db2,central_k16,batch16,7,,106403840,116162048,9758208
Coutrot_db2/clip12,Coutrot_db2,central_k16,batch16,8,,106403840,116162048,9758208
Coutrot_db2/clip12,Coutrot_db2,central_k16,batch16,9,,106403840,116162048,9758208
Coutrot_db2/clip12,Coutrot_db2,random_k16_seed2026090900,batch16,0,,106403840,116162048,9758208
Coutrot_db2/clip12,Coutrot_db2,random_k16_seed2026090900,batch16,1,,106403840,116162048,9758208
Coutrot_db2/clip12,Coutrot_db2,random_k16_seed2026090900,batch16,2,,106403840,116162048,9758208
Coutrot_db2/clip12,Coutrot_db2,random_k16_seed2026090900,batch16,3,,106403840,116162048,9758208
Coutrot_db2/clip12,Coutrot_db2,random_k16_seed2026090900,batch16,4,,106403840,116162048,9758208
Coutrot_db2/clip12,Coutrot_db2,random_k16_seed2026090900,batch16,5,,106403840,116162048,9758208
Coutrot_db2/clip12,Coutrot_db2,random_k16_seed2026090900,batch16,6,,106403840,116162048,9758208
Coutrot_db2/clip12,Coutrot_db2,random_k16_seed2026090900,batch16,7,,106403840,116162048,9758208
Coutrot_db2/clip12,Coutrot_db2,random_k16_seed2026090900,batch16,8,,106403840,116162048,9758208
Coutrot_db2/clip12,Coutrot_db2,random_k16_seed2026090900,batch16,9,,106403840,116162048,9758208
Coutrot_db2/clip12,Coutrot_db2,random_k16_seed2026090901,batch16,0,,106403840,116162048,9758208
Coutrot_db2/clip12,Coutrot_db2,random_k16_seed2026090901,batch16,1,,106403840,116162048,9758208
Coutrot_db2/clip12,Coutrot_db2,random_k16_seed2026090901,batch16,2,,106403840,116162048,9758208
Coutrot_db2/clip12,Coutrot_db2,random_k16_seed2026090901,batch16,3,,106403840,116162048,9758208
Coutrot_db2/clip12,Coutrot_db2,random_k16_seed2026090901,batch16,4,,106403840,116162048,9758208
Coutrot_db2/clip12,Coutrot_db2,random_k16_seed2026090901,batch16,5,,106403840,116162048,9758208
Coutrot_db2/clip12,Coutrot_db2,random_k16_seed2026090901,batch16,6,,106403840,116162048,9758208
Coutrot_db2/clip12,Coutrot_db2,random_k16_seed2026090901,batch16,7,,106403840,116162048,9758208
Coutrot_db2/clip12,Coutrot_db2,random_k16_seed2026090901,batch16,8,,106403840,116162048,9758208
Coutrot_db2/clip12,Coutrot_db2,random_k16_seed2026090901,batch16,9,,106403840,116162048,9758208
Coutrot_db2/clip12,Coutrot_db2,random_k16_seed2026090902,batch16,0,,106403840,116162048,9758208
Coutrot_db2/clip12,Coutrot_db2,random_k16_seed2026090902,batch16,1,,106403840,116162048,9758208
Coutrot_db2/clip12,Coutrot_db2,random_k16_seed2026090902,batch16,2,,106403840,116162048,9758208
Coutrot_db2/clip12,Coutrot_db2,random_k16_seed2026090902,batch16,3,,106403840,116162048,9758208
Coutrot_db2/clip12,Coutrot_db2,random_k16_seed2026090902,batch16,4,,106403840,116162048,9758208
Coutrot_db2/clip12,Coutrot_db2,random_k16_seed2026090902,batch16,5,,106403840,116162048,9758208
Coutrot_db2/clip12,Coutrot_db2,random_k16_seed2026090902,batch16,6,,106403840,116162048,9758208
Coutrot_db2/clip12,Coutrot_db2,random_k16_seed2026090902,batch16,7,,106403840,116162048,9758208
Coutrot_db2/clip12,Coutrot_db2,random_k16_seed2026090902,batch16,8,,106403840,116162048,9758208
Coutrot_db2/clip12,Coutrot_db2,random_k16_seed2026090902,batch16,9,,106403840,116162048,9758208
Coutrot_db2/clip12,Coutrot_db2,random_k16_seed2026090903,batch16,0,,106403840,116162048,9758208
Coutrot_db2/clip12,Coutrot_db2,random_k16_seed2026090903,batch16,1,,106403840,116162048,9758208
Coutrot_db2/clip12,Coutrot_db2,random_k16_seed2026090903,batch16,2,,106403840,116162048,9758208
Coutrot_db2/clip12,Coutrot_db2,random_k16_seed2026090903,batch16,3,,106403840,116162048,9758208
Coutrot_db2/clip12,Coutrot_db2,random_k16_seed2026090903,batch16,4,,106403840,116162048,9758208
Coutrot_db2/clip12,Coutrot_db2,random_k16_seed2026090903,batch16,5,,106403840,116162048,9758208
Coutrot_db2/clip12,Coutrot_db2,random_k16_seed2026090903,batch16,6,,106403840,116162048,9758208
Coutrot_db2/clip12,Coutrot_db2,random_k16_seed2026090903,batch16,7,,106403840,116162048,9758208
Coutrot_db2/clip12,Coutrot_db2,random_k16_seed2026090903,batch16,8,,106403840,116162048,9758208
Coutrot_db2/clip12,Coutrot_db2,random_k16_seed2026090903,batch16,9,,106403840,116162048,9758208
Coutrot_db2/clip12,Coutrot_db2,random_k16_seed2026090904,batch16,0,,106403840,116162048,9758208
Coutrot_db2/clip12,Coutrot_db2,random_k16_seed2026090904,batch16,1,,106403840,116162048,9758208
Coutrot_db2/clip12,Coutrot_db2,random_k16_seed2026090904,batch16,2,,106403840,116162048,9758208
Coutrot_db2/clip12,Coutrot_db2,random_k16_seed2026090904,batch16,3,,106403840,116162048,9758208
Coutrot_db2/clip12,Coutrot_db2,random_k16_seed2026090904,batch16,4,,106403840,116162048,9758208
Coutrot_db2/clip12,Coutrot_db2,random_k16_seed2026090904,batch16,5,,106403840,116162048,9758208
Coutrot_db2/clip12,Coutrot_db2,random_k16_seed2026090904,batch16,6,,106403840,116162048,9758208
Coutrot_db2/clip12,Coutrot_db2,random_k16_seed2026090904,batch16,7,,106403840,116162048,9758208
Coutrot_db2/clip12,Coutrot_db2,random_k16_seed2026090904,batch16,8,,106403840,116162048,9758208
Coutrot_db2/clip12,Coutrot_db2,random_k16_seed2026090904,batch16,9,,106403840,116162048,9758208
Coutrot_db2/clip12,Coutrot_db2,random_k16_seed2026090905,batch16,0,,106403840,116162048,9758208
Coutrot_db2/clip12,Coutrot_db2,random_k16_seed2026090905,batch16,1,,106403840,116162048,9758208
Coutrot_db2/clip12,Coutrot_db2,random_k16_seed2026090905,batch16,2,,106403840,116162048,9758208
Coutrot_db2/clip12,Coutrot_db2,random_k16_seed2026090905,batch16,3,,106403840,116162048,9758208
Coutrot_db2/clip12,Coutrot_db2,random_k16_seed2026090905,batch16,4,,106403840,116162048,9758208
Coutrot_db2/clip12,Coutrot_db2,random_k16_seed2026090905,batch16,5,,106403840,116162048,9758208
Coutrot_db2/clip12,Coutrot_db2,random_k16_seed2026090905,batch16,6,,106403840,116162048,9758208
Coutrot_db2/clip12,Coutrot_db2,random_k16_seed2026090905,batch16,7,,106403840,116162048,9758208
Coutrot_db2/clip12,Coutrot_db2,random_k16_seed2026090905,batch16,8,,106403840,116162048,9758208
Coutrot_db2/clip12,Coutrot_db2,random_k16_seed2026090905,batch16,9,,106403840,116162048,9758208
Coutrot_db2/clip12,Coutrot_db2,random_k16_seed2026090906,batch16,0,,106403840,116162048,9758208
Coutrot_db2/clip12,Coutrot_db2,random_k16_seed2026090906,batch16,1,,106403840,116162048,9758208
Coutrot_db2/clip12,Coutrot_db2,random_k16_seed2026090906,batch16,2,,106403840,116162048,9758208
Coutrot_db2/clip12,Coutrot_db2,random_k16_seed2026090906,batch16,3,,106403840,116162048,9758208
Coutrot_db2/clip12,Coutrot_db2,random_k16_seed2026090906,batch16,4,,106403840,116162048,9758208
Coutrot_db2/clip12,Coutrot_db2,random_k16_seed2026090906,batch16,5,,106403840,116162048,9758208
Coutrot_db2/clip12,Coutrot_db2,random_k16_seed2026090906,batch16,6,,106403840,116162048,9758208
Coutrot_db2/clip12,Coutrot_db2,random_k16_seed2026090906,batch16,7,,106403840,116162048,9758208
Coutrot_db2/clip12,Coutrot_db2,random_k16_seed2026090906,batch16,8,,106403840,116162048,9758208
Coutrot_db2/clip12,Coutrot_db2,random_k16_seed2026090906,batch16,9,,106403840,116162048,9758208
Coutrot_db2/clip12,Coutrot_db2,random_k16_seed2026090907,batch16,0,,106403840,116162048,9758208
Coutrot_db2/clip12,Coutrot_db2,random_k16_seed2026090907,batch16,1,,106403840,116162048,9758208
Coutrot_db2/clip12,Coutrot_db2,random_k16_seed2026090907,batch16,2,,106403840,116162048,9758208
Coutrot_db2/clip12,Coutrot_db2,random_k16_seed2026090907,batch16,3,,106403840,116162048,9758208
Coutrot_db2/clip12,Coutrot_db2,random_k16_seed2026090907,batch16,4,,106403840,116162048,9758208
Coutrot_db2/clip12,Coutrot_db2,random_k16_seed2026090907,batch16,5,,106403840,116162048,9758208
Coutrot_db2/clip12,Coutrot_db2,random_k16_seed2026090907,batch16,6,,106403840,116162048,9758208
Coutrot_db2/clip12,Coutrot_db2,random_k16_seed2026090907,batch16,7,,106403840,116162048,9758208
Coutrot_db2/clip12,Coutrot_db2,random_k16_seed2026090907,batch16,8,,106403840,116162048,9758208
Coutrot_db2/clip12,Coutrot_db2,random_k16_seed2026090907,batch16,9,,106403840,116162048,9758208
Coutrot_db2/clip12,Coutrot_db2,random_k16_seed2026090908,batch16,0,,106403840,116162048,9758208
Coutrot_db2/clip12,Coutrot_db2,random_k16_seed2026090908,batch16,1,,106403840,116162048,9758208
Coutrot_db2/clip12,Coutrot_db2,random_k16_seed2026090908,batch16,2,,106403840,116162048,9758208
Coutrot_db2/clip12,Coutrot_db2,random_k16_seed2026090908,batch16,3,,106403840,116162048,9758208
Coutrot_db2/clip12,Coutrot_db2,random_k16_seed2026090908,batch16,4,,106403840,116162048,9758208
Coutrot_db2/clip12,Coutrot_db2,random_k16_seed2026090908,batch16,5,,106403840,116162048,9758208
Coutrot_db2/clip12,Coutrot_db2,random_k16_seed2026090908,batch16,6,,106403840,116162048,9758208
Coutrot_db2/clip12,Coutrot_db2,random_k16_seed2026090908,batch16,7,,106403840,116162048,9758208
Coutrot_db2/clip12,Coutrot_db2,random_k16_seed2026090908,batch16,8,,106403840,116162048,9758208
Coutrot_db2/clip12,Coutrot_db2,random_k16_seed2026090908,batch16,9,,106403840,116162048,9758208
Coutrot_db2/clip12,Coutrot_db2,random_k16_seed2026090909,batch16,0,,106403840,116162048,9758208
Coutrot_db2/clip12,Coutrot_db2,random_k16_seed2026090909,batch16,1,,106403840,116162048,9758208
Coutrot_db2/clip12,Coutrot_db2,random_k16_seed2026090909,batch16,2,,106403840,116162048,9758208
Coutrot_db2/clip12,Coutrot_db2,random_k16_seed2026090909,batch16,3,,106403840,116162048,9758208
Coutrot_db2/clip12,Coutrot_db2,random_k16_seed2026090909,batch16,4,,106403840,116162048,9758208
Coutrot_db2/clip12,Coutrot_db2,random_k16_seed2026090909,batch16,5,,106403840,116162048,9758208
Coutrot_db2/clip12,Coutrot_db2,random_k16_seed2026090909,batch16,6,,106403840,116162048,9758208
Coutrot_db2/clip12,Coutrot_db2,random_k16_seed2026090909,batch16,7,,106403840,116162048,9758208
Coutrot_db2/clip12,Coutrot_db2,random_k16_seed2026090909,batch16,8,,106403840,116162048,9758208
Coutrot_db2/clip12,Coutrot_db2,random_k16_seed2026090909,batch16,9,,106403840,116162048,9758208
Coutrot_db2/clip12,Coutrot_db2,random_k16_seed2026090910,batch16,0,,106403840,116162048,9758208
Coutrot_db2/clip12,Coutrot_db2,random_k16_seed2026090910,batch16,1,,106403840,116162048,9758208
Coutrot_db2/clip12,Coutrot_db2,random_k16_seed2026090910,batch16,2,,106403840,116162048,9758208
Coutrot_db2/clip12,Coutrot_db2,random_k16_seed2026090910,batch16,3,,106403840,116162048,9758208
Coutrot_db2/clip12,Coutrot_db2,random_k16_seed2026090910,batch16,4,,106403840,116162048,9758208
Coutrot_db2/clip12,Coutrot_db2,random_k16_seed2026090910,batch16,5,,106403840,116162048,9758208
Coutrot_db2/clip12,Coutrot_db2,random_k16_seed2026090910,batch16,6,,106403840,116162048,9758208
Coutrot_db2/clip12,Coutrot_db2,random_k16_seed2026090910,batch16,7,,106403840,116162048,9758208
Coutrot_db2/clip12,Coutrot_db2,random_k16_seed2026090910,batch16,8,,106403840,116162048,9758208
Coutrot_db2/clip12,Coutrot_db2,random_k16_seed2026090910,batch16,9,,106403840,116162048,9758208
Coutrot_db2/clip12,Coutrot_db2,random_k16_seed2026090911,batch16,0,,106403840,116162048,9758208
Coutrot_db2/clip12,Coutrot_db2,random_k16_seed2026090911,batch16,1,,106403840,116162048,9758208
Coutrot_db2/clip12,Coutrot_db2,random_k16_seed2026090911,batch16,2,,106403840,116162048,9758208
Coutrot_db2/clip12,Coutrot_db2,random_k16_seed2026090911,batch16,3,,106403840,116162048,9758208
Coutrot_db2/clip12,Coutrot_db2,random_k16_seed2026090911,batch16,4,,106403840,116162048,9758208
Coutrot_db2/clip12,Coutrot_db2,random_k16_seed2026090911,batch16,5,,106403840,116162048,9758208
Coutrot_db2/clip12,Coutrot_db2,random_k16_seed2026090911,batch16,6,,106403840,116162048,9758208
Coutrot_db2/clip12,Coutrot_db2,random_k16_seed2026090911,batch16,7,,106403840,116162048,9758208
Coutrot_db2/clip12,Coutrot_db2,random_k16_seed2026090911,batch16,8,,106403840,116162048,9758208
Coutrot_db2/clip12,Coutrot_db2,random_k16_seed2026090911,batch16,9,,106403840,116162048,9758208
Coutrot_db2/clip12,Coutrot_db2,random_k16_seed2026090912,batch16,0,,106403840,116162048,9758208
Coutrot_db2/clip12,Coutrot_db2,random_k16_seed2026090912,batch16,1,,106403840,116162048,9758208
Coutrot_db2/clip12,Coutrot_db2,random_k16_seed2026090912,batch16,2,,106403840,116162048,9758208
Coutrot_db2/clip12,Coutrot_db2,random_k16_seed2026090912,batch16,3,,106403840,116162048,9758208
Coutrot_db2/clip12,Coutrot_db2,random_k16_seed2026090912,batch16,4,,106403840,116162048,9758208
Coutrot_db2/clip12,Coutrot_db2,random_k16_seed2026090912,batch16,5,,106403840,116162048,9758208
Coutrot_db2/clip12,Coutrot_db2,random_k16_seed2026090912,batch16,6,,106403840,116162048,9758208
Coutrot_db2/clip12,Coutrot_db2,random_k16_seed2026090912,batch16,7,,106403840,116162048,9758208
Coutrot_db2/clip12,Coutrot_db2,random_k16_seed2026090912,batch16,8,,106403840,116162048,9758208
Coutrot_db2/clip12,Coutrot_db2,random_k16_seed2026090912,batch16,9,,106403840,116162048,9758208
Coutrot_db2/clip12,Coutrot_db2,random_k16_seed2026090913,batch16,0,,106403840,116162048,9758208
Coutrot_db2/clip12,Coutrot_db2,random_k16_seed2026090913,batch16,1,,106403840,116162048,9758208
Coutrot_db2/clip12,Coutrot_db2,random_k16_seed2026090913,batch16,2,,106403840,116162048,9758208
Coutrot_db2/clip12,Coutrot_db2,random_k16_seed2026090913,batch16,3,,106403840,116162048,9758208
Coutrot_db2/clip12,Coutrot_db2,random_k16_seed2026090913,batch16,4,,106403840,116162048,9758208
Coutrot_db2/clip12,Coutrot_db2,random_k16_seed2026090913,batch16,5,,106403840,116162048,9758208
Coutrot_db2/clip12,Coutrot_db2,random_k16_seed2026090913,batch16,6,,106403840,116162048,9758208
Coutrot_db2/clip12,Coutrot_db2,random_k16_seed2026090913,batch16,7,,106403840,116162048,9758208
Coutrot_db2/clip12,Coutrot_db2,random_k16_seed2026090913,batch16,8,,106403840,116162048,9758208
Coutrot_db2/clip12,Coutrot_db2,random_k16_seed2026090913,batch16,9,,106403840,116162048,9758208
Coutrot_db2/clip12,Coutrot_db2,random_k16_seed2026090914,batch16,0,,106403840,116162048,9758208
Coutrot_db2/clip12,Coutrot_db2,random_k16_seed2026090914,batch16,1,,106403840,116162048,9758208
Coutrot_db2/clip12,Coutrot_db2,random_k16_seed2026090914,batch16,2,,106403840,116162048,9758208
Coutrot_db2/clip12,Coutrot_db2,random_k16_seed2026090914,batch16,3,,106403840,116162048,9758208
Coutrot_db2/clip12,Coutrot_db2,random_k16_seed2026090914,batch16,4,,106403840,116162048,9758208
Coutrot_db2/clip12,Coutrot_db2,random_k16_seed2026090914,batch16,5,,106403840,116162048,9758208
Coutrot_db2/clip12,Coutrot_db2,random_k16_seed2026090914,batch16,6,,106403840,116162048,9758208
Coutrot_db2/clip12,Coutrot_db2,random_k16_seed2026090914,batch16,7,,106403840,116162048,9758208
Coutrot_db2/clip12,Coutrot_db2,random_k16_seed2026090914,batch16,8,,106403840,116162048,9758208
Coutrot_db2/clip12,Coutrot_db2,random_k16_seed2026090914,batch16,9,,106403840,116162048,9758208
Coutrot_db2/clip12,Coutrot_db2,random_k16_seed2026090915,batch16,0,,106403840,116162048,9758208
Coutrot_db2/clip12,Coutrot_db2,random_k16_seed2026090915,batch16,1,,106403840,116162048,9758208
Coutrot_db2/clip12,Coutrot_db2,random_k16_seed2026090915,batch16,2,,106403840,116162048,9758208
Coutrot_db2/clip12,Coutrot_db2,random_k16_seed2026090915,batch16,3,,106403840,116162048,9758208
Coutrot_db2/clip12,Coutrot_db2,random_k16_seed2026090915,batch16,4,,106403840,116162048,9758208
Coutrot_db2/clip12,Coutrot_db2,random_k16_seed2026090915,batch16,5,,106403840,116162048,9758208
Coutrot_db2/clip12,Coutrot_db2,random_k16_seed2026090915,batch16,6,,106403840,116162048,9758208
Coutrot_db2/clip12,Coutrot_db2,random_k16_seed2026090915,batch16,7,,106403840,116162048,9758208
Coutrot_db2/clip12,Coutrot_db2,random_k16_seed2026090915,batch16,8,,106403840,116162048,9758208
Coutrot_db2/clip12,Coutrot_db2,random_k16_seed2026090915,batch16,9,,106403840,116162048,9758208
Coutrot_db2/clip12,Coutrot_db2,policy:human_k16_seed440826,batch16,0,,106403840,116162048,9758208
Coutrot_db2/clip12,Coutrot_db2,policy:human_k16_seed440826,batch16,1,,106403840,116162048,9758208
Coutrot_db2/clip12,Coutrot_db2,policy:human_k16_seed440826,batch16,2,,106403840,116162048,9758208
Coutrot_db2/clip12,Coutrot_db2,policy:human_k16_seed440826,batch16,3,,106403840,116162048,9758208
Coutrot_db2/clip12,Coutrot_db2,policy:human_k16_seed440826,batch16,4,,106403840,116162048,9758208
Coutrot_db2/clip12,Coutrot_db2,policy:human_k16_seed440826,batch16,5,,106403840,116162048,9758208
Coutrot_db2/clip12,Coutrot_db2,policy:human_k16_seed440826,batch16,6,,106403840,116162048,9758208
Coutrot_db2/clip12,Coutrot_db2,policy:human_k16_seed440826,batch16,7,,106403840,116162048,9758208
Coutrot_db2/clip12,Coutrot_db2,policy:human_k16_seed440826,batch16,8,,106403840,116162048,9758208
Coutrot_db2/clip12,Coutrot_db2,policy:human_k16_seed440826,batch16,9,,106403840,116162048,9758208
Coutrot_db2/clip12,Coutrot_db2,policy:human_k16_seed440827,batch16,0,,106403840,116162048,9758208
Coutrot_db2/clip12,Coutrot_db2,policy:human_k16_seed440827,batch16,1,,106403840,116162048,9758208
Coutrot_db2/clip12,Coutrot_db2,policy:human_k16_seed440827,batch16,2,,106403840,116162048,9758208
Coutrot_db2/clip12,Coutrot_db2,policy:human_k16_seed440827,batch16,3,,106403840,116162048,9758208
Coutrot_db2/clip12,Coutrot_db2,policy:human_k16_seed440827,batch16,4,,106403840,116162048,9758208
Coutrot_db2/clip12,Coutrot_db2,policy:human_k16_seed440827,batch16,5,,106403840,116162048,9758208
Coutrot_db2/clip12,Coutrot_db2,policy:human_k16_seed440827,batch16,6,,106403840,116162048,9758208
Coutrot_db2/clip12,Coutrot_db2,policy:human_k16_seed440827,batch16,7,,106403840,116162048,9758208
Coutrot_db2/clip12,Coutrot_db2,policy:human_k16_seed440827,batch16,8,,106403840,116162048,9758208
Coutrot_db2/clip12,Coutrot_db2,policy:human_k16_seed440827,batch16,9,,106403840,116162048,9758208
Coutrot_db2/clip12,Coutrot_db2,policy:human_k16_seed440828,batch16,0,,106403840,116162048,9758208
Coutrot_db2/clip12,Coutrot_db2,policy:human_k16_seed440828,batch16,1,,106403840,116162048,9758208
Coutrot_db2/clip12,Coutrot_db2,policy:human_k16_seed440828,batch16,2,,106403840,116162048,9758208
Coutrot_db2/clip12,Coutrot_db2,policy:human_k16_seed440828,batch16,3,,106403840,116162048,9758208
Coutrot_db2/clip12,Coutrot_db2,policy:human_k16_seed440828,batch16,4,,106403840,116162048,9758208
Coutrot_db2/clip12,Coutrot_db2,policy:human_k16_seed440828,batch16,5,,106403840,116162048,9758208
Coutrot_db2/clip12,Coutrot_db2,policy:human_k16_seed440828,batch16,6,,106403840,116162048,9758208
Coutrot_db2/clip12,Coutrot_db2,policy:human_k16_seed440828,batch16,7,,106403840,116162048,9758208
Coutrot_db2/clip12,Coutrot_db2,policy:human_k16_seed440828,batch16,8,,106403840,116162048,9758208
Coutrot_db2/clip12,Coutrot_db2,policy:human_k16_seed440828,batch16,9,,106403840,116162048,9758208
Coutrot_db2/clip12,Coutrot_db2,policy:human_k16_seed440829,batch16,0,,106403840,116162048,9758208
Coutrot_db2/clip12,Coutrot_db2,policy:human_k16_seed440829,batch16,1,,106403840,116162048,9758208
Coutrot_db2/clip12,Coutrot_db2,policy:human_k16_seed440829,batch16,2,,106403840,116162048,9758208
Coutrot_db2/clip12,Coutrot_db2,policy:human_k16_seed440829,batch16,3,,106403840,116162048,9758208
Coutrot_db2/clip12,Coutrot_db2,policy:human_k16_seed440829,batch16,4,,106403840,116162048,9758208
Coutrot_db2/clip12,Coutrot_db2,policy:human_k16_seed440829,batch16,5,,106403840,116162048,9758208
Coutrot_db2/clip12,Coutrot_db2,policy:human_k16_seed440829,batch16,6,,106403840,116162048,9758208
Coutrot_db2/clip12,Coutrot_db2,policy:human_k16_seed440829,batch16,7,,106403840,116162048,9758208
Coutrot_db2/clip12,Coutrot_db2,policy:human_k16_seed440829,batch16,8,,106403840,116162048,9758208
Coutrot_db2/clip12,Coutrot_db2,policy:human_k16_seed440829,batch16,9,,106403840,116162048,9758208
Coutrot_db2/clip12,Coutrot_db2,policy:human_k16_seed440830,batch16,0,,106403840,116162048,9758208
Coutrot_db2/clip12,Coutrot_db2,policy:human_k16_seed440830,batch16,1,,106403840,116162048,9758208
Coutrot_db2/clip12,Coutrot_db2,policy:human_k16_seed440830,batch16,2,,106403840,116162048,9758208
Coutrot_db2/clip12,Coutrot_db2,policy:human_k16_seed440830,batch16,3,,106403840,116162048,9758208
Coutrot_db2/clip12,Coutrot_db2,policy:human_k16_seed440830,batch16,4,,106403840,116162048,9758208
Coutrot_db2/clip12,Coutrot_db2,policy:human_k16_seed440830,batch16,5,,106403840,116162048,9758208
Coutrot_db2/clip12,Coutrot_db2,policy:human_k16_seed440830,batch16,6,,106403840,116162048,9758208
Coutrot_db2/clip12,Coutrot_db2,policy:human_k16_seed440830,batch16,7,,106403840,116162048,9758208
Coutrot_db2/clip12,Coutrot_db2,policy:human_k16_seed440830,batch16,8,,106403840,116162048,9758208
Coutrot_db2/clip12,Coutrot_db2,policy:human_k16_seed440830,batch16,9,,106403840,116162048,9758208
Coutrot_db2/clip12,Coutrot_db2,policy:human_k16_seed440831,batch16,0,,106403840,116162048,9758208
Coutrot_db2/clip12,Coutrot_db2,policy:human_k16_seed440831,batch16,1,,106403840,116162048,9758208
Coutrot_db2/clip12,Coutrot_db2,policy:human_k16_seed440831,batch16,2,,106403840,116162048,9758208
Coutrot_db2/clip12,Coutrot_db2,policy:human_k16_seed440831,batch16,3,,106403840,116162048,9758208
Coutrot_db2/clip12,Coutrot_db2,policy:human_k16_seed440831,batch16,4,,106403840,116162048,9758208
Coutrot_db2/clip12,Coutrot_db2,policy:human_k16_seed440831,batch16,5,,106403840,116162048,9758208
Coutrot_db2/clip12,Coutrot_db2,policy:human_k16_seed440831,batch16,6,,106403840,116162048,9758208
Coutrot_db2/clip12,Coutrot_db2,policy:human_k16_seed440831,batch16,7,,106403840,116162048,9758208
Coutrot_db2/clip12,Coutrot_db2,policy:human_k16_seed440831,batch16,8,,106403840,116162048,9758208
Coutrot_db2/clip12,Coutrot_db2,policy:human_k16_seed440831,batch16,9,,106403840,116162048,9758208
Coutrot_db2/clip12,Coutrot_db2,policy:pretrained_k16,batch16,0,,106403840,116162048,9758208
Coutrot_db2/clip12,Coutrot_db2,policy:pretrained_k16,batch16,1,,106403840,116162048,9758208
Coutrot_db2/clip12,Coutrot_db2,policy:pretrained_k16,batch16,2,,106403840,116162048,9758208
Coutrot_db2/clip12,Coutrot_db2,policy:pretrained_k16,batch16,3,,106403840,116162048,9758208
Coutrot_db2/clip12,Coutrot_db2,policy:pretrained_k16,batch16,4,,106403840,116162048,9758208
Coutrot_db2/clip12,Coutrot_db2,policy:pretrained_k16,batch16,5,,106403840,116162048,9758208
Coutrot_db2/clip12,Coutrot_db2,policy:pretrained_k16,batch16,6,,106403840,116162048,9758208
Coutrot_db2/clip12,Coutrot_db2,policy:pretrained_k16,batch16,7,,106403840,116162048,9758208
Coutrot_db2/clip12,Coutrot_db2,policy:pretrained_k16,batch16,8,,106403840,116162048,9758208
Coutrot_db2/clip12,Coutrot_db2,policy:pretrained_k16,batch16,9,,106403840,116162048,9758208
Coutrot_db2/clip12,Coutrot_db2,tome_r5,batch16,0,,106403840,176946176,70542336
Coutrot_db2/clip12,Coutrot_db2,tome_r5,batch16,1,,106403840,176946176,70542336
Coutrot_db2/clip12,Coutrot_db2,tome_r5,batch16,2,,106403840,176946176,70542336
Coutrot_db2/clip12,Coutrot_db2,tome_r5,batch16,3,,106403840,176946176,70542336
Coutrot_db2/clip12,Coutrot_db2,tome_r5,batch16,4,,106403840,176946176,70542336
Coutrot_db2/clip12,Coutrot_db2,tome_r5,batch16,5,,106403840,176946176,70542336
Coutrot_db2/clip12,Coutrot_db2,tome_r5,batch16,6,,106403840,176946176,70542336
Coutrot_db2/clip12,Coutrot_db2,tome_r5,batch16,7,,106403840,176946176,70542336
Coutrot_db2/clip12,Coutrot_db2,tome_r5,batch16,8,,106403840,176946176,70542336
Coutrot_db2/clip12,Coutrot_db2,tome_r5,batch16,9,,106403840,176946176,70542336
Coutrot_db2/clip12,Coutrot_db2,tome_r10,batch16,0,,106403840,174220288,67816448
Coutrot_db2/clip12,Coutrot_db2,tome_r10,batch16,1,,106403840,174220288,67816448
Coutrot_db2/clip12,Coutrot_db2,tome_r10,batch16,2,,106403840,174220288,67816448
Coutrot_db2/clip12,Coutrot_db2,tome_r10,batch16,3,,106403840,174220288,67816448
Coutrot_db2/clip12,Coutrot_db2,tome_r10,batch16,4,,106403840,174220288,67816448
Coutrot_db2/clip12,Coutrot_db2,tome_r10,batch16,5,,106403840,174220288,67816448
Coutrot_db2/clip12,Coutrot_db2,tome_r10,batch16,6,,106403840,174220288,67816448
Coutrot_db2/clip12,Coutrot_db2,tome_r10,batch16,7,,106403840,174220288,67816448
Coutrot_db2/clip12,Coutrot_db2,tome_r10,batch16,8,,106403840,174220288,67816448
Coutrot_db2/clip12,Coutrot_db2,tome_r10,batch16,9,,106403840,174220288,67816448
Coutrot_db2/clip12,Coutrot_db2,tome_r15,batch16,0,,106403840,171617280,65213440
Coutrot_db2/clip12,Coutrot_db2,tome_r15,batch16,1,,106403840,171617280,65213440
Coutrot_db2/clip12,Coutrot_db2,tome_r15,batch16,2,,106403840,171617280,65213440
Coutrot_db2/clip12,Coutrot_db2,tome_r15,batch16,3,,106403840,171617280,65213440
Coutrot_db2/clip12,Coutrot_db2,tome_r15,batch16,4,,106403840,171617280,65213440
Coutrot_db2/clip12,Coutrot_db2,tome_r15,batch16,5,,106403840,171617280,65213440
Coutrot_db2/clip12,Coutrot_db2,tome_r15,batch16,6,,106403840,171617280,65213440
Coutrot_db2/clip12,Coutrot_db2,tome_r15,batch16,7,,106403840,171617280,65213440
Coutrot_db2/clip12,Coutrot_db2,tome_r15,batch16,8,,106403840,171617280,65213440
Coutrot_db2/clip12,Coutrot_db2,tome_r15,batch16,9,,106403840,171617280,65213440
Coutrot_db2/clip9,Coutrot_db2,dense,batch16,0,,106403840,165781504,59377664
Coutrot_db2/clip9,Coutrot_db2,dense,batch16,1,,106403840,165781504,59377664
Coutrot_db2/clip9,Coutrot_db2,dense,batch16,2,,106403840,165781504,59377664
Coutrot_db2/clip9,Coutrot_db2,dense,batch16,3,,106403840,165781504,59377664
Coutrot_db2/clip9,Coutrot_db2,dense,batch16,4,,106403840,165781504,59377664
Coutrot_db2/clip9,Coutrot_db2,dense,batch16,5,,106403840,165781504,59377664
Coutrot_db2/clip9,Coutrot_db2,dense,batch16,6,,106403840,165781504,59377664
Coutrot_db2/clip9,Coutrot_db2,dense,batch16,7,,106403840,165781504,59377664
Coutrot_db2/clip9,Coutrot_db2,dense,batch16,8,,106403840,165781504,59377664
Coutrot_db2/clip9,Coutrot_db2,dense,batch16,9,,106403840,165781504,59377664
Coutrot_db2/clip9,Coutrot_db2,central_k16,batch16,0,,106403840,116162048,9758208
Coutrot_db2/clip9,Coutrot_db2,central_k16,batch16,1,,106403840,116162048,9758208
Coutrot_db2/clip9,Coutrot_db2,central_k16,batch16,2,,106403840,116162048,9758208
Coutrot_db2/clip9,Coutrot_db2,central_k16,batch16,3,,106403840,116162048,9758208
Coutrot_db2/clip9,Coutrot_db2,central_k16,batch16,4,,106403840,116162048,9758208
Coutrot_db2/clip9,Coutrot_db2,central_k16,batch16,5,,106403840,116162048,9758208
Coutrot_db2/clip9,Coutrot_db2,central_k16,batch16,6,,106403840,116162048,9758208
Coutrot_db2/clip9,Coutrot_db2,central_k16,batch16,7,,106403840,116162048,9758208
Coutrot_db2/clip9,Coutrot_db2,central_k16,batch16,8,,106403840,116162048,9758208
Coutrot_db2/clip9,Coutrot_db2,central_k16,batch16,9,,106403840,116162048,9758208
Coutrot_db2/clip9,Coutrot_db2,random_k16_seed2026090900,batch16,0,,106403840,116162048,9758208
Coutrot_db2/clip9,Coutrot_db2,random_k16_seed2026090900,batch16,1,,106403840,116162048,9758208
Coutrot_db2/clip9,Coutrot_db2,random_k16_seed2026090900,batch16,2,,106403840,116162048,9758208
Coutrot_db2/clip9,Coutrot_db2,random_k16_seed2026090900,batch16,3,,106403840,116162048,9758208
Coutrot_db2/clip9,Coutrot_db2,random_k16_seed2026090900,batch16,4,,106403840,116162048,9758208
Coutrot_db2/clip9,Coutrot_db2,random_k16_seed2026090900,batch16,5,,106403840,116162048,9758208
Coutrot_db2/clip9,Coutrot_db2,random_k16_seed2026090900,batch16,6,,106403840,116162048,9758208
Coutrot_db2/clip9,Coutrot_db2,random_k16_seed2026090900,batch16,7,,106403840,116162048,9758208
Coutrot_db2/clip9,Coutrot_db2,random_k16_seed2026090900,batch16,8,,106403840,116162048,9758208
Coutrot_db2/clip9,Coutrot_db2,random_k16_seed2026090900,batch16,9,,106403840,116162048,9758208
Coutrot_db2/clip9,Coutrot_db2,random_k16_seed2026090901,batch16,0,,106403840,116162048,9758208
Coutrot_db2/clip9,Coutrot_db2,random_k16_seed2026090901,batch16,1,,106403840,116162048,9758208
Coutrot_db2/clip9,Coutrot_db2,random_k16_seed2026090901,batch16,2,,106403840,116162048,9758208
Coutrot_db2/clip9,Coutrot_db2,random_k16_seed2026090901,batch16,3,,106403840,116162048,9758208
Coutrot_db2/clip9,Coutrot_db2,random_k16_seed2026090901,batch16,4,,106403840,116162048,9758208
Coutrot_db2/clip9,Coutrot_db2,random_k16_seed2026090901,batch16,5,,106403840,116162048,9758208
Coutrot_db2/clip9,Coutrot_db2,random_k16_seed2026090901,batch16,6,,106403840,116162048,9758208
Coutrot_db2/clip9,Coutrot_db2,random_k16_seed2026090901,batch16,7,,106403840,116162048,9758208
Coutrot_db2/clip9,Coutrot_db2,random_k16_seed2026090901,batch16,8,,106403840,116162048,9758208
Coutrot_db2/clip9,Coutrot_db2,random_k16_seed2026090901,batch16,9,,106403840,116162048,9758208
Coutrot_db2/clip9,Coutrot_db2,random_k16_seed2026090902,batch16,0,,106403840,116162048,9758208
Coutrot_db2/clip9,Coutrot_db2,random_k16_seed2026090902,batch16,1,,106403840,116162048,9758208
Coutrot_db2/clip9,Coutrot_db2,random_k16_seed2026090902,batch16,2,,106403840,116162048,9758208
Coutrot_db2/clip9,Coutrot_db2,random_k16_seed2026090902,batch16,3,,106403840,116162048,9758208
Coutrot_db2/clip9,Coutrot_db2,random_k16_seed2026090902,batch16,4,,106403840,116162048,9758208
Coutrot_db2/clip9,Coutrot_db2,random_k16_seed2026090902,batch16,5,,106403840,116162048,9758208
Coutrot_db2/clip9,Coutrot_db2,random_k16_seed2026090902,batch16,6,,106403840,116162048,9758208
Coutrot_db2/clip9,Coutrot_db2,random_k16_seed2026090902,batch16,7,,106403840,116162048,9758208
Coutrot_db2/clip9,Coutrot_db2,random_k16_seed2026090902,batch16,8,,106403840,116162048,9758208
Coutrot_db2/clip9,Coutrot_db2,random_k16_seed2026090902,batch16,9,,106403840,116162048,9758208
Coutrot_db2/clip9,Coutrot_db2,random_k16_seed2026090903,batch16,0,,106403840,116162048,9758208
Coutrot_db2/clip9,Coutrot_db2,random_k16_seed2026090903,batch16,1,,106403840,116162048,9758208
Coutrot_db2/clip9,Coutrot_db2,random_k16_seed2026090903,batch16,2,,106403840,116162048,9758208
Coutrot_db2/clip9,Coutrot_db2,random_k16_seed2026090903,batch16,3,,106403840,116162048,9758208
Coutrot_db2/clip9,Coutrot_db2,random_k16_seed2026090903,batch16,4,,106403840,116162048,9758208
Coutrot_db2/clip9,Coutrot_db2,random_k16_seed2026090903,batch16,5,,106403840,116162048,9758208
Coutrot_db2/clip9,Coutrot_db2,random_k16_seed2026090903,batch16,6,,106403840,116162048,9758208
Coutrot_db2/clip9,Coutrot_db2,random_k16_seed2026090903,batch16,7,,106403840,116162048,9758208
Coutrot_db2/clip9,Coutrot_db2,random_k16_seed2026090903,batch16,8,,106403840,116162048,9758208
Coutrot_db2/clip9,Coutrot_db2,random_k16_seed2026090903,batch16,9,,106403840,116162048,9758208
Coutrot_db2/clip9,Coutrot_db2,random_k16_seed2026090904,batch16,0,,106403840,116162048,9758208
Coutrot_db2/clip9,Coutrot_db2,random_k16_seed2026090904,batch16,1,,106403840,116162048,9758208
Coutrot_db2/clip9,Coutrot_db2,random_k16_seed2026090904,batch16,2,,106403840,116162048,9758208
Coutrot_db2/clip9,Coutrot_db2,random_k16_seed2026090904,batch16,3,,106403840,116162048,9758208
Coutrot_db2/clip9,Coutrot_db2,random_k16_seed2026090904,batch16,4,,106403840,116162048,9758208
Coutrot_db2/clip9,Coutrot_db2,random_k16_seed2026090904,batch16,5,,106403840,116162048,9758208
Coutrot_db2/clip9,Coutrot_db2,random_k16_seed2026090904,batch16,6,,106403840,116162048,9758208
Coutrot_db2/clip9,Coutrot_db2,random_k16_seed2026090904,batch16,7,,106403840,116162048,9758208
Coutrot_db2/clip9,Coutrot_db2,random_k16_seed2026090904,batch16,8,,106403840,116162048,9758208
Coutrot_db2/clip9,Coutrot_db2,random_k16_seed2026090904,batch16,9,,106403840,116162048,9758208
Coutrot_db2/clip9,Coutrot_db2,random_k16_seed2026090905,batch16,0,,106403840,116162048,9758208
Coutrot_db2/clip9,Coutrot_db2,random_k16_seed2026090905,batch16,1,,106403840,116162048,9758208
Coutrot_db2/clip9,Coutrot_db2,random_k16_seed2026090905,batch16,2,,106403840,116162048,9758208
Coutrot_db2/clip9,Coutrot_db2,random_k16_seed2026090905,batch16,3,,106403840,116162048,9758208
Coutrot_db2/clip9,Coutrot_db2,random_k16_seed2026090905,batch16,4,,106403840,116162048,9758208
Coutrot_db2/clip9,Coutrot_db2,random_k16_seed2026090905,batch16,5,,106403840,116162048,9758208
Coutrot_db2/clip9,Coutrot_db2,random_k16_seed2026090905,batch16,6,,106403840,116162048,9758208
Coutrot_db2/clip9,Coutrot_db2,random_k16_seed2026090905,batch16,7,,106403840,116162048,9758208
Coutrot_db2/clip9,Coutrot_db2,random_k16_seed2026090905,batch16,8,,106403840,116162048,9758208
Coutrot_db2/clip9,Coutrot_db2,random_k16_seed2026090905,batch16,9,,106403840,116162048,9758208
Coutrot_db2/clip9,Coutrot_db2,random_k16_seed2026090906,batch16,0,,106403840,116162048,9758208
Coutrot_db2/clip9,Coutrot_db2,random_k16_seed2026090906,batch16,1,,106403840,116162048,9758208
Coutrot_db2/clip9,Coutrot_db2,random_k16_seed2026090906,batch16,2,,106403840,116162048,9758208
Coutrot_db2/clip9,Coutrot_db2,random_k16_seed2026090906,batch16,3,,106403840,116162048,9758208
Coutrot_db2/clip9,Coutrot_db2,random_k16_seed2026090906,batch16,4,,106403840,116162048,9758208
Coutrot_db2/clip9,Coutrot_db2,random_k16_seed2026090906,batch16,5,,106403840,116162048,9758208
Coutrot_db2/clip9,Coutrot_db2,random_k16_seed2026090906,batch16,6,,106403840,116162048,9758208
Coutrot_db2/clip9,Coutrot_db2,random_k16_seed2026090906,batch16,7,,106403840,116162048,9758208
Coutrot_db2/clip9,Coutrot_db2,random_k16_seed2026090906,batch16,8,,106403840,116162048,9758208
Coutrot_db2/clip9,Coutrot_db2,random_k16_seed2026090906,batch16,9,,106403840,116162048,9758208
Coutrot_db2/clip9,Coutrot_db2,random_k16_seed2026090907,batch16,0,,106403840,116162048,9758208
Coutrot_db2/clip9,Coutrot_db2,random_k16_seed2026090907,batch16,1,,106403840,116162048,9758208
Coutrot_db2/clip9,Coutrot_db2,random_k16_seed2026090907,batch16,2,,106403840,116162048,9758208
Coutrot_db2/clip9,Coutrot_db2,random_k16_seed2026090907,batch16,3,,106403840,116162048,9758208
Coutrot_db2/clip9,Coutrot_db2,random_k16_seed2026090907,batch16,4,,106403840,116162048,9758208
Coutrot_db2/clip9,Coutrot_db2,random_k16_seed2026090907,batch16,5,,106403840,116162048,9758208
Coutrot_db2/clip9,Coutrot_db2,random_k16_seed2026090907,batch16,6,,106403840,116162048,9758208
Coutrot_db2/clip9,Coutrot_db2,random_k16_seed2026090907,batch16,7,,106403840,116162048,9758208
Coutrot_db2/clip9,Coutrot_db2,random_k16_seed2026090907,batch16,8,,106403840,116162048,9758208
Coutrot_db2/clip9,Coutrot_db2,random_k16_seed2026090907,batch16,9,,106403840,116162048,9758208
Coutrot_db2/clip9,Coutrot_db2,random_k16_seed2026090908,batch16,0,,106403840,116162048,9758208
Coutrot_db2/clip9,Coutrot_db2,random_k16_seed2026090908,batch16,1,,106403840,116162048,9758208
Coutrot_db2/clip9,Coutrot_db2,random_k16_seed2026090908,batch16,2,,106403840,116162048,9758208
Coutrot_db2/clip9,Coutrot_db2,random_k16_seed2026090908,batch16,3,,106403840,116162048,9758208
Coutrot_db2/clip9,Coutrot_db2,random_k16_seed2026090908,batch16,4,,106403840,116162048,9758208
Coutrot_db2/clip9,Coutrot_db2,random_k16_seed2026090908,batch16,5,,106403840,116162048,9758208
Coutrot_db2/clip9,Coutrot_db2,random_k16_seed2026090908,batch16,6,,106403840,116162048,9758208
Coutrot_db2/clip9,Coutrot_db2,random_k16_seed2026090908,batch16,7,,106403840,116162048,9758208
Coutrot_db2/clip9,Coutrot_db2,random_k16_seed2026090908,batch16,8,,106403840,116162048,9758208
Coutrot_db2/clip9,Coutrot_db2,random_k16_seed2026090908,batch16,9,,106403840,116162048,9758208
Coutrot_db2/clip9,Coutrot_db2,random_k16_seed2026090909,batch16,0,,106403840,116162048,9758208
Coutrot_db2/clip9,Coutrot_db2,random_k16_seed2026090909,batch16,1,,106403840,116162048,9758208
Coutrot_db2/clip9,Coutrot_db2,random_k16_seed2026090909,batch16,2,,106403840,116162048,9758208
Coutrot_db2/clip9,Coutrot_db2,random_k16_seed2026090909,batch16,3,,106403840,116162048,9758208
Coutrot_db2/clip9,Coutrot_db2,random_k16_seed2026090909,batch16,4,,106403840,116162048,9758208
Coutrot_db2/clip9,Coutrot_db2,random_k16_seed2026090909,batch16,5,,106403840,116162048,9758208
Coutrot_db2/clip9,Coutrot_db2,random_k16_seed2026090909,batch16,6,,106403840,116162048,9758208
Coutrot_db2/clip9,Coutrot_db2,random_k16_seed2026090909,batch16,7,,106403840,116162048,9758208
Coutrot_db2/clip9,Coutrot_db2,random_k16_seed2026090909,batch16,8,,106403840,116162048,9758208
Coutrot_db2/clip9,Coutrot_db2,random_k16_seed2026090909,batch16,9,,106403840,116162048,9758208
Coutrot_db2/clip9,Coutrot_db2,random_k16_seed2026090910,batch16,0,,106403840,116162048,9758208
Coutrot_db2/clip9,Coutrot_db2,random_k16_seed2026090910,batch16,1,,106403840,116162048,9758208
Coutrot_db2/clip9,Coutrot_db2,random_k16_seed2026090910,batch16,2,,106403840,116162048,9758208
Coutrot_db2/clip9,Coutrot_db2,random_k16_seed2026090910,batch16,3,,106403840,116162048,9758208
Coutrot_db2/clip9,Coutrot_db2,random_k16_seed2026090910,batch16,4,,106403840,116162048,9758208
Coutrot_db2/clip9,Coutrot_db2,random_k16_seed2026090910,batch16,5,,106403840,116162048,9758208
Coutrot_db2/clip9,Coutrot_db2,random_k16_seed2026090910,batch16,6,,106403840,116162048,9758208
Coutrot_db2/clip9,Coutrot_db2,random_k16_seed2026090910,batch16,7,,106403840,116162048,9758208
Coutrot_db2/clip9,Coutrot_db2,random_k16_seed2026090910,batch16,8,,106403840,116162048,9758208
Coutrot_db2/clip9,Coutrot_db2,random_k16_seed2026090910,batch16,9,,106403840,116162048,9758208
Coutrot_db2/clip9,Coutrot_db2,random_k16_seed2026090911,batch16,0,,106403840,116162048,9758208
Coutrot_db2/clip9,Coutrot_db2,random_k16_seed2026090911,batch16,1,,106403840,116162048,9758208
Coutrot_db2/clip9,Coutrot_db2,random_k16_seed2026090911,batch16,2,,106403840,116162048,9758208
Coutrot_db2/clip9,Coutrot_db2,random_k16_seed2026090911,batch16,3,,106403840,116162048,9758208
Coutrot_db2/clip9,Coutrot_db2,random_k16_seed2026090911,batch16,4,,106403840,116162048,9758208
Coutrot_db2/clip9,Coutrot_db2,random_k16_seed2026090911,batch16,5,,106403840,116162048,9758208
Coutrot_db2/clip9,Coutrot_db2,random_k16_seed2026090911,batch16,6,,106403840,116162048,9758208
Coutrot_db2/clip9,Coutrot_db2,random_k16_seed2026090911,batch16,7,,106403840,116162048,9758208
Coutrot_db2/clip9,Coutrot_db2,random_k16_seed2026090911,batch16,8,,106403840,116162048,9758208
Coutrot_db2/clip9,Coutrot_db2,random_k16_seed2026090911,batch16,9,,106403840,116162048,9758208
Coutrot_db2/clip9,Coutrot_db2,random_k16_seed2026090912,batch16,0,,106403840,116162048,9758208
Coutrot_db2/clip9,Coutrot_db2,random_k16_seed2026090912,batch16,1,,106403840,116162048,9758208
Coutrot_db2/clip9,Coutrot_db2,random_k16_seed2026090912,batch16,2,,106403840,116162048,9758208
Coutrot_db2/clip9,Coutrot_db2,random_k16_seed2026090912,batch16,3,,106403840,116162048,9758208
Coutrot_db2/clip9,Coutrot_db2,random_k16_seed2026090912,batch16,4,,106403840,116162048,9758208
Coutrot_db2/clip9,Coutrot_db2,random_k16_seed2026090912,batch16,5,,106403840,116162048,9758208
Coutrot_db2/clip9,Coutrot_db2,random_k16_seed2026090912,batch16,6,,106403840,116162048,9758208
Coutrot_db2/clip9,Coutrot_db2,random_k16_seed2026090912,batch16,7,,106403840,116162048,9758208
Coutrot_db2/clip9,Coutrot_db2,random_k16_seed2026090912,batch16,8,,106403840,116162048,9758208
Coutrot_db2/clip9,Coutrot_db2,random_k16_seed2026090912,batch16,9,,106403840,116162048,9758208
Coutrot_db2/clip9,Coutrot_db2,random_k16_seed2026090913,batch16,0,,106403840,116162048,9758208
Coutrot_db2/clip9,Coutrot_db2,random_k16_seed2026090913,batch16,1,,106403840,116162048,9758208
Coutrot_db2/clip9,Coutrot_db2,random_k16_seed2026090913,batch16,2,,106403840,116162048,9758208
Coutrot_db2/clip9,Coutrot_db2,random_k16_seed2026090913,batch16,3,,106403840,116162048,9758208
Coutrot_db2/clip9,Coutrot_db2,random_k16_seed2026090913,batch16,4,,106403840,116162048,9758208
Coutrot_db2/clip9,Coutrot_db2,random_k16_seed2026090913,batch16,5,,106403840,116162048,9758208
Coutrot_db2/clip9,Coutrot_db2,random_k16_seed2026090913,batch16,6,,106403840,116162048,9758208
Coutrot_db2/clip9,Coutrot_db2,random_k16_seed2026090913,batch16,7,,106403840,116162048,9758208
Coutrot_db2/clip9,Coutrot_db2,random_k16_seed2026090913,batch16,8,,106403840,116162048,9758208
Coutrot_db2/clip9,Coutrot_db2,random_k16_seed2026090913,batch16,9,,106403840,116162048,9758208
Coutrot_db2/clip9,Coutrot_db2,random_k16_seed2026090914,batch16,0,,106403840,116162048,9758208
Coutrot_db2/clip9,Coutrot_db2,random_k16_seed2026090914,batch16,1,,106403840,116162048,9758208
Coutrot_db2/clip9,Coutrot_db2,random_k16_seed2026090914,batch16,2,,106403840,116162048,9758208
Coutrot_db2/clip9,Coutrot_db2,random_k16_seed2026090914,batch16,3,,106403840,116162048,9758208
Coutrot_db2/clip9,Coutrot_db2,random_k16_seed2026090914,batch16,4,,106403840,116162048,9758208
Coutrot_db2/clip9,Coutrot_db2,random_k16_seed2026090914,batch16,5,,106403840,116162048,9758208
Coutrot_db2/clip9,Coutrot_db2,random_k16_seed2026090914,batch16,6,,106403840,116162048,9758208
Coutrot_db2/clip9,Coutrot_db2,random_k16_seed2026090914,batch16,7,,106403840,116162048,9758208
Coutrot_db2/clip9,Coutrot_db2,random_k16_seed2026090914,batch16,8,,106403840,116162048,9758208
Coutrot_db2/clip9,Coutrot_db2,random_k16_seed2026090914,batch16,9,,106403840,116162048,9758208
Coutrot_db2/clip9,Coutrot_db2,random_k16_seed2026090915,batch16,0,,106403840,116162048,9758208
Coutrot_db2/clip9,Coutrot_db2,random_k16_seed2026090915,batch16,1,,106403840,116162048,9758208
Coutrot_db2/clip9,Coutrot_db2,random_k16_seed2026090915,batch16,2,,106403840,116162048,9758208
Coutrot_db2/clip9,Coutrot_db2,random_k16_seed2026090915,batch16,3,,106403840,116162048,9758208
Coutrot_db2/clip9,Coutrot_db2,random_k16_seed2026090915,batch16,4,,106403840,116162048,9758208
Coutrot_db2/clip9,Coutrot_db2,random_k16_seed2026090915,batch16,5,,106403840,116162048,9758208
Coutrot_db2/clip9,Coutrot_db2,random_k16_seed2026090915,batch16,6,,106403840,116162048,9758208
Coutrot_db2/clip9,Coutrot_db2,random_k16_seed2026090915,batch16,7,,106403840,116162048,9758208
Coutrot_db2/clip9,Coutrot_db2,random_k16_seed2026090915,batch16,8,,106403840,116162048,9758208
Coutrot_db2/clip9,Coutrot_db2,random_k16_seed2026090915,batch16,9,,106403840,116162048,9758208
Coutrot_db2/clip9,Coutrot_db2,policy:human_k16_seed440826,batch16,0,,106403840,116162048,9758208
Coutrot_db2/clip9,Coutrot_db2,policy:human_k16_seed440826,batch16,1,,106403840,116162048,9758208
Coutrot_db2/clip9,Coutrot_db2,policy:human_k16_seed440826,batch16,2,,106403840,116162048,9758208
Coutrot_db2/clip9,Coutrot_db2,policy:human_k16_seed440826,batch16,3,,106403840,116162048,9758208
Coutrot_db2/clip9,Coutrot_db2,policy:human_k16_seed440826,batch16,4,,106403840,116162048,9758208
Coutrot_db2/clip9,Coutrot_db2,policy:human_k16_seed440826,batch16,5,,106403840,116162048,9758208
Coutrot_db2/clip9,Coutrot_db2,policy:human_k16_seed440826,batch16,6,,106403840,116162048,9758208
Coutrot_db2/clip9,Coutrot_db2,policy:human_k16_seed440826,batch16,7,,106403840,116162048,9758208
Coutrot_db2/clip9,Coutrot_db2,policy:human_k16_seed440826,batch16,8,,106403840,116162048,9758208
Coutrot_db2/clip9,Coutrot_db2,policy:human_k16_seed440826,batch16,9,,106403840,116162048,9758208
Coutrot_db2/clip9,Coutrot_db2,policy:human_k16_seed440827,batch16,0,,106403840,116162048,9758208
Coutrot_db2/clip9,Coutrot_db2,policy:human_k16_seed440827,batch16,1,,106403840,116162048,9758208
Coutrot_db2/clip9,Coutrot_db2,policy:human_k16_seed440827,batch16,2,,106403840,116162048,9758208
Coutrot_db2/clip9,Coutrot_db2,policy:human_k16_seed440827,batch16,3,,106403840,116162048,9758208
Coutrot_db2/clip9,Coutrot_db2,policy:human_k16_seed440827,batch16,4,,106403840,116162048,9758208
Coutrot_db2/clip9,Coutrot_db2,policy:human_k16_seed440827,batch16,5,,106403840,116162048,9758208
Coutrot_db2/clip9,Coutrot_db2,policy:human_k16_seed440827,batch16,6,,106403840,116162048,9758208
Coutrot_db2/clip9,Coutrot_db2,policy:human_k16_seed440827,batch16,7,,106403840,116162048,9758208
Coutrot_db2/clip9,Coutrot_db2,policy:human_k16_seed440827,batch16,8,,106403840,116162048,9758208
Coutrot_db2/clip9,Coutrot_db2,policy:human_k16_seed440827,batch16,9,,106403840,116162048,9758208
Coutrot_db2/clip9,Coutrot_db2,policy:human_k16_seed440828,batch16,0,,106403840,116162048,9758208
Coutrot_db2/clip9,Coutrot_db2,policy:human_k16_seed440828,batch16,1,,106403840,116162048,9758208
Coutrot_db2/clip9,Coutrot_db2,policy:human_k16_seed440828,batch16,2,,106403840,116162048,9758208
Coutrot_db2/clip9,Coutrot_db2,policy:human_k16_seed440828,batch16,3,,106403840,116162048,9758208
Coutrot_db2/clip9,Coutrot_db2,policy:human_k16_seed440828,batch16,4,,106403840,116162048,9758208
Coutrot_db2/clip9,Coutrot_db2,policy:human_k16_seed440828,batch16,5,,106403840,116162048,9758208
Coutrot_db2/clip9,Coutrot_db2,policy:human_k16_seed440828,batch16,6,,106403840,116162048,9758208
Coutrot_db2/clip9,Coutrot_db2,policy:human_k16_seed440828,batch16,7,,106403840,116162048,9758208
Coutrot_db2/clip9,Coutrot_db2,policy:human_k16_seed440828,batch16,8,,106403840,116162048,9758208
Coutrot_db2/clip9,Coutrot_db2,policy:human_k16_seed440828,batch16,9,,106403840,116162048,9758208
Coutrot_db2/clip9,Coutrot_db2,policy:human_k16_seed440829,batch16,0,,106403840,116162048,9758208
Coutrot_db2/clip9,Coutrot_db2,policy:human_k16_seed440829,batch16,1,,106403840,116162048,9758208
Coutrot_db2/clip9,Coutrot_db2,policy:human_k16_seed440829,batch16,2,,106403840,116162048,9758208
Coutrot_db2/clip9,Coutrot_db2,policy:human_k16_seed440829,batch16,3,,106403840,116162048,9758208
Coutrot_db2/clip9,Coutrot_db2,policy:human_k16_seed440829,batch16,4,,106403840,116162048,9758208
Coutrot_db2/clip9,Coutrot_db2,policy:human_k16_seed440829,batch16,5,,106403840,116162048,9758208
Coutrot_db2/clip9,Coutrot_db2,policy:human_k16_seed440829,batch16,6,,106403840,116162048,9758208
Coutrot_db2/clip9,Coutrot_db2,policy:human_k16_seed440829,batch16,7,,106403840,116162048,9758208
Coutrot_db2/clip9,Coutrot_db2,policy:human_k16_seed440829,batch16,8,,106403840,116162048,9758208
Coutrot_db2/clip9,Coutrot_db2,policy:human_k16_seed440829,batch16,9,,106403840,116162048,9758208
Coutrot_db2/clip9,Coutrot_db2,policy:human_k16_seed440830,batch16,0,,106403840,116162048,9758208
Coutrot_db2/clip9,Coutrot_db2,policy:human_k16_seed440830,batch16,1,,106403840,116162048,9758208
Coutrot_db2/clip9,Coutrot_db2,policy:human_k16_seed440830,batch16,2,,106403840,116162048,9758208
Coutrot_db2/clip9,Coutrot_db2,policy:human_k16_seed440830,batch16,3,,106403840,116162048,9758208
Coutrot_db2/clip9,Coutrot_db2,policy:human_k16_seed440830,batch16,4,,106403840,116162048,9758208
Coutrot_db2/clip9,Coutrot_db2,policy:human_k16_seed440830,batch16,5,,106403840,116162048,9758208
Coutrot_db2/clip9,Coutrot_db2,policy:human_k16_seed440830,batch16,6,,106403840,116162048,9758208
Coutrot_db2/clip9,Coutrot_db2,policy:human_k16_seed440830,batch16,7,,106403840,116162048,9758208
Coutrot_db2/clip9,Coutrot_db2,policy:human_k16_seed440830,batch16,8,,106403840,116162048,9758208
Coutrot_db2/clip9,Coutrot_db2,policy:human_k16_seed440830,batch16,9,,106403840,116162048,9758208
Coutrot_db2/clip9,Coutrot_db2,policy:human_k16_seed440831,batch16,0,,106403840,116162048,9758208
Coutrot_db2/clip9,Coutrot_db2,policy:human_k16_seed440831,batch16,1,,106403840,116162048,9758208
Coutrot_db2/clip9,Coutrot_db2,policy:human_k16_seed440831,batch16,2,,106403840,116162048,9758208
Coutrot_db2/clip9,Coutrot_db2,policy:human_k16_seed440831,batch16,3,,106403840,116162048,9758208
Coutrot_db2/clip9,Coutrot_db2,policy:human_k16_seed440831,batch16,4,,106403840,116162048,9758208
Coutrot_db2/clip9,Coutrot_db2,policy:human_k16_seed440831,batch16,5,,106403840,116162048,9758208
Coutrot_db2/clip9,Coutrot_db2,policy:human_k16_seed440831,batch16,6,,106403840,116162048,9758208
Coutrot_db2/clip9,Coutrot_db2,policy:human_k16_seed440831,batch16,7,,106403840,116162048,9758208
Coutrot_db2/clip9,Coutrot_db2,policy:human_k16_seed440831,batch16,8,,106403840,116162048,9758208
Coutrot_db2/clip9,Coutrot_db2,policy:human_k16_seed440831,batch16,9,,106403840,116162048,9758208
Coutrot_db2/clip9,Coutrot_db2,policy:pretrained_k16,batch16,0,,106403840,116162048,9758208
Coutrot_db2/clip9,Coutrot_db2,policy:pretrained_k16,batch16,1,,106403840,116162048,9758208
Coutrot_db2/clip9,Coutrot_db2,policy:pretrained_k16,batch16,2,,106403840,116162048,9758208
Coutrot_db2/clip9,Coutrot_db2,policy:pretrained_k16,batch16,3,,106403840,116162048,9758208
Coutrot_db2/clip9,Coutrot_db2,policy:pretrained_k16,batch16,4,,106403840,116162048,9758208
Coutrot_db2/clip9,Coutrot_db2,policy:pretrained_k16,batch16,5,,106403840,116162048,9758208
Coutrot_db2/clip9,Coutrot_db2,policy:pretrained_k16,batch16,6,,106403840,116162048,9758208
Coutrot_db2/clip9,Coutrot_db2,policy:pretrained_k16,batch16,7,,106403840,116162048,9758208
Coutrot_db2/clip9,Coutrot_db2,policy:pretrained_k16,batch16,8,,106403840,116162048,9758208
Coutrot_db2/clip9,Coutrot_db2,policy:pretrained_k16,batch16,9,,106403840,116162048,9758208
Coutrot_db2/clip9,Coutrot_db2,tome_r5,batch16,0,,106403840,176946176,70542336
Coutrot_db2/clip9,Coutrot_db2,tome_r5,batch16,1,,106403840,176946176,70542336
Coutrot_db2/clip9,Coutrot_db2,tome_r5,batch16,2,,106403840,176946176,70542336
Coutrot_db2/clip9,Coutrot_db2,tome_r5,batch16,3,,106403840,176946176,70542336
Coutrot_db2/clip9,Coutrot_db2,tome_r5,batch16,4,,106403840,176946176,70542336
Coutrot_db2/clip9,Coutrot_db2,tome_r5,batch16,5,,106403840,176946176,70542336
Coutrot_db2/clip9,Coutrot_db2,tome_r5,batch16,6,,106403840,176946176,70542336
Coutrot_db2/clip9,Coutrot_db2,tome_r5,batch16,7,,106403840,176946176,70542336
Coutrot_db2/clip9,Coutrot_db2,tome_r5,batch16,8,,106403840,176946176,70542336
Coutrot_db2/clip9,Coutrot_db2,tome_r5,batch16,9,,106403840,176946176,70542336
Coutrot_db2/clip9,Coutrot_db2,tome_r10,batch16,0,,106403840,174220288,67816448
Coutrot_db2/clip9,Coutrot_db2,tome_r10,batch16,1,,106403840,174220288,67816448
Coutrot_db2/clip9,Coutrot_db2,tome_r10,batch16,2,,106403840,174220288,67816448
Coutrot_db2/clip9,Coutrot_db2,tome_r10,batch16,3,,106403840,174220288,67816448
Coutrot_db2/clip9,Coutrot_db2,tome_r10,batch16,4,,106403840,174220288,67816448
Coutrot_db2/clip9,Coutrot_db2,tome_r10,batch16,5,,106403840,174220288,67816448
Coutrot_db2/clip9,Coutrot_db2,tome_r10,batch16,6,,106403840,174220288,67816448
Coutrot_db2/clip9,Coutrot_db2,tome_r10,batch16,7,,106403840,174220288,67816448
Coutrot_db2/clip9,Coutrot_db2,tome_r10,batch16,8,,106403840,174220288,67816448
Coutrot_db2/clip9,Coutrot_db2,tome_r10,batch16,9,,106403840,174220288,67816448
Coutrot_db2/clip9,Coutrot_db2,tome_r15,batch16,0,,106403840,171617280,65213440
Coutrot_db2/clip9,Coutrot_db2,tome_r15,batch16,1,,106403840,171617280,65213440
Coutrot_db2/clip9,Coutrot_db2,tome_r15,batch16,2,,106403840,171617280,65213440
Coutrot_db2/clip9,Coutrot_db2,tome_r15,batch16,3,,106403840,171617280,65213440
Coutrot_db2/clip9,Coutrot_db2,tome_r15,batch16,4,,106403840,171617280,65213440
Coutrot_db2/clip9,Coutrot_db2,tome_r15,batch16,5,,106403840,171617280,65213440
Coutrot_db2/clip9,Coutrot_db2,tome_r15,batch16,6,,106403840,171617280,65213440
Coutrot_db2/clip9,Coutrot_db2,tome_r15,batch16,7,,106403840,171617280,65213440
Coutrot_db2/clip9,Coutrot_db2,tome_r15,batch16,8,,106403840,171617280,65213440
Coutrot_db2/clip9,Coutrot_db2,tome_r15,batch16,9,,106403840,171617280,65213440
DIEM/home_movie_Charlie_bit_my_finger_again_960x720,DIEM,dense,batch16,0,,106403840,165781504,59377664
DIEM/home_movie_Charlie_bit_my_finger_again_960x720,DIEM,dense,batch16,1,,106403840,165781504,59377664
DIEM/home_movie_Charlie_bit_my_finger_again_960x720,DIEM,dense,batch16,2,,106403840,165781504,59377664
DIEM/home_movie_Charlie_bit_my_finger_again_960x720,DIEM,dense,batch16,3,,106403840,165781504,59377664
DIEM/home_movie_Charlie_bit_my_finger_again_960x720,DIEM,dense,batch16,4,,106403840,165781504,59377664
DIEM/home_movie_Charlie_bit_my_finger_again_960x720,DIEM,dense,batch16,5,,106403840,165781504,59377664
DIEM/home_movie_Charlie_bit_my_finger_again_960x720,DIEM,dense,batch16,6,,106403840,165781504,59377664
DIEM/home_movie_Charlie_bit_my_finger_again_960x720,DIEM,dense,batch16,7,,106403840,165781504,59377664
DIEM/home_movie_Charlie_bit_my_finger_again_960x720,DIEM,dense,batch16,8,,106403840,165781504,59377664
DIEM/home_movie_Charlie_bit_my_finger_again_960x720,DIEM,dense,batch16,9,,106403840,165781504,59377664
DIEM/home_movie_Charlie_bit_my_finger_again_960x720,DIEM,central_k16,batch16,0,,106403840,116162048,9758208
DIEM/home_movie_Charlie_bit_my_finger_again_960x720,DIEM,central_k16,batch16,1,,106403840,116162048,9758208
DIEM/home_movie_Charlie_bit_my_finger_again_960x720,DIEM,central_k16,batch16,2,,106403840,116162048,9758208
DIEM/home_movie_Charlie_bit_my_finger_again_960x720,DIEM,central_k16,batch16,3,,106403840,116162048,9758208
DIEM/home_movie_Charlie_bit_my_finger_again_960x720,DIEM,central_k16,batch16,4,,106403840,116162048,9758208
DIEM/home_movie_Charlie_bit_my_finger_again_960x720,DIEM,central_k16,batch16,5,,106403840,116162048,9758208
DIEM/home_movie_Charlie_bit_my_finger_again_960x720,DIEM,central_k16,batch16,6,,106403840,116162048,9758208
DIEM/home_movie_Charlie_bit_my_finger_again_960x720,DIEM,central_k16,batch16,7,,106403840,116162048,9758208
DIEM/home_movie_Charlie_bit_my_finger_again_960x720,DIEM,central_k16,batch16,8,,106403840,116162048,9758208
DIEM/home_movie_Charlie_bit_my_finger_again_960x720,DIEM,central_k16,batch16,9,,106403840,116162048,9758208
DIEM/home_movie_Charlie_bit_my_finger_again_960x720,DIEM,random_k16_seed2026090900,batch16,0,,106403840,116162048,9758208
DIEM/home_movie_Charlie_bit_my_finger_again_960x720,DIEM,random_k16_seed2026090900,batch16,1,,106403840,116162048,9758208
DIEM/home_movie_Charlie_bit_my_finger_again_960x720,DIEM,random_k16_seed2026090900,batch16,2,,106403840,116162048,9758208
DIEM/home_movie_Charlie_bit_my_finger_again_960x720,DIEM,random_k16_seed2026090900,batch16,3,,106403840,116162048,9758208
DIEM/home_movie_Charlie_bit_my_finger_again_960x720,DIEM,random_k16_seed2026090900,batch16,4,,106403840,116162048,9758208
DIEM/home_movie_Charlie_bit_my_finger_again_960x720,DIEM,random_k16_seed2026090900,batch16,5,,106403840,116162048,9758208
DIEM/home_movie_Charlie_bit_my_finger_again_960x720,DIEM,random_k16_seed2026090900,batch16,6,,106403840,116162048,9758208
DIEM/home_movie_Charlie_bit_my_finger_again_960x720,DIEM,random_k16_seed2026090900,batch16,7,,106403840,116162048,9758208
DIEM/home_movie_Charlie_bit_my_finger_again_960x720,DIEM,random_k16_seed2026090900,batch16,8,,106403840,116162048,9758208
DIEM/home_movie_Charlie_bit_my_finger_again_960x720,DIEM,random_k16_seed2026090900,batch16,9,,106403840,116162048,9758208
DIEM/home_movie_Charlie_bit_my_finger_again_960x720,DIEM,random_k16_seed2026090901,batch16,0,,106403840,116162048,9758208
DIEM/home_movie_Charlie_bit_my_finger_again_960x720,DIEM,random_k16_seed2026090901,batch16,1,,106403840,116162048,9758208
DIEM/home_movie_Charlie_bit_my_finger_again_960x720,DIEM,random_k16_seed2026090901,batch16,2,,106403840,116162048,9758208
DIEM/home_movie_Charlie_bit_my_finger_again_960x720,DIEM,random_k16_seed2026090901,batch16,3,,106403840,116162048,9758208
DIEM/home_movie_Charlie_bit_my_finger_again_960x720,DIEM,random_k16_seed2026090901,batch16,4,,106403840,116162048,9758208
DIEM/home_movie_Charlie_bit_my_finger_again_960x720,DIEM,random_k16_seed2026090901,batch16,5,,106403840,116162048,9758208
DIEM/home_movie_Charlie_bit_my_finger_again_960x720,DIEM,random_k16_seed2026090901,batch16,6,,106403840,116162048,9758208
DIEM/home_movie_Charlie_bit_my_finger_again_960x720,DIEM,random_k16_seed2026090901,batch16,7,,106403840,116162048,9758208
DIEM/home_movie_Charlie_bit_my_finger_again_960x720,DIEM,random_k16_seed2026090901,batch16,8,,106403840,116162048,9758208
DIEM/home_movie_Charlie_bit_my_finger_again_960x720,DIEM,random_k16_seed2026090901,batch16,9,,106403840,116162048,9758208
DIEM/home_movie_Charlie_bit_my_finger_again_960x720,DIEM,random_k16_seed2026090902,batch16,0,,106403840,116162048,9758208
DIEM/home_movie_Charlie_bit_my_finger_again_960x720,DIEM,random_k16_seed2026090902,batch16,1,,106403840,116162048,9758208
DIEM/home_movie_Charlie_bit_my_finger_again_960x720,DIEM,random_k16_seed2026090902,batch16,2,,106403840,116162048,9758208
DIEM/home_movie_Charlie_bit_my_finger_again_960x720,DIEM,random_k16_seed2026090902,batch16,3,,106403840,116162048,9758208
DIEM/home_movie_Charlie_bit_my_finger_again_960x720,DIEM,random_k16_seed2026090902,batch16,4,,106403840,116162048,9758208
DIEM/home_movie_Charlie_bit_my_finger_again_960x720,DIEM,random_k16_seed2026090902,batch16,5,,106403840,116162048,9758208
DIEM/home_movie_Charlie_bit_my_finger_again_960x720,DIEM,random_k16_seed2026090902,batch16,6,,106403840,116162048,9758208
DIEM/home_movie_Charlie_bit_my_finger_again_960x720,DIEM,random_k16_seed2026090902,batch16,7,,106403840,116162048,9758208
DIEM/home_movie_Charlie_bit_my_finger_again_960x720,DIEM,random_k16_seed2026090902,batch16,8,,106403840,116162048,9758208
DIEM/home_movie_Charlie_bit_my_finger_again_960x720,DIEM,random_k16_seed2026090902,batch16,9,,106403840,116162048,9758208
DIEM/home_movie_Charlie_bit_my_finger_again_960x720,DIEM,random_k16_seed2026090903,batch16,0,,106403840,116162048,9758208
DIEM/home_movie_Charlie_bit_my_finger_again_960x720,DIEM,random_k16_seed2026090903,batch16,1,,106403840,116162048,9758208
DIEM/home_movie_Charlie_bit_my_finger_again_960x720,DIEM,random_k16_seed2026090903,batch16,2,,106403840,116162048,9758208
DIEM/home_movie_Charlie_bit_my_finger_again_960x720,DIEM,random_k16_seed2026090903,batch16,3,,106403840,116162048,9758208
DIEM/home_movie_Charlie_bit_my_finger_again_960x720,DIEM,random_k16_seed2026090903,batch16,4,,106403840,116162048,9758208
DIEM/home_movie_Charlie_bit_my_finger_again_960x720,DIEM,random_k16_seed2026090903,batch16,5,,106403840,116162048,9758208
DIEM/home_movie_Charlie_bit_my_finger_again_960x720,DIEM,random_k16_seed2026090903,batch16,6,,106403840,116162048,9758208
DIEM/home_movie_Charlie_bit_my_finger_again_960x720,DIEM,random_k16_seed2026090903,batch16,7,,106403840,116162048,9758208
DIEM/home_movie_Charlie_bit_my_finger_again_960x720,DIEM,random_k16_seed2026090903,batch16,8,,106403840,116162048,9758208
DIEM/home_movie_Charlie_bit_my_finger_again_960x720,DIEM,random_k16_seed2026090903,batch16,9,,106403840,116162048,9758208
DIEM/home_movie_Charlie_bit_my_finger_again_960x720,DIEM,random_k16_seed2026090904,batch16,0,,106403840,116162048,9758208
DIEM/home_movie_Charlie_bit_my_finger_again_960x720,DIEM,random_k16_seed2026090904,batch16,1,,106403840,116162048,9758208
DIEM/home_movie_Charlie_bit_my_finger_again_960x720,DIEM,random_k16_seed2026090904,batch16,2,,106403840,116162048,9758208
DIEM/home_movie_Charlie_bit_my_finger_again_960x720,DIEM,random_k16_seed2026090904,batch16,3,,106403840,116162048,9758208
DIEM/home_movie_Charlie_bit_my_finger_again_960x720,DIEM,random_k16_seed2026090904,batch16,4,,106403840,116162048,9758208
DIEM/home_movie_Charlie_bit_my_finger_again_960x720,DIEM,random_k16_seed2026090904,batch16,5,,106403840,116162048,9758208
DIEM/home_movie_Charlie_bit_my_finger_again_960x720,DIEM,random_k16_seed2026090904,batch16,6,,106403840,116162048,9758208
DIEM/home_movie_Charlie_bit_my_finger_again_960x720,DIEM,random_k16_seed2026090904,batch16,7,,106403840,116162048,9758208
DIEM/home_movie_Charlie_bit_my_finger_again_960x720,DIEM,random_k16_seed2026090904,batch16,8,,106403840,116162048,9758208
DIEM/home_movie_Charlie_bit_my_finger_again_960x720,DIEM,random_k16_seed2026090904,batch16,9,,106403840,116162048,9758208
DIEM/home_movie_Charlie_bit_my_finger_again_960x720,DIEM,random_k16_seed2026090905,batch16,0,,106403840,116162048,9758208
DIEM/home_movie_Charlie_bit_my_finger_again_960x720,DIEM,random_k16_seed2026090905,batch16,1,,106403840,116162048,9758208
DIEM/home_movie_Charlie_bit_my_finger_again_960x720,DIEM,random_k16_seed2026090905,batch16,2,,106403840,116162048,9758208
DIEM/home_movie_Charlie_bit_my_finger_again_960x720,DIEM,random_k16_seed2026090905,batch16,3,,106403840,116162048,9758208
DIEM/home_movie_Charlie_bit_my_finger_again_960x720,DIEM,random_k16_seed2026090905,batch16,4,,106403840,116162048,9758208
DIEM/home_movie_Charlie_bit_my_finger_again_960x720,DIEM,random_k16_seed2026090905,batch16,5,,106403840,116162048,9758208
DIEM/home_movie_Charlie_bit_my_finger_again_960x720,DIEM,random_k16_seed2026090905,batch16,6,,106403840,116162048,9758208
DIEM/home_movie_Charlie_bit_my_finger_again_960x720,DIEM,random_k16_seed2026090905,batch16,7,,106403840,116162048,9758208
DIEM/home_movie_Charlie_bit_my_finger_again_960x720,DIEM,random_k16_seed2026090905,batch16,8,,106403840,116162048,9758208
DIEM/home_movie_Charlie_bit_my_finger_again_960x720,DIEM,random_k16_seed2026090905,batch16,9,,106403840,116162048,9758208
DIEM/home_movie_Charlie_bit_my_finger_again_960x720,DIEM,random_k16_seed2026090906,batch16,0,,106403840,116162048,9758208
DIEM/home_movie_Charlie_bit_my_finger_again_960x720,DIEM,random_k16_seed2026090906,batch16,1,,106403840,116162048,9758208
DIEM/home_movie_Charlie_bit_my_finger_again_960x720,DIEM,random_k16_seed2026090906,batch16,2,,106403840,116162048,9758208
DIEM/home_movie_Charlie_bit_my_finger_again_960x720,DIEM,random_k16_seed2026090906,batch16,3,,106403840,116162048,9758208
DIEM/home_movie_Charlie_bit_my_finger_again_960x720,DIEM,random_k16_seed2026090906,batch16,4,,106403840,116162048,9758208
DIEM/home_movie_Charlie_bit_my_finger_again_960x720,DIEM,random_k16_seed2026090906,batch16,5,,106403840,116162048,9758208
DIEM/home_movie_Charlie_bit_my_finger_again_960x720,DIEM,random_k16_seed2026090906,batch16,6,,106403840,116162048,9758208
DIEM/home_movie_Charlie_bit_my_finger_again_960x720,DIEM,random_k16_seed2026090906,batch16,7,,106403840,116162048,9758208
DIEM/home_movie_Charlie_bit_my_finger_again_960x720,DIEM,random_k16_seed2026090906,batch16,8,,106403840,116162048,9758208
DIEM/home_movie_Charlie_bit_my_finger_again_960x720,DIEM,random_k16_seed2026090906,batch16,9,,106403840,116162048,9758208
DIEM/home_movie_Charlie_bit_my_finger_again_960x720,DIEM,random_k16_seed2026090907,batch16,0,,106403840,116162048,9758208
DIEM/home_movie_Charlie_bit_my_finger_again_960x720,DIEM,random_k16_seed2026090907,batch16,1,,106403840,116162048,9758208
DIEM/home_movie_Charlie_bit_my_finger_again_960x720,DIEM,random_k16_seed2026090907,batch16,2,,106403840,116162048,9758208
DIEM/home_movie_Charlie_bit_my_finger_again_960x720,DIEM,random_k16_seed2026090907,batch16,3,,106403840,116162048,9758208
DIEM/home_movie_Charlie_bit_my_finger_again_960x720,DIEM,random_k16_seed2026090907,batch16,4,,106403840,116162048,9758208
DIEM/home_movie_Charlie_bit_my_finger_again_960x720,DIEM,random_k16_seed2026090907,batch16,5,,106403840,116162048,9758208
DIEM/home_movie_Charlie_bit_my_finger_again_960x720,DIEM,random_k16_seed2026090907,batch16,6,,106403840,116162048,9758208
DIEM/home_movie_Charlie_bit_my_finger_again_960x720,DIEM,random_k16_seed2026090907,batch16,7,,106403840,116162048,9758208
DIEM/home_movie_Charlie_bit_my_finger_again_960x720,DIEM,random_k16_seed2026090907,batch16,8,,106403840,116162048,9758208
DIEM/home_movie_Charlie_bit_my_finger_again_960x720,DIEM,random_k16_seed2026090907,batch16,9,,106403840,116162048,9758208
DIEM/home_movie_Charlie_bit_my_finger_again_960x720,DIEM,random_k16_seed2026090908,batch16,0,,106403840,116162048,9758208
DIEM/home_movie_Charlie_bit_my_finger_again_960x720,DIEM,random_k16_seed2026090908,batch16,1,,106403840,116162048,9758208
DIEM/home_movie_Charlie_bit_my_finger_again_960x720,DIEM,random_k16_seed2026090908,batch16,2,,106403840,116162048,9758208
DIEM/home_movie_Charlie_bit_my_finger_again_960x720,DIEM,random_k16_seed2026090908,batch16,3,,106403840,116162048,9758208
DIEM/home_movie_Charlie_bit_my_finger_again_960x720,DIEM,random_k16_seed2026090908,batch16,4,,106403840,116162048,9758208
DIEM/home_movie_Charlie_bit_my_finger_again_960x720,DIEM,random_k16_seed2026090908,batch16,5,,106403840,116162048,9758208
DIEM/home_movie_Charlie_bit_my_finger_again_960x720,DIEM,random_k16_seed2026090908,batch16,6,,106403840,116162048,9758208
DIEM/home_movie_Charlie_bit_my_finger_again_960x720,DIEM,random_k16_seed2026090908,batch16,7,,106403840,116162048,9758208
DIEM/home_movie_Charlie_bit_my_finger_again_960x720,DIEM,random_k16_seed2026090908,batch16,8,,106403840,116162048,9758208
DIEM/home_movie_Charlie_bit_my_finger_again_960x720,DIEM,random_k16_seed2026090908,batch16,9,,106403840,116162048,9758208
DIEM/home_movie_Charlie_bit_my_finger_again_960x720,DIEM,random_k16_seed2026090909,batch16,0,,106403840,116162048,9758208
DIEM/home_movie_Charlie_bit_my_finger_again_960x720,DIEM,random_k16_seed2026090909,batch16,1,,106403840,116162048,9758208
DIEM/home_movie_Charlie_bit_my_finger_again_960x720,DIEM,random_k16_seed2026090909,batch16,2,,106403840,116162048,9758208
DIEM/home_movie_Charlie_bit_my_finger_again_960x720,DIEM,random_k16_seed2026090909,batch16,3,,106403840,116162048,9758208
DIEM/home_movie_Charlie_bit_my_finger_again_960x720,DIEM,random_k16_seed2026090909,batch16,4,,106403840,116162048,9758208
DIEM/home_movie_Charlie_bit_my_finger_again_960x720,DIEM,random_k16_seed2026090909,batch16,5,,106403840,116162048,9758208
DIEM/home_movie_Charlie_bit_my_finger_again_960x720,DIEM,random_k16_seed2026090909,batch16,6,,106403840,116162048,9758208
DIEM/home_movie_Charlie_bit_my_finger_again_960x720,DIEM,random_k16_seed2026090909,batch16,7,,106403840,116162048,9758208
DIEM/home_movie_Charlie_bit_my_finger_again_960x720,DIEM,random_k16_seed2026090909,batch16,8,,106403840,116162048,9758208
DIEM/home_movie_Charlie_bit_my_finger_again_960x720,DIEM,random_k16_seed2026090909,batch16,9,,106403840,116162048,9758208
DIEM/home_movie_Charlie_bit_my_finger_again_960x720,DIEM,random_k16_seed2026090910,batch16,0,,106403840,116162048,9758208
DIEM/home_movie_Charlie_bit_my_finger_again_960x720,DIEM,random_k16_seed2026090910,batch16,1,,106403840,116162048,9758208
DIEM/home_movie_Charlie_bit_my_finger_again_960x720,DIEM,random_k16_seed2026090910,batch16,2,,106403840,116162048,9758208
DIEM/home_movie_Charlie_bit_my_finger_again_960x720,DIEM,random_k16_seed2026090910,batch16,3,,106403840,116162048,9758208
DIEM/home_movie_Charlie_bit_my_finger_again_960x720,DIEM,random_k16_seed2026090910,batch16,4,,106403840,116162048,9758208
DIEM/home_movie_Charlie_bit_my_finger_again_960x720,DIEM,random_k16_seed2026090910,batch16,5,,106403840,116162048,9758208
DIEM/home_movie_Charlie_bit_my_finger_again_960x720,DIEM,random_k16_seed2026090910,batch16,6,,106403840,116162048,9758208
DIEM/home_movie_Charlie_bit_my_finger_again_960x720,DIEM,random_k16_seed2026090910,batch16,7,,106403840,116162048,9758208
DIEM/home_movie_Charlie_bit_my_finger_again_960x720,DIEM,random_k16_seed2026090910,batch16,8,,106403840,116162048,9758208
DIEM/home_movie_Charlie_bit_my_finger_again_960x720,DIEM,random_k16_seed2026090910,batch16,9,,106403840,116162048,9758208
DIEM/home_movie_Charlie_bit_my_finger_again_960x720,DIEM,random_k16_seed2026090911,batch16,0,,106403840,116162048,9758208
DIEM/home_movie_Charlie_bit_my_finger_again_960x720,DIEM,random_k16_seed2026090911,batch16,1,,106403840,116162048,9758208
DIEM/home_movie_Charlie_bit_my_finger_again_960x720,DIEM,random_k16_seed2026090911,batch16,2,,106403840,116162048,9758208
DIEM/home_movie_Charlie_bit_my_finger_again_960x720,DIEM,random_k16_seed2026090911,batch16,3,,106403840,116162048,9758208
DIEM/home_movie_Charlie_bit_my_finger_again_960x720,DIEM,random_k16_seed2026090911,batch16,4,,106403840,116162048,9758208
DIEM/home_movie_Charlie_bit_my_finger_again_960x720,DIEM,random_k16_seed2026090911,batch16,5,,106403840,116162048,9758208
DIEM/home_movie_Charlie_bit_my_finger_again_960x720,DIEM,random_k16_seed2026090911,batch16,6,,106403840,116162048,9758208
DIEM/home_movie_Charlie_bit_my_finger_again_960x720,DIEM,random_k16_seed2026090911,batch16,7,,106403840,116162048,9758208
DIEM/home_movie_Charlie_bit_my_finger_again_960x720,DIEM,random_k16_seed2026090911,batch16,8,,106403840,116162048,9758208
DIEM/home_movie_Charlie_bit_my_finger_again_960x720,DIEM,random_k16_seed2026090911,batch16,9,,106403840,116162048,9758208
DIEM/home_movie_Charlie_bit_my_finger_again_960x720,DIEM,random_k16_seed2026090912,batch16,0,,106403840,116162048,9758208
DIEM/home_movie_Charlie_bit_my_finger_again_960x720,DIEM,random_k16_seed2026090912,batch16,1,,106403840,116162048,9758208
DIEM/home_movie_Charlie_bit_my_finger_again_960x720,DIEM,random_k16_seed2026090912,batch16,2,,106403840,116162048,9758208
DIEM/home_movie_Charlie_bit_my_finger_again_960x720,DIEM,random_k16_seed2026090912,batch16,3,,106403840,116162048,9758208
DIEM/home_movie_Charlie_bit_my_finger_again_960x720,DIEM,random_k16_seed2026090912,batch16,4,,106403840,116162048,9758208
DIEM/home_movie_Charlie_bit_my_finger_again_960x720,DIEM,random_k16_seed2026090912,batch16,5,,106403840,116162048,9758208
DIEM/home_movie_Charlie_bit_my_finger_again_960x720,DIEM,random_k16_seed2026090912,batch16,6,,106403840,116162048,9758208
DIEM/home_movie_Charlie_bit_my_finger_again_960x720,DIEM,random_k16_seed2026090912,batch16,7,,106403840,116162048,9758208
DIEM/home_movie_Charlie_bit_my_finger_again_960x720,DIEM,random_k16_seed2026090912,batch16,8,,106403840,116162048,9758208
DIEM/home_movie_Charlie_bit_my_finger_again_960x720,DIEM,random_k16_seed2026090912,batch16,9,,106403840,116162048,9758208
DIEM/home_movie_Charlie_bit_my_finger_again_960x720,DIEM,random_k16_seed2026090913,batch16,0,,106403840,116162048,9758208
DIEM/home_movie_Charlie_bit_my_finger_again_960x720,DIEM,random_k16_seed2026090913,batch16,1,,106403840,116162048,9758208
DIEM/home_movie_Charlie_bit_my_finger_again_960x720,DIEM,random_k16_seed2026090913,batch16,2,,106403840,116162048,9758208
DIEM/home_movie_Charlie_bit_my_finger_again_960x720,DIEM,random_k16_seed2026090913,batch16,3,,106403840,116162048,9758208
DIEM/home_movie_Charlie_bit_my_finger_again_960x720,DIEM,random_k16_seed2026090913,batch16,4,,106403840,116162048,9758208
DIEM/home_movie_Charlie_bit_my_finger_again_960x720,DIEM,random_k16_seed2026090913,batch16,5,,106403840,116162048,9758208
DIEM/home_movie_Charlie_bit_my_finger_again_960x720,DIEM,random_k16_seed2026090913,batch16,6,,106403840,116162048,9758208
DIEM/home_movie_Charlie_bit_my_finger_again_960x720,DIEM,random_k16_seed2026090913,batch16,7,,106403840,116162048,9758208
DIEM/home_movie_Charlie_bit_my_finger_again_960x720,DIEM,random_k16_seed2026090913,batch16,8,,106403840,116162048,9758208
DIEM/home_movie_Charlie_bit_my_finger_again_960x720,DIEM,random_k16_seed2026090913,batch16,9,,106403840,116162048,9758208
DIEM/home_movie_Charlie_bit_my_finger_again_960x720,DIEM,random_k16_seed2026090914,batch16,0,,106403840,116162048,9758208
DIEM/home_movie_Charlie_bit_my_finger_again_960x720,DIEM,random_k16_seed2026090914,batch16,1,,106403840,116162048,9758208
DIEM/home_movie_Charlie_bit_my_finger_again_960x720,DIEM,random_k16_seed2026090914,batch16,2,,106403840,116162048,9758208
DIEM/home_movie_Charlie_bit_my_finger_again_960x720,DIEM,random_k16_seed2026090914,batch16,3,,106403840,116162048,9758208
DIEM/home_movie_Charlie_bit_my_finger_again_960x720,DIEM,random_k16_seed2026090914,batch16,4,,106403840,116162048,9758208
DIEM/home_movie_Charlie_bit_my_finger_again_960x720,DIEM,random_k16_seed2026090914,batch16,5,,106403840,116162048,9758208
DIEM/home_movie_Charlie_bit_my_finger_again_960x720,DIEM,random_k16_seed2026090914,batch16,6,,106403840,116162048,9758208
DIEM/home_movie_Charlie_bit_my_finger_again_960x720,DIEM,random_k16_seed2026090914,batch16,7,,106403840,116162048,9758208
DIEM/home_movie_Charlie_bit_my_finger_again_960x720,DIEM,random_k16_seed2026090914,batch16,8,,106403840,116162048,9758208
DIEM/home_movie_Charlie_bit_my_finger_again_960x720,DIEM,random_k16_seed2026090914,batch16,9,,106403840,116162048,9758208
DIEM/home_movie_Charlie_bit_my_finger_again_960x720,DIEM,random_k16_seed2026090915,batch16,0,,106403840,116162048,9758208
DIEM/home_movie_Charlie_bit_my_finger_again_960x720,DIEM,random_k16_seed2026090915,batch16,1,,106403840,116162048,9758208
DIEM/home_movie_Charlie_bit_my_finger_again_960x720,DIEM,random_k16_seed2026090915,batch16,2,,106403840,116162048,9758208
DIEM/home_movie_Charlie_bit_my_finger_again_960x720,DIEM,random_k16_seed2026090915,batch16,3,,106403840,116162048,9758208
DIEM/home_movie_Charlie_bit_my_finger_again_960x720,DIEM,random_k16_seed2026090915,batch16,4,,106403840,116162048,9758208
DIEM/home_movie_Charlie_bit_my_finger_again_960x720,DIEM,random_k16_seed2026090915,batch16,5,,106403840,116162048,9758208
DIEM/home_movie_Charlie_bit_my_finger_again_960x720,DIEM,random_k16_seed2026090915,batch16,6,,106403840,116162048,9758208
DIEM/home_movie_Charlie_bit_my_finger_again_960x720,DIEM,random_k16_seed2026090915,batch16,7,,106403840,116162048,9758208
DIEM/home_movie_Charlie_bit_my_finger_again_960x720,DIEM,random_k16_seed2026090915,batch16,8,,106403840,116162048,9758208
DIEM/home_movie_Charlie_bit_my_finger_again_960x720,DIEM,random_k16_seed2026090915,batch16,9,,106403840,116162048,9758208
DIEM/home_movie_Charlie_bit_my_finger_again_960x720,DIEM,policy:human_k16_seed440826,batch16,0,,106403840,116162048,9758208
DIEM/home_movie_Charlie_bit_my_finger_again_960x720,DIEM,policy:human_k16_seed440826,batch16,1,,106403840,116162048,9758208
DIEM/home_movie_Charlie_bit_my_finger_again_960x720,DIEM,policy:human_k16_seed440826,batch16,2,,106403840,116162048,9758208
DIEM/home_movie_Charlie_bit_my_finger_again_960x720,DIEM,policy:human_k16_seed440826,batch16,3,,106403840,116162048,9758208
DIEM/home_movie_Charlie_bit_my_finger_again_960x720,DIEM,policy:human_k16_seed440826,batch16,4,,106403840,116162048,9758208
DIEM/home_movie_Charlie_bit_my_finger_again_960x720,DIEM,policy:human_k16_seed440826,batch16,5,,106403840,116162048,9758208
DIEM/home_movie_Charlie_bit_my_finger_again_960x720,DIEM,policy:human_k16_seed440826,batch16,6,,106403840,116162048,9758208
DIEM/home_movie_Charlie_bit_my_finger_again_960x720,DIEM,policy:human_k16_seed440826,batch16,7,,106403840,116162048,9758208
DIEM/home_movie_Charlie_bit_my_finger_again_960x720,DIEM,policy:human_k16_seed440826,batch16,8,,106403840,116162048,9758208
DIEM/home_movie_Charlie_bit_my_finger_again_960x720,DIEM,policy:human_k16_seed440826,batch16,9,,106403840,116162048,9758208
DIEM/home_movie_Charlie_bit_my_finger_again_960x720,DIEM,policy:human_k16_seed440827,batch16,0,,106403840,116162048,9758208
DIEM/home_movie_Charlie_bit_my_finger_again_960x720,DIEM,policy:human_k16_seed440827,batch16,1,,106403840,116162048,9758208
DIEM/home_movie_Charlie_bit_my_finger_again_960x720,DIEM,policy:human_k16_seed440827,batch16,2,,106403840,116162048,9758208
DIEM/home_movie_Charlie_bit_my_finger_again_960x720,DIEM,policy:human_k16_seed440827,batch16,3,,106403840,116162048,9758208
DIEM/home_movie_Charlie_bit_my_finger_again_960x720,DIEM,policy:human_k16_seed440827,batch16,4,,106403840,116162048,9758208
DIEM/home_movie_Charlie_bit_my_finger_again_960x720,DIEM,policy:human_k16_seed440827,batch16,5,,106403840,116162048,9758208
DIEM/home_movie_Charlie_bit_my_finger_again_960x720,DIEM,policy:human_k16_seed440827,batch16,6,,106403840,116162048,9758208
DIEM/home_movie_Charlie_bit_my_finger_again_960x720,DIEM,policy:human_k16_seed440827,batch16,7,,106403840,116162048,9758208
DIEM/home_movie_Charlie_bit_my_finger_again_960x720,DIEM,policy:human_k16_seed440827,batch16,8,,106403840,116162048,9758208
DIEM/home_movie_Charlie_bit_my_finger_again_960x720,DIEM,policy:human_k16_seed440827,batch16,9,,106403840,116162048,9758208
DIEM/home_movie_Charlie_bit_my_finger_again_960x720,DIEM,policy:human_k16_seed440828,batch16,0,,106403840,116162048,9758208
DIEM/home_movie_Charlie_bit_my_finger_again_960x720,DIEM,policy:human_k16_seed440828,batch16,1,,106403840,116162048,9758208
DIEM/home_movie_Charlie_bit_my_finger_again_960x720,DIEM,policy:human_k16_seed440828,batch16,2,,106403840,116162048,9758208
DIEM/home_movie_Charlie_bit_my_finger_again_960x720,DIEM,policy:human_k16_seed440828,batch16,3,,106403840,116162048,9758208
DIEM/home_movie_Charlie_bit_my_finger_again_960x720,DIEM,policy:human_k16_seed440828,batch16,4,,106403840,116162048,9758208
DIEM/home_movie_Charlie_bit_my_finger_again_960x720,DIEM,policy:human_k16_seed440828,batch16,5,,106403840,116162048,9758208
DIEM/home_movie_Charlie_bit_my_finger_again_960x720,DIEM,policy:human_k16_seed440828,batch16,6,,106403840,116162048,9758208
DIEM/home_movie_Charlie_bit_my_finger_again_960x720,DIEM,policy:human_k16_seed440828,batch16,7,,106403840,116162048,9758208
DIEM/home_movie_Charlie_bit_my_finger_again_960x720,DIEM,policy:human_k16_seed440828,batch16,8,,106403840,116162048,9758208
DIEM/home_movie_Charlie_bit_my_finger_again_960x720,DIEM,policy:human_k16_seed440828,batch16,9,,106403840,116162048,9758208
DIEM/home_movie_Charlie_bit_my_finger_again_960x720,DIEM,policy:human_k16_seed440829,batch16,0,,106403840,116162048,9758208
DIEM/home_movie_Charlie_bit_my_finger_again_960x720,DIEM,policy:human_k16_seed440829,batch16,1,,106403840,116162048,9758208
DIEM/home_movie_Charlie_bit_my_finger_again_960x720,DIEM,policy:human_k16_seed440829,batch16,2,,106403840,116162048,9758208
DIEM/home_movie_Charlie_bit_my_finger_again_960x720,DIEM,policy:human_k16_seed440829,batch16,3,,106403840,116162048,9758208
DIEM/home_movie_Charlie_bit_my_finger_again_960x720,DIEM,policy:human_k16_seed440829,batch16,4,,106403840,116162048,9758208
DIEM/home_movie_Charlie_bit_my_finger_again_960x720,DIEM,policy:human_k16_seed440829,batch16,5,,106403840,116162048,9758208
DIEM/home_movie_Charlie_bit_my_finger_again_960x720,DIEM,policy:human_k16_seed440829,batch16,6,,106403840,116162048,9758208
DIEM/home_movie_Charlie_bit_my_finger_again_960x720,DIEM,policy:human_k16_seed440829,batch16,7,,106403840,116162048,9758208
DIEM/home_movie_Charlie_bit_my_finger_again_960x720,DIEM,policy:human_k16_seed440829,batch16,8,,106403840,116162048,9758208
DIEM/home_movie_Charlie_bit_my_finger_again_960x720,DIEM,policy:human_k16_seed440829,batch16,9,,106403840,116162048,9758208
DIEM/home_movie_Charlie_bit_my_finger_again_960x720,DIEM,policy:human_k16_seed440830,batch16,0,,106403840,116162048,9758208
DIEM/home_movie_Charlie_bit_my_finger_again_960x720,DIEM,policy:human_k16_seed440830,batch16,1,,106403840,116162048,9758208
DIEM/home_movie_Charlie_bit_my_finger_again_960x720,DIEM,policy:human_k16_seed440830,batch16,2,,106403840,116162048,9758208
DIEM/home_movie_Charlie_bit_my_finger_again_960x720,DIEM,policy:human_k16_seed440830,batch16,3,,106403840,116162048,9758208
DIEM/home_movie_Charlie_bit_my_finger_again_960x720,DIEM,policy:human_k16_seed440830,batch16,4,,106403840,116162048,9758208
DIEM/home_movie_Charlie_bit_my_finger_again_960x720,DIEM,policy:human_k16_seed440830,batch16,5,,106403840,116162048,9758208
DIEM/home_movie_Charlie_bit_my_finger_again_960x720,DIEM,policy:human_k16_seed440830,batch16,6,,106403840,116162048,9758208
DIEM/home_movie_Charlie_bit_my_finger_again_960x720,DIEM,policy:human_k16_seed440830,batch16,7,,106403840,116162048,9758208
DIEM/home_movie_Charlie_bit_my_finger_again_960x720,DIEM,policy:human_k16_seed440830,batch16,8,,106403840,116162048,9758208
DIEM/home_movie_Charlie_bit_my_finger_again_960x720,DIEM,policy:human_k16_seed440830,batch16,9,,106403840,116162048,9758208
DIEM/home_movie_Charlie_bit_my_finger_again_960x720,DIEM,policy:human_k16_seed440831,batch16,0,,106403840,116162048,9758208
DIEM/home_movie_Charlie_bit_my_finger_again_960x720,DIEM,policy:human_k16_seed440831,batch16,1,,106403840,116162048,9758208
DIEM/home_movie_Charlie_bit_my_finger_again_960x720,DIEM,policy:human_k16_seed440831,batch16,2,,106403840,116162048,9758208
DIEM/home_movie_Charlie_bit_my_finger_again_960x720,DIEM,policy:human_k16_seed440831,batch16,3,,106403840,116162048,9758208
DIEM/home_movie_Charlie_bit_my_finger_again_960x720,DIEM,policy:human_k16_seed440831,batch16,4,,106403840,116162048,9758208
DIEM/home_movie_Charlie_bit_my_finger_again_960x720,DIEM,policy:human_k16_seed440831,batch16,5,,106403840,116162048,9758208
DIEM/home_movie_Charlie_bit_my_finger_again_960x720,DIEM,policy:human_k16_seed440831,batch16,6,,106403840,116162048,9758208
DIEM/home_movie_Charlie_bit_my_finger_again_960x720,DIEM,policy:human_k16_seed440831,batch16,7,,106403840,116162048,9758208
DIEM/home_movie_Charlie_bit_my_finger_again_960x720,DIEM,policy:human_k16_seed440831,batch16,8,,106403840,116162048,9758208
DIEM/home_movie_Charlie_bit_my_finger_again_960x720,DIEM,policy:human_k16_seed440831,batch16,9,,106403840,116162048,9758208
DIEM/home_movie_Charlie_bit_my_finger_again_960x720,DIEM,policy:pretrained_k16,batch16,0,,106403840,116162048,9758208
DIEM/home_movie_Charlie_bit_my_finger_again_960x720,DIEM,policy:pretrained_k16,batch16,1,,106403840,116162048,9758208
DIEM/home_movie_Charlie_bit_my_finger_again_960x720,DIEM,policy:pretrained_k16,batch16,2,,106403840,116162048,9758208
DIEM/home_movie_Charlie_bit_my_finger_again_960x720,DIEM,policy:pretrained_k16,batch16,3,,106403840,116162048,9758208
DIEM/home_movie_Charlie_bit_my_finger_again_960x720,DIEM,policy:pretrained_k16,batch16,4,,106403840,116162048,9758208
DIEM/home_movie_Charlie_bit_my_finger_again_960x720,DIEM,policy:pretrained_k16,batch16,5,,106403840,116162048,9758208
DIEM/home_movie_Charlie_bit_my_finger_again_960x720,DIEM,policy:pretrained_k16,batch16,6,,106403840,116162048,9758208
DIEM/home_movie_Charlie_bit_my_finger_again_960x720,DIEM,policy:pretrained_k16,batch16,7,,106403840,116162048,9758208
DIEM/home_movie_Charlie_bit_my_finger_again_960x720,DIEM,policy:pretrained_k16,batch16,8,,106403840,116162048,9758208
DIEM/home_movie_Charlie_bit_my_finger_again_960x720,DIEM,policy:pretrained_k16,batch16,9,,106403840,116162048,9758208
DIEM/home_movie_Charlie_bit_my_finger_again_960x720,DIEM,tome_r5,batch16,0,,106403840,176946176,70542336
DIEM/home_movie_Charlie_bit_my_finger_again_960x720,DIEM,tome_r5,batch16,1,,106403840,176946176,70542336
DIEM/home_movie_Charlie_bit_my_finger_again_960x720,DIEM,tome_r5,batch16,2,,106403840,176946176,70542336
DIEM/home_movie_Charlie_bit_my_finger_again_960x720,DIEM,tome_r5,batch16,3,,106403840,176946176,70542336
DIEM/home_movie_Charlie_bit_my_finger_again_960x720,DIEM,tome_r5,batch16,4,,106403840,176946176,70542336
DIEM/home_movie_Charlie_bit_my_finger_again_960x720,DIEM,tome_r5,batch16,5,,106403840,176946176,70542336
DIEM/home_movie_Charlie_bit_my_finger_again_960x720,DIEM,tome_r5,batch16,6,,106403840,176946176,70542336
DIEM/home_movie_Charlie_bit_my_finger_again_960x720,DIEM,tome_r5,batch16,7,,106403840,176946176,70542336
DIEM/home_movie_Charlie_bit_my_finger_again_960x720,DIEM,tome_r5,batch16,8,,106403840,176946176,70542336
DIEM/home_movie_Charlie_bit_my_finger_again_960x720,DIEM,tome_r5,batch16,9,,106403840,176946176,70542336
DIEM/home_movie_Charlie_bit_my_finger_again_960x720,DIEM,tome_r10,batch16,0,,106403840,174220288,67816448
DIEM/home_movie_Charlie_bit_my_finger_again_960x720,DIEM,tome_r10,batch16,1,,106403840,174220288,67816448
DIEM/home_movie_Charlie_bit_my_finger_again_960x720,DIEM,tome_r10,batch16,2,,106403840,174220288,67816448
DIEM/home_movie_Charlie_bit_my_finger_again_960x720,DIEM,tome_r10,batch16,3,,106403840,174220288,67816448
DIEM/home_movie_Charlie_bit_my_finger_again_960x720,DIEM,tome_r10,batch16,4,,106403840,174220288,67816448
DIEM/home_movie_Charlie_bit_my_finger_again_960x720,DIEM,tome_r10,batch16,5,,106403840,174220288,67816448
DIEM/home_movie_Charlie_bit_my_finger_again_960x720,DIEM,tome_r10,batch16,6,,106403840,174220288,67816448
DIEM/home_movie_Charlie_bit_my_finger_again_960x720,DIEM,tome_r10,batch16,7,,106403840,174220288,67816448
DIEM/home_movie_Charlie_bit_my_finger_again_960x720,DIEM,tome_r10,batch16,8,,106403840,174220288,67816448
DIEM/home_movie_Charlie_bit_my_finger_again_960x720,DIEM,tome_r10,batch16,9,,106403840,174220288,67816448
DIEM/home_movie_Charlie_bit_my_finger_again_960x720,DIEM,tome_r15,batch16,0,,106403840,171617280,65213440
DIEM/home_movie_Charlie_bit_my_finger_again_960x720,DIEM,tome_r15,batch16,1,,106403840,171617280,65213440
DIEM/home_movie_Charlie_bit_my_finger_again_960x720,DIEM,tome_r15,batch16,2,,106403840,171617280,65213440
DIEM/home_movie_Charlie_bit_my_finger_again_960x720,DIEM,tome_r15,batch16,3,,106403840,171617280,65213440
DIEM/home_movie_Charlie_bit_my_finger_again_960x720,DIEM,tome_r15,batch16,4,,106403840,171617280,65213440
DIEM/home_movie_Charlie_bit_my_finger_again_960x720,DIEM,tome_r15,batch16,5,,106403840,171617280,65213440
DIEM/home_movie_Charlie_bit_my_finger_again_960x720,DIEM,tome_r15,batch16,6,,106403840,171617280,65213440
DIEM/home_movie_Charlie_bit_my_finger_again_960x720,DIEM,tome_r15,batch16,7,,106403840,171617280,65213440
DIEM/home_movie_Charlie_bit_my_finger_again_960x720,DIEM,tome_r15,batch16,8,,106403840,171617280,65213440
DIEM/home_movie_Charlie_bit_my_finger_again_960x720,DIEM,tome_r15,batch16,9,,106403840,171617280,65213440
DIEM/scottish_parliament_1152x864,DIEM,dense,batch16,0,,106403840,165781504,59377664
DIEM/scottish_parliament_1152x864,DIEM,dense,batch16,1,,106403840,165781504,59377664
DIEM/scottish_parliament_1152x864,DIEM,dense,batch16,2,,106403840,165781504,59377664
DIEM/scottish_parliament_1152x864,DIEM,dense,batch16,3,,106403840,165781504,59377664
DIEM/scottish_parliament_1152x864,DIEM,dense,batch16,4,,106403840,165781504,59377664
DIEM/scottish_parliament_1152x864,DIEM,dense,batch16,5,,106403840,165781504,59377664
DIEM/scottish_parliament_1152x864,DIEM,dense,batch16,6,,106403840,165781504,59377664
DIEM/scottish_parliament_1152x864,DIEM,dense,batch16,7,,106403840,165781504,59377664
DIEM/scottish_parliament_1152x864,DIEM,dense,batch16,8,,106403840,165781504,59377664
DIEM/scottish_parliament_1152x864,DIEM,dense,batch16,9,,106403840,165781504,59377664
DIEM/scottish_parliament_1152x864,DIEM,central_k16,batch16,0,,106403840,116162048,9758208
DIEM/scottish_parliament_1152x864,DIEM,central_k16,batch16,1,,106403840,116162048,9758208
DIEM/scottish_parliament_1152x864,DIEM,central_k16,batch16,2,,106403840,116162048,9758208
DIEM/scottish_parliament_1152x864,DIEM,central_k16,batch16,3,,106403840,116162048,9758208
DIEM/scottish_parliament_1152x864,DIEM,central_k16,batch16,4,,106403840,116162048,9758208
DIEM/scottish_parliament_1152x864,DIEM,central_k16,batch16,5,,106403840,116162048,9758208
DIEM/scottish_parliament_1152x864,DIEM,central_k16,batch16,6,,106403840,116162048,9758208
DIEM/scottish_parliament_1152x864,DIEM,central_k16,batch16,7,,106403840,116162048,9758208
DIEM/scottish_parliament_1152x864,DIEM,central_k16,batch16,8,,106403840,116162048,9758208
DIEM/scottish_parliament_1152x864,DIEM,central_k16,batch16,9,,106403840,116162048,9758208
DIEM/scottish_parliament_1152x864,DIEM,random_k16_seed2026090900,batch16,0,,106403840,116162048,9758208
DIEM/scottish_parliament_1152x864,DIEM,random_k16_seed2026090900,batch16,1,,106403840,116162048,9758208
DIEM/scottish_parliament_1152x864,DIEM,random_k16_seed2026090900,batch16,2,,106403840,116162048,9758208
DIEM/scottish_parliament_1152x864,DIEM,random_k16_seed2026090900,batch16,3,,106403840,116162048,9758208
DIEM/scottish_parliament_1152x864,DIEM,random_k16_seed2026090900,batch16,4,,106403840,116162048,9758208
DIEM/scottish_parliament_1152x864,DIEM,random_k16_seed2026090900,batch16,5,,106403840,116162048,9758208
DIEM/scottish_parliament_1152x864,DIEM,random_k16_seed2026090900,batch16,6,,106403840,116162048,9758208
DIEM/scottish_parliament_1152x864,DIEM,random_k16_seed2026090900,batch16,7,,106403840,116162048,9758208
DIEM/scottish_parliament_1152x864,DIEM,random_k16_seed2026090900,batch16,8,,106403840,116162048,9758208
DIEM/scottish_parliament_1152x864,DIEM,random_k16_seed2026090900,batch16,9,,106403840,116162048,9758208
DIEM/scottish_parliament_1152x864,DIEM,random_k16_seed2026090901,batch16,0,,106403840,116162048,9758208
DIEM/scottish_parliament_1152x864,DIEM,random_k16_seed2026090901,batch16,1,,106403840,116162048,9758208
DIEM/scottish_parliament_1152x864,DIEM,random_k16_seed2026090901,batch16,2,,106403840,116162048,9758208
DIEM/scottish_parliament_1152x864,DIEM,random_k16_seed2026090901,batch16,3,,106403840,116162048,9758208
DIEM/scottish_parliament_1152x864,DIEM,random_k16_seed2026090901,batch16,4,,106403840,116162048,9758208
DIEM/scottish_parliament_1152x864,DIEM,random_k16_seed2026090901,batch16,5,,106403840,116162048,9758208
DIEM/scottish_parliament_1152x864,DIEM,random_k16_seed2026090901,batch16,6,,106403840,116162048,9758208
DIEM/scottish_parliament_1152x864,DIEM,random_k16_seed2026090901,batch16,7,,106403840,116162048,9758208
DIEM/scottish_parliament_1152x864,DIEM,random_k16_seed2026090901,batch16,8,,106403840,116162048,9758208
DIEM/scottish_parliament_1152x864,DIEM,random_k16_seed2026090901,batch16,9,,106403840,116162048,9758208
DIEM/scottish_parliament_1152x864,DIEM,random_k16_seed2026090902,batch16,0,,106403840,116162048,9758208
DIEM/scottish_parliament_1152x864,DIEM,random_k16_seed2026090902,batch16,1,,106403840,116162048,9758208
DIEM/scottish_parliament_1152x864,DIEM,random_k16_seed2026090902,batch16,2,,106403840,116162048,9758208
DIEM/scottish_parliament_1152x864,DIEM,random_k16_seed2026090902,batch16,3,,106403840,116162048,9758208
DIEM/scottish_parliament_1152x864,DIEM,random_k16_seed2026090902,batch16,4,,106403840,116162048,9758208
DIEM/scottish_parliament_1152x864,DIEM,random_k16_seed2026090902,batch16,5,,106403840,116162048,9758208
DIEM/scottish_parliament_1152x864,DIEM,random_k16_seed2026090902,batch16,6,,106403840,116162048,9758208
DIEM/scottish_parliament_1152x864,DIEM,random_k16_seed2026090902,batch16,7,,106403840,116162048,9758208
DIEM/scottish_parliament_1152x864,DIEM,random_k16_seed2026090902,batch16,8,,106403840,116162048,9758208
DIEM/scottish_parliament_1152x864,DIEM,random_k16_seed2026090902,batch16,9,,106403840,116162048,9758208
DIEM/scottish_parliament_1152x864,DIEM,random_k16_seed2026090903,batch16,0,,106403840,116162048,9758208
DIEM/scottish_parliament_1152x864,DIEM,random_k16_seed2026090903,batch16,1,,106403840,116162048,9758208
DIEM/scottish_parliament_1152x864,DIEM,random_k16_seed2026090903,batch16,2,,106403840,116162048,9758208
DIEM/scottish_parliament_1152x864,DIEM,random_k16_seed2026090903,batch16,3,,106403840,116162048,9758208
DIEM/scottish_parliament_1152x864,DIEM,random_k16_seed2026090903,batch16,4,,106403840,116162048,9758208
DIEM/scottish_parliament_1152x864,DIEM,random_k16_seed2026090903,batch16,5,,106403840,116162048,9758208
DIEM/scottish_parliament_1152x864,DIEM,random_k16_seed2026090903,batch16,6,,106403840,116162048,9758208
DIEM/scottish_parliament_1152x864,DIEM,random_k16_seed2026090903,batch16,7,,106403840,116162048,9758208
DIEM/scottish_parliament_1152x864,DIEM,random_k16_seed2026090903,batch16,8,,106403840,116162048,9758208
DIEM/scottish_parliament_1152x864,DIEM,random_k16_seed2026090903,batch16,9,,106403840,116162048,9758208
DIEM/scottish_parliament_1152x864,DIEM,random_k16_seed2026090904,batch16,0,,106403840,116162048,9758208
DIEM/scottish_parliament_1152x864,DIEM,random_k16_seed2026090904,batch16,1,,106403840,116162048,9758208
DIEM/scottish_parliament_1152x864,DIEM,random_k16_seed2026090904,batch16,2,,106403840,116162048,9758208
DIEM/scottish_parliament_1152x864,DIEM,random_k16_seed2026090904,batch16,3,,106403840,116162048,9758208
DIEM/scottish_parliament_1152x864,DIEM,random_k16_seed2026090904,batch16,4,,106403840,116162048,9758208
DIEM/scottish_parliament_1152x864,DIEM,random_k16_seed2026090904,batch16,5,,106403840,116162048,9758208
DIEM/scottish_parliament_1152x864,DIEM,random_k16_seed2026090904,batch16,6,,106403840,116162048,9758208
DIEM/scottish_parliament_1152x864,DIEM,random_k16_seed2026090904,batch16,7,,106403840,116162048,9758208
DIEM/scottish_parliament_1152x864,DIEM,random_k16_seed2026090904,batch16,8,,106403840,116162048,9758208
DIEM/scottish_parliament_1152x864,DIEM,random_k16_seed2026090904,batch16,9,,106403840,116162048,9758208
DIEM/scottish_parliament_1152x864,DIEM,random_k16_seed2026090905,batch16,0,,106403840,116162048,9758208
DIEM/scottish_parliament_1152x864,DIEM,random_k16_seed2026090905,batch16,1,,106403840,116162048,9758208
DIEM/scottish_parliament_1152x864,DIEM,random_k16_seed2026090905,batch16,2,,106403840,116162048,9758208
DIEM/scottish_parliament_1152x864,DIEM,random_k16_seed2026090905,batch16,3,,106403840,116162048,9758208
DIEM/scottish_parliament_1152x864,DIEM,random_k16_seed2026090905,batch16,4,,106403840,116162048,9758208
DIEM/scottish_parliament_1152x864,DIEM,random_k16_seed2026090905,batch16,5,,106403840,116162048,9758208
DIEM/scottish_parliament_1152x864,DIEM,random_k16_seed2026090905,batch16,6,,106403840,116162048,9758208
DIEM/scottish_parliament_1152x864,DIEM,random_k16_seed2026090905,batch16,7,,106403840,116162048,9758208
DIEM/scottish_parliament_1152x864,DIEM,random_k16_seed2026090905,batch16,8,,106403840,116162048,9758208
DIEM/scottish_parliament_1152x864,DIEM,random_k16_seed2026090905,batch16,9,,106403840,116162048,9758208
DIEM/scottish_parliament_1152x864,DIEM,random_k16_seed2026090906,batch16,0,,106403840,116162048,9758208
DIEM/scottish_parliament_1152x864,DIEM,random_k16_seed2026090906,batch16,1,,106403840,116162048,9758208
DIEM/scottish_parliament_1152x864,DIEM,random_k16_seed2026090906,batch16,2,,106403840,116162048,9758208
DIEM/scottish_parliament_1152x864,DIEM,random_k16_seed2026090906,batch16,3,,106403840,116162048,9758208
DIEM/scottish_parliament_1152x864,DIEM,random_k16_seed2026090906,batch16,4,,106403840,116162048,9758208
DIEM/scottish_parliament_1152x864,DIEM,random_k16_seed2026090906,batch16,5,,106403840,116162048,9758208
DIEM/scottish_parliament_1152x864,DIEM,random_k16_seed2026090906,batch16,6,,106403840,116162048,9758208
DIEM/scottish_parliament_1152x864,DIEM,random_k16_seed2026090906,batch16,7,,106403840,116162048,9758208
DIEM/scottish_parliament_1152x864,DIEM,random_k16_seed2026090906,batch16,8,,106403840,116162048,9758208
DIEM/scottish_parliament_1152x864,DIEM,random_k16_seed2026090906,batch16,9,,106403840,116162048,9758208
DIEM/scottish_parliament_1152x864,DIEM,random_k16_seed2026090907,batch16,0,,106403840,116162048,9758208
DIEM/scottish_parliament_1152x864,DIEM,random_k16_seed2026090907,batch16,1,,106403840,116162048,9758208
DIEM/scottish_parliament_1152x864,DIEM,random_k16_seed2026090907,batch16,2,,106403840,116162048,9758208
DIEM/scottish_parliament_1152x864,DIEM,random_k16_seed2026090907,batch16,3,,106403840,116162048,9758208
DIEM/scottish_parliament_1152x864,DIEM,random_k16_seed2026090907,batch16,4,,106403840,116162048,9758208
DIEM/scottish_parliament_1152x864,DIEM,random_k16_seed2026090907,batch16,5,,106403840,116162048,9758208
DIEM/scottish_parliament_1152x864,DIEM,random_k16_seed2026090907,batch16,6,,106403840,116162048,9758208
DIEM/scottish_parliament_1152x864,DIEM,random_k16_seed2026090907,batch16,7,,106403840,116162048,9758208
DIEM/scottish_parliament_1152x864,DIEM,random_k16_seed2026090907,batch16,8,,106403840,116162048,9758208
DIEM/scottish_parliament_1152x864,DIEM,random_k16_seed2026090907,batch16,9,,106403840,116162048,9758208
DIEM/scottish_parliament_1152x864,DIEM,random_k16_seed2026090908,batch16,0,,106403840,116162048,9758208
DIEM/scottish_parliament_1152x864,DIEM,random_k16_seed2026090908,batch16,1,,106403840,116162048,9758208
DIEM/scottish_parliament_1152x864,DIEM,random_k16_seed2026090908,batch16,2,,106403840,116162048,9758208
DIEM/scottish_parliament_1152x864,DIEM,random_k16_seed2026090908,batch16,3,,106403840,116162048,9758208
DIEM/scottish_parliament_1152x864,DIEM,random_k16_seed2026090908,batch16,4,,106403840,116162048,9758208
DIEM/scottish_parliament_1152x864,DIEM,random_k16_seed2026090908,batch16,5,,106403840,116162048,9758208
DIEM/scottish_parliament_1152x864,DIEM,random_k16_seed2026090908,batch16,6,,106403840,116162048,9758208
DIEM/scottish_parliament_1152x864,DIEM,random_k16_seed2026090908,batch16,7,,106403840,116162048,9758208
DIEM/scottish_parliament_1152x864,DIEM,random_k16_seed2026090908,batch16,8,,106403840,116162048,9758208
DIEM/scottish_parliament_1152x864,DIEM,random_k16_seed2026090908,batch16,9,,106403840,116162048,9758208
DIEM/scottish_parliament_1152x864,DIEM,random_k16_seed2026090909,batch16,0,,106403840,116162048,9758208
DIEM/scottish_parliament_1152x864,DIEM,random_k16_seed2026090909,batch16,1,,106403840,116162048,9758208
DIEM/scottish_parliament_1152x864,DIEM,random_k16_seed2026090909,batch16,2,,106403840,116162048,9758208
DIEM/scottish_parliament_1152x864,DIEM,random_k16_seed2026090909,batch16,3,,106403840,116162048,9758208
DIEM/scottish_parliament_1152x864,DIEM,random_k16_seed2026090909,batch16,4,,106403840,116162048,9758208
DIEM/scottish_parliament_1152x864,DIEM,random_k16_seed2026090909,batch16,5,,106403840,116162048,9758208
DIEM/scottish_parliament_1152x864,DIEM,random_k16_seed2026090909,batch16,6,,106403840,116162048,9758208
DIEM/scottish_parliament_1152x864,DIEM,random_k16_seed2026090909,batch16,7,,106403840,116162048,9758208
DIEM/scottish_parliament_1152x864,DIEM,random_k16_seed2026090909,batch16,8,,106403840,116162048,9758208
DIEM/scottish_parliament_1152x864,DIEM,random_k16_seed2026090909,batch16,9,,106403840,116162048,9758208
DIEM/scottish_parliament_1152x864,DIEM,random_k16_seed2026090910,batch16,0,,106403840,116162048,9758208
DIEM/scottish_parliament_1152x864,DIEM,random_k16_seed2026090910,batch16,1,,106403840,116162048,9758208
DIEM/scottish_parliament_1152x864,DIEM,random_k16_seed2026090910,batch16,2,,106403840,116162048,9758208
DIEM/scottish_parliament_1152x864,DIEM,random_k16_seed2026090910,batch16,3,,106403840,116162048,9758208
DIEM/scottish_parliament_1152x864,DIEM,random_k16_seed2026090910,batch16,4,,106403840,116162048,9758208
DIEM/scottish_parliament_1152x864,DIEM,random_k16_seed2026090910,batch16,5,,106403840,116162048,9758208
DIEM/scottish_parliament_1152x864,DIEM,random_k16_seed2026090910,batch16,6,,106403840,116162048,9758208
DIEM/scottish_parliament_1152x864,DIEM,random_k16_seed2026090910,batch16,7,,106403840,116162048,9758208
DIEM/scottish_parliament_1152x864,DIEM,random_k16_seed2026090910,batch16,8,,106403840,116162048,9758208
DIEM/scottish_parliament_1152x864,DIEM,random_k16_seed2026090910,batch16,9,,106403840,116162048,9758208
DIEM/scottish_parliament_1152x864,DIEM,random_k16_seed2026090911,batch16,0,,106403840,116162048,9758208
DIEM/scottish_parliament_1152x864,DIEM,random_k16_seed2026090911,batch16,1,,106403840,116162048,9758208
DIEM/scottish_parliament_1152x864,DIEM,random_k16_seed2026090911,batch16,2,,106403840,116162048,9758208
DIEM/scottish_parliament_1152x864,DIEM,random_k16_seed2026090911,batch16,3,,106403840,116162048,9758208
DIEM/scottish_parliament_1152x864,DIEM,random_k16_seed2026090911,batch16,4,,106403840,116162048,9758208
DIEM/scottish_parliament_1152x864,DIEM,random_k16_seed2026090911,batch16,5,,106403840,116162048,9758208
DIEM/scottish_parliament_1152x864,DIEM,random_k16_seed2026090911,batch16,6,,106403840,116162048,9758208
DIEM/scottish_parliament_1152x864,DIEM,random_k16_seed2026090911,batch16,7,,106403840,116162048,9758208
DIEM/scottish_parliament_1152x864,DIEM,random_k16_seed2026090911,batch16,8,,106403840,116162048,9758208
DIEM/scottish_parliament_1152x864,DIEM,random_k16_seed2026090911,batch16,9,,106403840,116162048,9758208
DIEM/scottish_parliament_1152x864,DIEM,random_k16_seed2026090912,batch16,0,,106403840,116162048,9758208
DIEM/scottish_parliament_1152x864,DIEM,random_k16_seed2026090912,batch16,1,,106403840,116162048,9758208
DIEM/scottish_parliament_1152x864,DIEM,random_k16_seed2026090912,batch16,2,,106403840,116162048,9758208
DIEM/scottish_parliament_1152x864,DIEM,random_k16_seed2026090912,batch16,3,,106403840,116162048,9758208
DIEM/scottish_parliament_1152x864,DIEM,random_k16_seed2026090912,batch16,4,,106403840,116162048,9758208
DIEM/scottish_parliament_1152x864,DIEM,random_k16_seed2026090912,batch16,5,,106403840,116162048,9758208
DIEM/scottish_parliament_1152x864,DIEM,random_k16_seed2026090912,batch16,6,,106403840,116162048,9758208
DIEM/scottish_parliament_1152x864,DIEM,random_k16_seed2026090912,batch16,7,,106403840,116162048,9758208
DIEM/scottish_parliament_1152x864,DIEM,random_k16_seed2026090912,batch16,8,,106403840,116162048,9758208
DIEM/scottish_parliament_1152x864,DIEM,random_k16_seed2026090912,batch16,9,,106403840,116162048,9758208
DIEM/scottish_parliament_1152x864,DIEM,random_k16_seed2026090913,batch16,0,,106403840,116162048,9758208
DIEM/scottish_parliament_1152x864,DIEM,random_k16_seed2026090913,batch16,1,,106403840,116162048,9758208
DIEM/scottish_parliament_1152x864,DIEM,random_k16_seed2026090913,batch16,2,,106403840,116162048,9758208
DIEM/scottish_parliament_1152x864,DIEM,random_k16_seed2026090913,batch16,3,,106403840,116162048,9758208
DIEM/scottish_parliament_1152x864,DIEM,random_k16_seed2026090913,batch16,4,,106403840,116162048,9758208
DIEM/scottish_parliament_1152x864,DIEM,random_k16_seed2026090913,batch16,5,,106403840,116162048,9758208
DIEM/scottish_parliament_1152x864,DIEM,random_k16_seed2026090913,batch16,6,,106403840,116162048,9758208
DIEM/scottish_parliament_1152x864,DIEM,random_k16_seed2026090913,batch16,7,,106403840,116162048,9758208
DIEM/scottish_parliament_1152x864,DIEM,random_k16_seed2026090913,batch16,8,,106403840,116162048,9758208
DIEM/scottish_parliament_1152x864,DIEM,random_k16_seed2026090913,batch16,9,,106403840,116162048,9758208
DIEM/scottish_parliament_1152x864,DIEM,random_k16_seed2026090914,batch16,0,,106403840,116162048,9758208
DIEM/scottish_parliament_1152x864,DIEM,random_k16_seed2026090914,batch16,1,,106403840,116162048,9758208
DIEM/scottish_parliament_1152x864,DIEM,random_k16_seed2026090914,batch16,2,,106403840,116162048,9758208
DIEM/scottish_parliament_1152x864,DIEM,random_k16_seed2026090914,batch16,3,,106403840,116162048,9758208
DIEM/scottish_parliament_1152x864,DIEM,random_k16_seed2026090914,batch16,4,,106403840,116162048,9758208
DIEM/scottish_parliament_1152x864,DIEM,random_k16_seed2026090914,batch16,5,,106403840,116162048,9758208
DIEM/scottish_parliament_1152x864,DIEM,random_k16_seed2026090914,batch16,6,,106403840,116162048,9758208
DIEM/scottish_parliament_1152x864,DIEM,random_k16_seed2026090914,batch16,7,,106403840,116162048,9758208
DIEM/scottish_parliament_1152x864,DIEM,random_k16_seed2026090914,batch16,8,,106403840,116162048,9758208
DIEM/scottish_parliament_1152x864,DIEM,random_k16_seed2026090914,batch16,9,,106403840,116162048,9758208
DIEM/scottish_parliament_1152x864,DIEM,random_k16_seed2026090915,batch16,0,,106403840,116162048,9758208
DIEM/scottish_parliament_1152x864,DIEM,random_k16_seed2026090915,batch16,1,,106403840,116162048,9758208
DIEM/scottish_parliament_1152x864,DIEM,random_k16_seed2026090915,batch16,2,,106403840,116162048,9758208
DIEM/scottish_parliament_1152x864,DIEM,random_k16_seed2026090915,batch16,3,,106403840,116162048,9758208
DIEM/scottish_parliament_1152x864,DIEM,random_k16_seed2026090915,batch16,4,,106403840,116162048,9758208
DIEM/scottish_parliament_1152x864,DIEM,random_k16_seed2026090915,batch16,5,,106403840,116162048,9758208
DIEM/scottish_parliament_1152x864,DIEM,random_k16_seed2026090915,batch16,6,,106403840,116162048,9758208
DIEM/scottish_parliament_1152x864,DIEM,random_k16_seed2026090915,batch16,7,,106403840,116162048,9758208
DIEM/scottish_parliament_1152x864,DIEM,random_k16_seed2026090915,batch16,8,,106403840,116162048,9758208
DIEM/scottish_parliament_1152x864,DIEM,random_k16_seed2026090915,batch16,9,,106403840,116162048,9758208
DIEM/scottish_parliament_1152x864,DIEM,policy:human_k16_seed440826,batch16,0,,106403840,116162048,9758208
DIEM/scottish_parliament_1152x864,DIEM,policy:human_k16_seed440826,batch16,1,,106403840,116162048,9758208
DIEM/scottish_parliament_1152x864,DIEM,policy:human_k16_seed440826,batch16,2,,106403840,116162048,9758208
DIEM/scottish_parliament_1152x864,DIEM,policy:human_k16_seed440826,batch16,3,,106403840,116162048,9758208
DIEM/scottish_parliament_1152x864,DIEM,policy:human_k16_seed440826,batch16,4,,106403840,116162048,9758208
DIEM/scottish_parliament_1152x864,DIEM,policy:human_k16_seed440826,batch16,5,,106403840,116162048,9758208
DIEM/scottish_parliament_1152x864,DIEM,policy:human_k16_seed440826,batch16,6,,106403840,116162048,9758208
DIEM/scottish_parliament_1152x864,DIEM,policy:human_k16_seed440826,batch16,7,,106403840,116162048,9758208
DIEM/scottish_parliament_1152x864,DIEM,policy:human_k16_seed440826,batch16,8,,106403840,116162048,9758208
DIEM/scottish_parliament_1152x864,DIEM,policy:human_k16_seed440826,batch16,9,,106403840,116162048,9758208
DIEM/scottish_parliament_1152x864,DIEM,policy:human_k16_seed440827,batch16,0,,106403840,116162048,9758208
DIEM/scottish_parliament_1152x864,DIEM,policy:human_k16_seed440827,batch16,1,,106403840,116162048,9758208
DIEM/scottish_parliament_1152x864,DIEM,policy:human_k16_seed440827,batch16,2,,106403840,116162048,9758208
DIEM/scottish_parliament_1152x864,DIEM,policy:human_k16_seed440827,batch16,3,,106403840,116162048,9758208
DIEM/scottish_parliament_1152x864,DIEM,policy:human_k16_seed440827,batch16,4,,106403840,116162048,9758208
DIEM/scottish_parliament_1152x864,DIEM,policy:human_k16_seed440827,batch16,5,,106403840,116162048,9758208
DIEM/scottish_parliament_1152x864,DIEM,policy:human_k16_seed440827,batch16,6,,106403840,116162048,9758208
DIEM/scottish_parliament_1152x864,DIEM,policy:human_k16_seed440827,batch16,7,,106403840,116162048,9758208
DIEM/scottish_parliament_1152x864,DIEM,policy:human_k16_seed440827,batch16,8,,106403840,116162048,9758208
DIEM/scottish_parliament_1152x864,DIEM,policy:human_k16_seed440827,batch16,9,,106403840,116162048,9758208
DIEM/scottish_parliament_1152x864,DIEM,policy:human_k16_seed440828,batch16,0,,106403840,116162048,9758208
DIEM/scottish_parliament_1152x864,DIEM,policy:human_k16_seed440828,batch16,1,,106403840,116162048,9758208
DIEM/scottish_parliament_1152x864,DIEM,policy:human_k16_seed440828,batch16,2,,106403840,116162048,9758208
DIEM/scottish_parliament_1152x864,DIEM,policy:human_k16_seed440828,batch16,3,,106403840,116162048,9758208
DIEM/scottish_parliament_1152x864,DIEM,policy:human_k16_seed440828,batch16,4,,106403840,116162048,9758208
DIEM/scottish_parliament_1152x864,DIEM,policy:human_k16_seed440828,batch16,5,,106403840,116162048,9758208
DIEM/scottish_parliament_1152x864,DIEM,policy:human_k16_seed440828,batch16,6,,106403840,116162048,9758208
DIEM/scottish_parliament_1152x864,DIEM,policy:human_k16_seed440828,batch16,7,,106403840,116162048,9758208
DIEM/scottish_parliament_1152x864,DIEM,policy:human_k16_seed440828,batch16,8,,106403840,116162048,9758208
DIEM/scottish_parliament_1152x864,DIEM,policy:human_k16_seed440828,batch16,9,,106403840,116162048,9758208
DIEM/scottish_parliament_1152x864,DIEM,policy:human_k16_seed440829,batch16,0,,106403840,116162048,9758208
DIEM/scottish_parliament_1152x864,DIEM,policy:human_k16_seed440829,batch16,1,,106403840,116162048,9758208
DIEM/scottish_parliament_1152x864,DIEM,policy:human_k16_seed440829,batch16,2,,106403840,116162048,9758208
DIEM/scottish_parliament_1152x864,DIEM,policy:human_k16_seed440829,batch16,3,,106403840,116162048,9758208
DIEM/scottish_parliament_1152x864,DIEM,policy:human_k16_seed440829,batch16,4,,106403840,116162048,9758208
DIEM/scottish_parliament_1152x864,DIEM,policy:human_k16_seed440829,batch16,5,,106403840,116162048,9758208
DIEM/scottish_parliament_1152x864,DIEM,policy:human_k16_seed440829,batch16,6,,106403840,116162048,9758208
DIEM/scottish_parliament_1152x864,DIEM,policy:human_k16_seed440829,batch16,7,,106403840,116162048,9758208
DIEM/scottish_parliament_1152x864,DIEM,policy:human_k16_seed440829,batch16,8,,106403840,116162048,9758208
DIEM/scottish_parliament_1152x864,DIEM,policy:human_k16_seed440829,batch16,9,,106403840,116162048,9758208
DIEM/scottish_parliament_1152x864,DIEM,policy:human_k16_seed440830,batch16,0,,106403840,116162048,9758208
DIEM/scottish_parliament_1152x864,DIEM,policy:human_k16_seed440830,batch16,1,,106403840,116162048,9758208
DIEM/scottish_parliament_1152x864,DIEM,policy:human_k16_seed440830,batch16,2,,106403840,116162048,9758208
DIEM/scottish_parliament_1152x864,DIEM,policy:human_k16_seed440830,batch16,3,,106403840,116162048,9758208
DIEM/scottish_parliament_1152x864,DIEM,policy:human_k16_seed440830,batch16,4,,106403840,116162048,9758208
DIEM/scottish_parliament_1152x864,DIEM,policy:human_k16_seed440830,batch16,5,,106403840,116162048,9758208
DIEM/scottish_parliament_1152x864,DIEM,policy:human_k16_seed440830,batch16,6,,106403840,116162048,9758208
DIEM/scottish_parliament_1152x864,DIEM,policy:human_k16_seed440830,batch16,7,,106403840,116162048,9758208
DIEM/scottish_parliament_1152x864,DIEM,policy:human_k16_seed440830,batch16,8,,106403840,116162048,9758208
DIEM/scottish_parliament_1152x864,DIEM,policy:human_k16_seed440830,batch16,9,,106403840,116162048,9758208
DIEM/scottish_parliament_1152x864,DIEM,policy:human_k16_seed440831,batch16,0,,106403840,116162048,9758208
DIEM/scottish_parliament_1152x864,DIEM,policy:human_k16_seed440831,batch16,1,,106403840,116162048,9758208
DIEM/scottish_parliament_1152x864,DIEM,policy:human_k16_seed440831,batch16,2,,106403840,116162048,9758208
DIEM/scottish_parliament_1152x864,DIEM,policy:human_k16_seed440831,batch16,3,,106403840,116162048,9758208
DIEM/scottish_parliament_1152x864,DIEM,policy:human_k16_seed440831,batch16,4,,106403840,116162048,9758208
DIEM/scottish_parliament_1152x864,DIEM,policy:human_k16_seed440831,batch16,5,,106403840,116162048,9758208
DIEM/scottish_parliament_1152x864,DIEM,policy:human_k16_seed440831,batch16,6,,106403840,116162048,9758208
DIEM/scottish_parliament_1152x864,DIEM,policy:human_k16_seed440831,batch16,7,,106403840,116162048,9758208
DIEM/scottish_parliament_1152x864,DIEM,policy:human_k16_seed440831,batch16,8,,106403840,116162048,9758208
DIEM/scottish_parliament_1152x864,DIEM,policy:human_k16_seed440831,batch16,9,,106403840,116162048,9758208
DIEM/scottish_parliament_1152x864,DIEM,policy:pretrained_k16,batch16,0,,106403840,116162048,9758208
DIEM/scottish_parliament_1152x864,DIEM,policy:pretrained_k16,batch16,1,,106403840,116162048,9758208
DIEM/scottish_parliament_1152x864,DIEM,policy:pretrained_k16,batch16,2,,106403840,116162048,9758208
DIEM/scottish_parliament_1152x864,DIEM,policy:pretrained_k16,batch16,3,,106403840,116162048,9758208
DIEM/scottish_parliament_1152x864,DIEM,policy:pretrained_k16,batch16,4,,106403840,116162048,9758208
DIEM/scottish_parliament_1152x864,DIEM,policy:pretrained_k16,batch16,5,,106403840,116162048,9758208
DIEM/scottish_parliament_1152x864,DIEM,policy:pretrained_k16,batch16,6,,106403840,116162048,9758208
DIEM/scottish_parliament_1152x864,DIEM,policy:pretrained_k16,batch16,7,,106403840,116162048,9758208
DIEM/scottish_parliament_1152x864,DIEM,policy:pretrained_k16,batch16,8,,106403840,116162048,9758208
DIEM/scottish_parliament_1152x864,DIEM,policy:pretrained_k16,batch16,9,,106403840,116162048,9758208
DIEM/scottish_parliament_1152x864,DIEM,tome_r5,batch16,0,,106403840,176946176,70542336
DIEM/scottish_parliament_1152x864,DIEM,tome_r5,batch16,1,,106403840,176946176,70542336
DIEM/scottish_parliament_1152x864,DIEM,tome_r5,batch16,2,,106403840,176946176,70542336
DIEM/scottish_parliament_1152x864,DIEM,tome_r5,batch16,3,,106403840,176946176,70542336
DIEM/scottish_parliament_1152x864,DIEM,tome_r5,batch16,4,,106403840,176946176,70542336
DIEM/scottish_parliament_1152x864,DIEM,tome_r5,batch16,5,,106403840,176946176,70542336
DIEM/scottish_parliament_1152x864,DIEM,tome_r5,batch16,6,,106403840,176946176,70542336
DIEM/scottish_parliament_1152x864,DIEM,tome_r5,batch16,7,,106403840,176946176,70542336
DIEM/scottish_parliament_1152x864,DIEM,tome_r5,batch16,8,,106403840,176946176,70542336
DIEM/scottish_parliament_1152x864,DIEM,tome_r5,batch16,9,,106403840,176946176,70542336
DIEM/scottish_parliament_1152x864,DIEM,tome_r10,batch16,0,,106403840,174220288,67816448
DIEM/scottish_parliament_1152x864,DIEM,tome_r10,batch16,1,,106403840,174220288,67816448
DIEM/scottish_parliament_1152x864,DIEM,tome_r10,batch16,2,,106403840,174220288,67816448
DIEM/scottish_parliament_1152x864,DIEM,tome_r10,batch16,3,,106403840,174220288,67816448
DIEM/scottish_parliament_1152x864,DIEM,tome_r10,batch16,4,,106403840,174220288,67816448
DIEM/scottish_parliament_1152x864,DIEM,tome_r10,batch16,5,,106403840,174220288,67816448
DIEM/scottish_parliament_1152x864,DIEM,tome_r10,batch16,6,,106403840,174220288,67816448
DIEM/scottish_parliament_1152x864,DIEM,tome_r10,batch16,7,,106403840,174220288,67816448
DIEM/scottish_parliament_1152x864,DIEM,tome_r10,batch16,8,,106403840,174220288,67816448
DIEM/scottish_parliament_1152x864,DIEM,tome_r10,batch16,9,,106403840,174220288,67816448
DIEM/scottish_parliament_1152x864,DIEM,tome_r15,batch16,0,,106403840,171617280,65213440
DIEM/scottish_parliament_1152x864,DIEM,tome_r15,batch16,1,,106403840,171617280,65213440
DIEM/scottish_parliament_1152x864,DIEM,tome_r15,batch16,2,,106403840,171617280,65213440
DIEM/scottish_parliament_1152x864,DIEM,tome_r15,batch16,3,,106403840,171617280,65213440
DIEM/scottish_parliament_1152x864,DIEM,tome_r15,batch16,4,,106403840,171617280,65213440
DIEM/scottish_parliament_1152x864,DIEM,tome_r15,batch16,5,,106403840,171617280,65213440
DIEM/scottish_parliament_1152x864,DIEM,tome_r15,batch16,6,,106403840,171617280,65213440
DIEM/scottish_parliament_1152x864,DIEM,tome_r15,batch16,7,,106403840,171617280,65213440
DIEM/scottish_parliament_1152x864,DIEM,tome_r15,batch16,8,,106403840,171617280,65213440
DIEM/scottish_parliament_1152x864,DIEM,tome_r15,batch16,9,,106403840,171617280,65213440
ETMD_av/CRA_1_color,ETMD_av,dense,batch16,0,,106403840,165781504,59377664
ETMD_av/CRA_1_color,ETMD_av,dense,batch16,1,,106403840,165781504,59377664
ETMD_av/CRA_1_color,ETMD_av,dense,batch16,2,,106403840,165781504,59377664
ETMD_av/CRA_1_color,ETMD_av,dense,batch16,3,,106403840,165781504,59377664
ETMD_av/CRA_1_color,ETMD_av,dense,batch16,4,,106403840,165781504,59377664
ETMD_av/CRA_1_color,ETMD_av,dense,batch16,5,,106403840,165781504,59377664
ETMD_av/CRA_1_color,ETMD_av,dense,batch16,6,,106403840,165781504,59377664
ETMD_av/CRA_1_color,ETMD_av,dense,batch16,7,,106403840,165781504,59377664
ETMD_av/CRA_1_color,ETMD_av,dense,batch16,8,,106403840,165781504,59377664
ETMD_av/CRA_1_color,ETMD_av,dense,batch16,9,,106403840,165781504,59377664
ETMD_av/CRA_1_color,ETMD_av,central_k16,batch16,0,,106403840,116162048,9758208
ETMD_av/CRA_1_color,ETMD_av,central_k16,batch16,1,,106403840,116162048,9758208
ETMD_av/CRA_1_color,ETMD_av,central_k16,batch16,2,,106403840,116162048,9758208
ETMD_av/CRA_1_color,ETMD_av,central_k16,batch16,3,,106403840,116162048,9758208
ETMD_av/CRA_1_color,ETMD_av,central_k16,batch16,4,,106403840,116162048,9758208
ETMD_av/CRA_1_color,ETMD_av,central_k16,batch16,5,,106403840,116162048,9758208
ETMD_av/CRA_1_color,ETMD_av,central_k16,batch16,6,,106403840,116162048,9758208
ETMD_av/CRA_1_color,ETMD_av,central_k16,batch16,7,,106403840,116162048,9758208
ETMD_av/CRA_1_color,ETMD_av,central_k16,batch16,8,,106403840,116162048,9758208
ETMD_av/CRA_1_color,ETMD_av,central_k16,batch16,9,,106403840,116162048,9758208
ETMD_av/CRA_1_color,ETMD_av,random_k16_seed2026090900,batch16,0,,106403840,116162048,9758208
ETMD_av/CRA_1_color,ETMD_av,random_k16_seed2026090900,batch16,1,,106403840,116162048,9758208
ETMD_av/CRA_1_color,ETMD_av,random_k16_seed2026090900,batch16,2,,106403840,116162048,9758208
ETMD_av/CRA_1_color,ETMD_av,random_k16_seed2026090900,batch16,3,,106403840,116162048,9758208
ETMD_av/CRA_1_color,ETMD_av,random_k16_seed2026090900,batch16,4,,106403840,116162048,9758208
ETMD_av/CRA_1_color,ETMD_av,random_k16_seed2026090900,batch16,5,,106403840,116162048,9758208
ETMD_av/CRA_1_color,ETMD_av,random_k16_seed2026090900,batch16,6,,106403840,116162048,9758208
ETMD_av/CRA_1_color,ETMD_av,random_k16_seed2026090900,batch16,7,,106403840,116162048,9758208
ETMD_av/CRA_1_color,ETMD_av,random_k16_seed2026090900,batch16,8,,106403840,116162048,9758208
ETMD_av/CRA_1_color,ETMD_av,random_k16_seed2026090900,batch16,9,,106403840,116162048,9758208
ETMD_av/CRA_1_color,ETMD_av,random_k16_seed2026090901,batch16,0,,106403840,116162048,9758208
ETMD_av/CRA_1_color,ETMD_av,random_k16_seed2026090901,batch16,1,,106403840,116162048,9758208
ETMD_av/CRA_1_color,ETMD_av,random_k16_seed2026090901,batch16,2,,106403840,116162048,9758208
ETMD_av/CRA_1_color,ETMD_av,random_k16_seed2026090901,batch16,3,,106403840,116162048,9758208
ETMD_av/CRA_1_color,ETMD_av,random_k16_seed2026090901,batch16,4,,106403840,116162048,9758208
ETMD_av/CRA_1_color,ETMD_av,random_k16_seed2026090901,batch16,5,,106403840,116162048,9758208
ETMD_av/CRA_1_color,ETMD_av,random_k16_seed2026090901,batch16,6,,106403840,116162048,9758208
ETMD_av/CRA_1_color,ETMD_av,random_k16_seed2026090901,batch16,7,,106403840,116162048,9758208
ETMD_av/CRA_1_color,ETMD_av,random_k16_seed2026090901,batch16,8,,106403840,116162048,9758208
ETMD_av/CRA_1_color,ETMD_av,random_k16_seed2026090901,batch16,9,,106403840,116162048,9758208
ETMD_av/CRA_1_color,ETMD_av,random_k16_seed2026090902,batch16,0,,106403840,116162048,9758208
ETMD_av/CRA_1_color,ETMD_av,random_k16_seed2026090902,batch16,1,,106403840,116162048,9758208
ETMD_av/CRA_1_color,ETMD_av,random_k16_seed2026090902,batch16,2,,106403840,116162048,9758208
ETMD_av/CRA_1_color,ETMD_av,random_k16_seed2026090902,batch16,3,,106403840,116162048,9758208
ETMD_av/CRA_1_color,ETMD_av,random_k16_seed2026090902,batch16,4,,106403840,116162048,9758208
ETMD_av/CRA_1_color,ETMD_av,random_k16_seed2026090902,batch16,5,,106403840,116162048,9758208
ETMD_av/CRA_1_color,ETMD_av,random_k16_seed2026090902,batch16,6,,106403840,116162048,9758208
ETMD_av/CRA_1_color,ETMD_av,random_k16_seed2026090902,batch16,7,,106403840,116162048,9758208
ETMD_av/CRA_1_color,ETMD_av,random_k16_seed2026090902,batch16,8,,106403840,116162048,9758208
ETMD_av/CRA_1_color,ETMD_av,random_k16_seed2026090902,batch16,9,,106403840,116162048,9758208
ETMD_av/CRA_1_color,ETMD_av,random_k16_seed2026090903,batch16,0,,106403840,116162048,9758208
ETMD_av/CRA_1_color,ETMD_av,random_k16_seed2026090903,batch16,1,,106403840,116162048,9758208
ETMD_av/CRA_1_color,ETMD_av,random_k16_seed2026090903,batch16,2,,106403840,116162048,9758208
ETMD_av/CRA_1_color,ETMD_av,random_k16_seed2026090903,batch16,3,,106403840,116162048,9758208
ETMD_av/CRA_1_color,ETMD_av,random_k16_seed2026090903,batch16,4,,106403840,116162048,9758208
ETMD_av/CRA_1_color,ETMD_av,random_k16_seed2026090903,batch16,5,,106403840,116162048,9758208
ETMD_av/CRA_1_color,ETMD_av,random_k16_seed2026090903,batch16,6,,106403840,116162048,9758208
ETMD_av/CRA_1_color,ETMD_av,random_k16_seed2026090903,batch16,7,,106403840,116162048,9758208
ETMD_av/CRA_1_color,ETMD_av,random_k16_seed2026090903,batch16,8,,106403840,116162048,9758208
ETMD_av/CRA_1_color,ETMD_av,random_k16_seed2026090903,batch16,9,,106403840,116162048,9758208
ETMD_av/CRA_1_color,ETMD_av,random_k16_seed2026090904,batch16,0,,106403840,116162048,9758208
ETMD_av/CRA_1_color,ETMD_av,random_k16_seed2026090904,batch16,1,,106403840,116162048,9758208
ETMD_av/CRA_1_color,ETMD_av,random_k16_seed2026090904,batch16,2,,106403840,116162048,9758208
ETMD_av/CRA_1_color,ETMD_av,random_k16_seed2026090904,batch16,3,,106403840,116162048,9758208
ETMD_av/CRA_1_color,ETMD_av,random_k16_seed2026090904,batch16,4,,106403840,116162048,9758208
ETMD_av/CRA_1_color,ETMD_av,random_k16_seed2026090904,batch16,5,,106403840,116162048,9758208
ETMD_av/CRA_1_color,ETMD_av,random_k16_seed2026090904,batch16,6,,106403840,116162048,9758208
ETMD_av/CRA_1_color,ETMD_av,random_k16_seed2026090904,batch16,7,,106403840,116162048,9758208
ETMD_av/CRA_1_color,ETMD_av,random_k16_seed2026090904,batch16,8,,106403840,116162048,9758208
ETMD_av/CRA_1_color,ETMD_av,random_k16_seed2026090904,batch16,9,,106403840,116162048,9758208
ETMD_av/CRA_1_color,ETMD_av,random_k16_seed2026090905,batch16,0,,106403840,116162048,9758208
ETMD_av/CRA_1_color,ETMD_av,random_k16_seed2026090905,batch16,1,,106403840,116162048,9758208
ETMD_av/CRA_1_color,ETMD_av,random_k16_seed2026090905,batch16,2,,106403840,116162048,9758208
ETMD_av/CRA_1_color,ETMD_av,random_k16_seed2026090905,batch16,3,,106403840,116162048,9758208
ETMD_av/CRA_1_color,ETMD_av,random_k16_seed2026090905,batch16,4,,106403840,116162048,9758208
ETMD_av/CRA_1_color,ETMD_av,random_k16_seed2026090905,batch16,5,,106403840,116162048,9758208
ETMD_av/CRA_1_color,ETMD_av,random_k16_seed2026090905,batch16,6,,106403840,116162048,9758208
ETMD_av/CRA_1_color,ETMD_av,random_k16_seed2026090905,batch16,7,,106403840,116162048,9758208
ETMD_av/CRA_1_color,ETMD_av,random_k16_seed2026090905,batch16,8,,106403840,116162048,9758208
ETMD_av/CRA_1_color,ETMD_av,random_k16_seed2026090905,batch16,9,,106403840,116162048,9758208
ETMD_av/CRA_1_color,ETMD_av,random_k16_seed2026090906,batch16,0,,106403840,116162048,9758208
ETMD_av/CRA_1_color,ETMD_av,random_k16_seed2026090906,batch16,1,,106403840,116162048,9758208
ETMD_av/CRA_1_color,ETMD_av,random_k16_seed2026090906,batch16,2,,106403840,116162048,9758208
ETMD_av/CRA_1_color,ETMD_av,random_k16_seed2026090906,batch16,3,,106403840,116162048,9758208
ETMD_av/CRA_1_color,ETMD_av,random_k16_seed2026090906,batch16,4,,106403840,116162048,9758208
ETMD_av/CRA_1_color,ETMD_av,random_k16_seed2026090906,batch16,5,,106403840,116162048,9758208
ETMD_av/CRA_1_color,ETMD_av,random_k16_seed2026090906,batch16,6,,106403840,116162048,9758208
ETMD_av/CRA_1_color,ETMD_av,random_k16_seed2026090906,batch16,7,,106403840,116162048,9758208
ETMD_av/CRA_1_color,ETMD_av,random_k16_seed2026090906,batch16,8,,106403840,116162048,9758208
ETMD_av/CRA_1_color,ETMD_av,random_k16_seed2026090906,batch16,9,,106403840,116162048,9758208
ETMD_av/CRA_1_color,ETMD_av,random_k16_seed2026090907,batch16,0,,106403840,116162048,9758208
ETMD_av/CRA_1_color,ETMD_av,random_k16_seed2026090907,batch16,1,,106403840,116162048,9758208
ETMD_av/CRA_1_color,ETMD_av,random_k16_seed2026090907,batch16,2,,106403840,116162048,9758208
ETMD_av/CRA_1_color,ETMD_av,random_k16_seed2026090907,batch16,3,,106403840,116162048,9758208
ETMD_av/CRA_1_color,ETMD_av,random_k16_seed2026090907,batch16,4,,106403840,116162048,9758208
ETMD_av/CRA_1_color,ETMD_av,random_k16_seed2026090907,batch16,5,,106403840,116162048,9758208
ETMD_av/CRA_1_color,ETMD_av,random_k16_seed2026090907,batch16,6,,106403840,116162048,9758208
ETMD_av/CRA_1_color,ETMD_av,random_k16_seed2026090907,batch16,7,,106403840,116162048,9758208
ETMD_av/CRA_1_color,ETMD_av,random_k16_seed2026090907,batch16,8,,106403840,116162048,9758208
ETMD_av/CRA_1_color,ETMD_av,random_k16_seed2026090907,batch16,9,,106403840,116162048,9758208
ETMD_av/CRA_1_color,ETMD_av,random_k16_seed2026090908,batch16,0,,106403840,116162048,9758208
ETMD_av/CRA_1_color,ETMD_av,random_k16_seed2026090908,batch16,1,,106403840,116162048,9758208
ETMD_av/CRA_1_color,ETMD_av,random_k16_seed2026090908,batch16,2,,106403840,116162048,9758208
ETMD_av/CRA_1_color,ETMD_av,random_k16_seed2026090908,batch16,3,,106403840,116162048,9758208
ETMD_av/CRA_1_color,ETMD_av,random_k16_seed2026090908,batch16,4,,106403840,116162048,9758208
ETMD_av/CRA_1_color,ETMD_av,random_k16_seed2026090908,batch16,5,,106403840,116162048,9758208
ETMD_av/CRA_1_color,ETMD_av,random_k16_seed2026090908,batch16,6,,106403840,116162048,9758208
ETMD_av/CRA_1_color,ETMD_av,random_k16_seed2026090908,batch16,7,,106403840,116162048,9758208
ETMD_av/CRA_1_color,ETMD_av,random_k16_seed2026090908,batch16,8,,106403840,116162048,9758208
ETMD_av/CRA_1_color,ETMD_av,random_k16_seed2026090908,batch16,9,,106403840,116162048,9758208
ETMD_av/CRA_1_color,ETMD_av,random_k16_seed2026090909,batch16,0,,106403840,116162048,9758208
ETMD_av/CRA_1_color,ETMD_av,random_k16_seed2026090909,batch16,1,,106403840,116162048,9758208
ETMD_av/CRA_1_color,ETMD_av,random_k16_seed2026090909,batch16,2,,106403840,116162048,9758208
ETMD_av/CRA_1_color,ETMD_av,random_k16_seed2026090909,batch16,3,,106403840,116162048,9758208
ETMD_av/CRA_1_color,ETMD_av,random_k16_seed2026090909,batch16,4,,106403840,116162048,9758208
ETMD_av/CRA_1_color,ETMD_av,random_k16_seed2026090909,batch16,5,,106403840,116162048,9758208
ETMD_av/CRA_1_color,ETMD_av,random_k16_seed2026090909,batch16,6,,106403840,116162048,9758208
ETMD_av/CRA_1_color,ETMD_av,random_k16_seed2026090909,batch16,7,,106403840,116162048,9758208
ETMD_av/CRA_1_color,ETMD_av,random_k16_seed2026090909,batch16,8,,106403840,116162048,9758208
ETMD_av/CRA_1_color,ETMD_av,random_k16_seed2026090909,batch16,9,,106403840,116162048,9758208
ETMD_av/CRA_1_color,ETMD_av,random_k16_seed2026090910,batch16,0,,106403840,116162048,9758208
ETMD_av/CRA_1_color,ETMD_av,random_k16_seed2026090910,batch16,1,,106403840,116162048,9758208
ETMD_av/CRA_1_color,ETMD_av,random_k16_seed2026090910,batch16,2,,106403840,116162048,9758208
ETMD_av/CRA_1_color,ETMD_av,random_k16_seed2026090910,batch16,3,,106403840,116162048,9758208
ETMD_av/CRA_1_color,ETMD_av,random_k16_seed2026090910,batch16,4,,106403840,116162048,9758208
ETMD_av/CRA_1_color,ETMD_av,random_k16_seed2026090910,batch16,5,,106403840,116162048,9758208
ETMD_av/CRA_1_color,ETMD_av,random_k16_seed2026090910,batch16,6,,106403840,116162048,9758208
ETMD_av/CRA_1_color,ETMD_av,random_k16_seed2026090910,batch16,7,,106403840,116162048,9758208
ETMD_av/CRA_1_color,ETMD_av,random_k16_seed2026090910,batch16,8,,106403840,116162048,9758208
ETMD_av/CRA_1_color,ETMD_av,random_k16_seed2026090910,batch16,9,,106403840,116162048,9758208
ETMD_av/CRA_1_color,ETMD_av,random_k16_seed2026090911,batch16,0,,106403840,116162048,9758208
ETMD_av/CRA_1_color,ETMD_av,random_k16_seed2026090911,batch16,1,,106403840,116162048,9758208
ETMD_av/CRA_1_color,ETMD_av,random_k16_seed2026090911,batch16,2,,106403840,116162048,9758208
ETMD_av/CRA_1_color,ETMD_av,random_k16_seed2026090911,batch16,3,,106403840,116162048,9758208
ETMD_av/CRA_1_color,ETMD_av,random_k16_seed2026090911,batch16,4,,106403840,116162048,9758208
ETMD_av/CRA_1_color,ETMD_av,random_k16_seed2026090911,batch16,5,,106403840,116162048,9758208
ETMD_av/CRA_1_color,ETMD_av,random_k16_seed2026090911,batch16,6,,106403840,116162048,9758208
ETMD_av/CRA_1_color,ETMD_av,random_k16_seed2026090911,batch16,7,,106403840,116162048,9758208
ETMD_av/CRA_1_color,ETMD_av,random_k16_seed2026090911,batch16,8,,106403840,116162048,9758208
ETMD_av/CRA_1_color,ETMD_av,random_k16_seed2026090911,batch16,9,,106403840,116162048,9758208
ETMD_av/CRA_1_color,ETMD_av,random_k16_seed2026090912,batch16,0,,106403840,116162048,9758208
ETMD_av/CRA_1_color,ETMD_av,random_k16_seed2026090912,batch16,1,,106403840,116162048,9758208
ETMD_av/CRA_1_color,ETMD_av,random_k16_seed2026090912,batch16,2,,106403840,116162048,9758208
ETMD_av/CRA_1_color,ETMD_av,random_k16_seed2026090912,batch16,3,,106403840,116162048,9758208
ETMD_av/CRA_1_color,ETMD_av,random_k16_seed2026090912,batch16,4,,106403840,116162048,9758208
ETMD_av/CRA_1_color,ETMD_av,random_k16_seed2026090912,batch16,5,,106403840,116162048,9758208
ETMD_av/CRA_1_color,ETMD_av,random_k16_seed2026090912,batch16,6,,106403840,116162048,9758208
ETMD_av/CRA_1_color,ETMD_av,random_k16_seed2026090912,batch16,7,,106403840,116162048,9758208
ETMD_av/CRA_1_color,ETMD_av,random_k16_seed2026090912,batch16,8,,106403840,116162048,9758208
ETMD_av/CRA_1_color,ETMD_av,random_k16_seed2026090912,batch16,9,,106403840,116162048,9758208
ETMD_av/CRA_1_color,ETMD_av,random_k16_seed2026090913,batch16,0,,106403840,116162048,9758208
ETMD_av/CRA_1_color,ETMD_av,random_k16_seed2026090913,batch16,1,,106403840,116162048,9758208
ETMD_av/CRA_1_color,ETMD_av,random_k16_seed2026090913,batch16,2,,106403840,116162048,9758208
ETMD_av/CRA_1_color,ETMD_av,random_k16_seed2026090913,batch16,3,,106403840,116162048,9758208
ETMD_av/CRA_1_color,ETMD_av,random_k16_seed2026090913,batch16,4,,106403840,116162048,9758208
ETMD_av/CRA_1_color,ETMD_av,random_k16_seed2026090913,batch16,5,,106403840,116162048,9758208
ETMD_av/CRA_1_color,ETMD_av,random_k16_seed2026090913,batch16,6,,106403840,116162048,9758208
ETMD_av/CRA_1_color,ETMD_av,random_k16_seed2026090913,batch16,7,,106403840,116162048,9758208
ETMD_av/CRA_1_color,ETMD_av,random_k16_seed2026090913,batch16,8,,106403840,116162048,9758208
ETMD_av/CRA_1_color,ETMD_av,random_k16_seed2026090913,batch16,9,,106403840,116162048,9758208
ETMD_av/CRA_1_color,ETMD_av,random_k16_seed2026090914,batch16,0,,106403840,116162048,9758208
ETMD_av/CRA_1_color,ETMD_av,random_k16_seed2026090914,batch16,1,,106403840,116162048,9758208
ETMD_av/CRA_1_color,ETMD_av,random_k16_seed2026090914,batch16,2,,106403840,116162048,9758208
ETMD_av/CRA_1_color,ETMD_av,random_k16_seed2026090914,batch16,3,,106403840,116162048,9758208
ETMD_av/CRA_1_color,ETMD_av,random_k16_seed2026090914,batch16,4,,106403840,116162048,9758208
ETMD_av/CRA_1_color,ETMD_av,random_k16_seed2026090914,batch16,5,,106403840,116162048,9758208
ETMD_av/CRA_1_color,ETMD_av,random_k16_seed2026090914,batch16,6,,106403840,116162048,9758208
ETMD_av/CRA_1_color,ETMD_av,random_k16_seed2026090914,batch16,7,,106403840,116162048,9758208
ETMD_av/CRA_1_color,ETMD_av,random_k16_seed2026090914,batch16,8,,106403840,116162048,9758208
ETMD_av/CRA_1_color,ETMD_av,random_k16_seed2026090914,batch16,9,,106403840,116162048,9758208
ETMD_av/CRA_1_color,ETMD_av,random_k16_seed2026090915,batch16,0,,106403840,116162048,9758208
ETMD_av/CRA_1_color,ETMD_av,random_k16_seed2026090915,batch16,1,,106403840,116162048,9758208
ETMD_av/CRA_1_color,ETMD_av,random_k16_seed2026090915,batch16,2,,106403840,116162048,9758208
ETMD_av/CRA_1_color,ETMD_av,random_k16_seed2026090915,batch16,3,,106403840,116162048,9758208
ETMD_av/CRA_1_color,ETMD_av,random_k16_seed2026090915,batch16,4,,106403840,116162048,9758208
ETMD_av/CRA_1_color,ETMD_av,random_k16_seed2026090915,batch16,5,,106403840,116162048,9758208
ETMD_av/CRA_1_color,ETMD_av,random_k16_seed2026090915,batch16,6,,106403840,116162048,9758208
ETMD_av/CRA_1_color,ETMD_av,random_k16_seed2026090915,batch16,7,,106403840,116162048,9758208
ETMD_av/CRA_1_color,ETMD_av,random_k16_seed2026090915,batch16,8,,106403840,116162048,9758208
ETMD_av/CRA_1_color,ETMD_av,random_k16_seed2026090915,batch16,9,,106403840,116162048,9758208
ETMD_av/CRA_1_color,ETMD_av,policy:human_k16_seed440826,batch16,0,,106403840,116162048,9758208
ETMD_av/CRA_1_color,ETMD_av,policy:human_k16_seed440826,batch16,1,,106403840,116162048,9758208
ETMD_av/CRA_1_color,ETMD_av,policy:human_k16_seed440826,batch16,2,,106403840,116162048,9758208
ETMD_av/CRA_1_color,ETMD_av,policy:human_k16_seed440826,batch16,3,,106403840,116162048,9758208
ETMD_av/CRA_1_color,ETMD_av,policy:human_k16_seed440826,batch16,4,,106403840,116162048,9758208
ETMD_av/CRA_1_color,ETMD_av,policy:human_k16_seed440826,batch16,5,,106403840,116162048,9758208
ETMD_av/CRA_1_color,ETMD_av,policy:human_k16_seed440826,batch16,6,,106403840,116162048,9758208
ETMD_av/CRA_1_color,ETMD_av,policy:human_k16_seed440826,batch16,7,,106403840,116162048,9758208
ETMD_av/CRA_1_color,ETMD_av,policy:human_k16_seed440826,batch16,8,,106403840,116162048,9758208
ETMD_av/CRA_1_color,ETMD_av,policy:human_k16_seed440826,batch16,9,,106403840,116162048,9758208
ETMD_av/CRA_1_color,ETMD_av,policy:human_k16_seed440827,batch16,0,,106403840,116162048,9758208
ETMD_av/CRA_1_color,ETMD_av,policy:human_k16_seed440827,batch16,1,,106403840,116162048,9758208
ETMD_av/CRA_1_color,ETMD_av,policy:human_k16_seed440827,batch16,2,,106403840,116162048,9758208
ETMD_av/CRA_1_color,ETMD_av,policy:human_k16_seed440827,batch16,3,,106403840,116162048,9758208
ETMD_av/CRA_1_color,ETMD_av,policy:human_k16_seed440827,batch16,4,,106403840,116162048,9758208
ETMD_av/CRA_1_color,ETMD_av,policy:human_k16_seed440827,batch16,5,,106403840,116162048,9758208
ETMD_av/CRA_1_color,ETMD_av,policy:human_k16_seed440827,batch16,6,,106403840,116162048,9758208
ETMD_av/CRA_1_color,ETMD_av,policy:human_k16_seed440827,batch16,7,,106403840,116162048,9758208
ETMD_av/CRA_1_color,ETMD_av,policy:human_k16_seed440827,batch16,8,,106403840,116162048,9758208
ETMD_av/CRA_1_color,ETMD_av,policy:human_k16_seed440827,batch16,9,,106403840,116162048,9758208
ETMD_av/CRA_1_color,ETMD_av,policy:human_k16_seed440828,batch16,0,,106403840,116162048,9758208
ETMD_av/CRA_1_color,ETMD_av,policy:human_k16_seed440828,batch16,1,,106403840,116162048,9758208
ETMD_av/CRA_1_color,ETMD_av,policy:human_k16_seed440828,batch16,2,,106403840,116162048,9758208
ETMD_av/CRA_1_color,ETMD_av,policy:human_k16_seed440828,batch16,3,,106403840,116162048,9758208
ETMD_av/CRA_1_color,ETMD_av,policy:human_k16_seed440828,batch16,4,,106403840,116162048,9758208
ETMD_av/CRA_1_color,ETMD_av,policy:human_k16_seed440828,batch16,5,,106403840,116162048,9758208
ETMD_av/CRA_1_color,ETMD_av,policy:human_k16_seed440828,batch16,6,,106403840,116162048,9758208
ETMD_av/CRA_1_color,ETMD_av,policy:human_k16_seed440828,batch16,7,,106403840,116162048,9758208
ETMD_av/CRA_1_color,ETMD_av,policy:human_k16_seed440828,batch16,8,,106403840,116162048,9758208
ETMD_av/CRA_1_color,ETMD_av,policy:human_k16_seed440828,batch16,9,,106403840,116162048,9758208
ETMD_av/CRA_1_color,ETMD_av,policy:human_k16_seed440829,batch16,0,,106403840,116162048,9758208
ETMD_av/CRA_1_color,ETMD_av,policy:human_k16_seed440829,batch16,1,,106403840,116162048,9758208
ETMD_av/CRA_1_color,ETMD_av,policy:human_k16_seed440829,batch16,2,,106403840,116162048,9758208
ETMD_av/CRA_1_color,ETMD_av,policy:human_k16_seed440829,batch16,3,,106403840,116162048,9758208
ETMD_av/CRA_1_color,ETMD_av,policy:human_k16_seed440829,batch16,4,,106403840,116162048,9758208
ETMD_av/CRA_1_color,ETMD_av,policy:human_k16_seed440829,batch16,5,,106403840,116162048,9758208
ETMD_av/CRA_1_color,ETMD_av,policy:human_k16_seed440829,batch16,6,,106403840,116162048,9758208
ETMD_av/CRA_1_color,ETMD_av,policy:human_k16_seed440829,batch16,7,,106403840,116162048,9758208
ETMD_av/CRA_1_color,ETMD_av,policy:human_k16_seed440829,batch16,8,,106403840,116162048,9758208
ETMD_av/CRA_1_color,ETMD_av,policy:human_k16_seed440829,batch16,9,,106403840,116162048,9758208
ETMD_av/CRA_1_color,ETMD_av,policy:human_k16_seed440830,batch16,0,,106403840,116162048,9758208
ETMD_av/CRA_1_color,ETMD_av,policy:human_k16_seed440830,batch16,1,,106403840,116162048,9758208
ETMD_av/CRA_1_color,ETMD_av,policy:human_k16_seed440830,batch16,2,,106403840,116162048,9758208
ETMD_av/CRA_1_color,ETMD_av,policy:human_k16_seed440830,batch16,3,,106403840,116162048,9758208
ETMD_av/CRA_1_color,ETMD_av,policy:human_k16_seed440830,batch16,4,,106403840,116162048,9758208
ETMD_av/CRA_1_color,ETMD_av,policy:human_k16_seed440830,batch16,5,,106403840,116162048,9758208
ETMD_av/CRA_1_color,ETMD_av,policy:human_k16_seed440830,batch16,6,,106403840,116162048,9758208
ETMD_av/CRA_1_color,ETMD_av,policy:human_k16_seed440830,batch16,7,,106403840,116162048,9758208
ETMD_av/CRA_1_color,ETMD_av,policy:human_k16_seed440830,batch16,8,,106403840,116162048,9758208
ETMD_av/CRA_1_color,ETMD_av,policy:human_k16_seed440830,batch16,9,,106403840,116162048,9758208
ETMD_av/CRA_1_color,ETMD_av,policy:human_k16_seed440831,batch16,0,,106403840,116162048,9758208
ETMD_av/CRA_1_color,ETMD_av,policy:human_k16_seed440831,batch16,1,,106403840,116162048,9758208
ETMD_av/CRA_1_color,ETMD_av,policy:human_k16_seed440831,batch16,2,,106403840,116162048,9758208
ETMD_av/CRA_1_color,ETMD_av,policy:human_k16_seed440831,batch16,3,,106403840,116162048,9758208
ETMD_av/CRA_1_color,ETMD_av,policy:human_k16_seed440831,batch16,4,,106403840,116162048,9758208
ETMD_av/CRA_1_color,ETMD_av,policy:human_k16_seed440831,batch16,5,,106403840,116162048,9758208
ETMD_av/CRA_1_color,ETMD_av,policy:human_k16_seed440831,batch16,6,,106403840,116162048,9758208
ETMD_av/CRA_1_color,ETMD_av,policy:human_k16_seed440831,batch16,7,,106403840,116162048,9758208
ETMD_av/CRA_1_color,ETMD_av,policy:human_k16_seed440831,batch16,8,,106403840,116162048,9758208
ETMD_av/CRA_1_color,ETMD_av,policy:human_k16_seed440831,batch16,9,,106403840,116162048,9758208
ETMD_av/CRA_1_color,ETMD_av,policy:pretrained_k16,batch16,0,,106403840,116162048,9758208
ETMD_av/CRA_1_color,ETMD_av,policy:pretrained_k16,batch16,1,,106403840,116162048,9758208
ETMD_av/CRA_1_color,ETMD_av,policy:pretrained_k16,batch16,2,,106403840,116162048,9758208
ETMD_av/CRA_1_color,ETMD_av,policy:pretrained_k16,batch16,3,,106403840,116162048,9758208
ETMD_av/CRA_1_color,ETMD_av,policy:pretrained_k16,batch16,4,,106403840,116162048,9758208
ETMD_av/CRA_1_color,ETMD_av,policy:pretrained_k16,batch16,5,,106403840,116162048,9758208
ETMD_av/CRA_1_color,ETMD_av,policy:pretrained_k16,batch16,6,,106403840,116162048,9758208
ETMD_av/CRA_1_color,ETMD_av,policy:pretrained_k16,batch16,7,,106403840,116162048,9758208
ETMD_av/CRA_1_color,ETMD_av,policy:pretrained_k16,batch16,8,,106403840,116162048,9758208
ETMD_av/CRA_1_color,ETMD_av,policy:pretrained_k16,batch16,9,,106403840,116162048,9758208
ETMD_av/CRA_1_color,ETMD_av,tome_r5,batch16,0,,106403840,176946176,70542336
ETMD_av/CRA_1_color,ETMD_av,tome_r5,batch16,1,,106403840,176946176,70542336
ETMD_av/CRA_1_color,ETMD_av,tome_r5,batch16,2,,106403840,176946176,70542336
ETMD_av/CRA_1_color,ETMD_av,tome_r5,batch16,3,,106403840,176946176,70542336
ETMD_av/CRA_1_color,ETMD_av,tome_r5,batch16,4,,106403840,176946176,70542336
ETMD_av/CRA_1_color,ETMD_av,tome_r5,batch16,5,,106403840,176946176,70542336
ETMD_av/CRA_1_color,ETMD_av,tome_r5,batch16,6,,106403840,176946176,70542336
ETMD_av/CRA_1_color,ETMD_av,tome_r5,batch16,7,,106403840,176946176,70542336
ETMD_av/CRA_1_color,ETMD_av,tome_r5,batch16,8,,106403840,176946176,70542336
ETMD_av/CRA_1_color,ETMD_av,tome_r5,batch16,9,,106403840,176946176,70542336
ETMD_av/CRA_1_color,ETMD_av,tome_r10,batch16,0,,106403840,174220288,67816448
ETMD_av/CRA_1_color,ETMD_av,tome_r10,batch16,1,,106403840,174220288,67816448
ETMD_av/CRA_1_color,ETMD_av,tome_r10,batch16,2,,106403840,174220288,67816448
ETMD_av/CRA_1_color,ETMD_av,tome_r10,batch16,3,,106403840,174220288,67816448
ETMD_av/CRA_1_color,ETMD_av,tome_r10,batch16,4,,106403840,174220288,67816448
ETMD_av/CRA_1_color,ETMD_av,tome_r10,batch16,5,,106403840,174220288,67816448
ETMD_av/CRA_1_color,ETMD_av,tome_r10,batch16,6,,106403840,174220288,67816448
ETMD_av/CRA_1_color,ETMD_av,tome_r10,batch16,7,,106403840,174220288,67816448
ETMD_av/CRA_1_color,ETMD_av,tome_r10,batch16,8,,106403840,174220288,67816448
ETMD_av/CRA_1_color,ETMD_av,tome_r10,batch16,9,,106403840,174220288,67816448
ETMD_av/CRA_1_color,ETMD_av,tome_r15,batch16,0,,106403840,171617280,65213440
ETMD_av/CRA_1_color,ETMD_av,tome_r15,batch16,1,,106403840,171617280,65213440
ETMD_av/CRA_1_color,ETMD_av,tome_r15,batch16,2,,106403840,171617280,65213440
ETMD_av/CRA_1_color,ETMD_av,tome_r15,batch16,3,,106403840,171617280,65213440
ETMD_av/CRA_1_color,ETMD_av,tome_r15,batch16,4,,106403840,171617280,65213440
ETMD_av/CRA_1_color,ETMD_av,tome_r15,batch16,5,,106403840,171617280,65213440
ETMD_av/CRA_1_color,ETMD_av,tome_r15,batch16,6,,106403840,171617280,65213440
ETMD_av/CRA_1_color,ETMD_av,tome_r15,batch16,7,,106403840,171617280,65213440
ETMD_av/CRA_1_color,ETMD_av,tome_r15,batch16,8,,106403840,171617280,65213440
ETMD_av/CRA_1_color,ETMD_av,tome_r15,batch16,9,,106403840,171617280,65213440
ETMD_av/CRA_2_color,ETMD_av,dense,batch16,0,,106403840,165781504,59377664
ETMD_av/CRA_2_color,ETMD_av,dense,batch16,1,,106403840,165781504,59377664
ETMD_av/CRA_2_color,ETMD_av,dense,batch16,2,,106403840,165781504,59377664
ETMD_av/CRA_2_color,ETMD_av,dense,batch16,3,,106403840,165781504,59377664
ETMD_av/CRA_2_color,ETMD_av,dense,batch16,4,,106403840,165781504,59377664
ETMD_av/CRA_2_color,ETMD_av,dense,batch16,5,,106403840,165781504,59377664
ETMD_av/CRA_2_color,ETMD_av,dense,batch16,6,,106403840,165781504,59377664
ETMD_av/CRA_2_color,ETMD_av,dense,batch16,7,,106403840,165781504,59377664
ETMD_av/CRA_2_color,ETMD_av,dense,batch16,8,,106403840,165781504,59377664
ETMD_av/CRA_2_color,ETMD_av,dense,batch16,9,,106403840,165781504,59377664
ETMD_av/CRA_2_color,ETMD_av,central_k16,batch16,0,,106403840,116162048,9758208
ETMD_av/CRA_2_color,ETMD_av,central_k16,batch16,1,,106403840,116162048,9758208
ETMD_av/CRA_2_color,ETMD_av,central_k16,batch16,2,,106403840,116162048,9758208
ETMD_av/CRA_2_color,ETMD_av,central_k16,batch16,3,,106403840,116162048,9758208
ETMD_av/CRA_2_color,ETMD_av,central_k16,batch16,4,,106403840,116162048,9758208
ETMD_av/CRA_2_color,ETMD_av,central_k16,batch16,5,,106403840,116162048,9758208
ETMD_av/CRA_2_color,ETMD_av,central_k16,batch16,6,,106403840,116162048,9758208
ETMD_av/CRA_2_color,ETMD_av,central_k16,batch16,7,,106403840,116162048,9758208
ETMD_av/CRA_2_color,ETMD_av,central_k16,batch16,8,,106403840,116162048,9758208
ETMD_av/CRA_2_color,ETMD_av,central_k16,batch16,9,,106403840,116162048,9758208
ETMD_av/CRA_2_color,ETMD_av,random_k16_seed2026090900,batch16,0,,106403840,116162048,9758208
ETMD_av/CRA_2_color,ETMD_av,random_k16_seed2026090900,batch16,1,,106403840,116162048,9758208
ETMD_av/CRA_2_color,ETMD_av,random_k16_seed2026090900,batch16,2,,106403840,116162048,9758208
ETMD_av/CRA_2_color,ETMD_av,random_k16_seed2026090900,batch16,3,,106403840,116162048,9758208
ETMD_av/CRA_2_color,ETMD_av,random_k16_seed2026090900,batch16,4,,106403840,116162048,9758208
ETMD_av/CRA_2_color,ETMD_av,random_k16_seed2026090900,batch16,5,,106403840,116162048,9758208
ETMD_av/CRA_2_color,ETMD_av,random_k16_seed2026090900,batch16,6,,106403840,116162048,9758208
ETMD_av/CRA_2_color,ETMD_av,random_k16_seed2026090900,batch16,7,,106403840,116162048,9758208
ETMD_av/CRA_2_color,ETMD_av,random_k16_seed2026090900,batch16,8,,106403840,116162048,9758208
ETMD_av/CRA_2_color,ETMD_av,random_k16_seed2026090900,batch16,9,,106403840,116162048,9758208
ETMD_av/CRA_2_color,ETMD_av,random_k16_seed2026090901,batch16,0,,106403840,116162048,9758208
ETMD_av/CRA_2_color,ETMD_av,random_k16_seed2026090901,batch16,1,,106403840,116162048,9758208
ETMD_av/CRA_2_color,ETMD_av,random_k16_seed2026090901,batch16,2,,106403840,116162048,9758208
ETMD_av/CRA_2_color,ETMD_av,random_k16_seed2026090901,batch16,3,,106403840,116162048,9758208
ETMD_av/CRA_2_color,ETMD_av,random_k16_seed2026090901,batch16,4,,106403840,116162048,9758208
ETMD_av/CRA_2_color,ETMD_av,random_k16_seed2026090901,batch16,5,,106403840,116162048,9758208
ETMD_av/CRA_2_color,ETMD_av,random_k16_seed2026090901,batch16,6,,106403840,116162048,9758208
ETMD_av/CRA_2_color,ETMD_av,random_k16_seed2026090901,batch16,7,,106403840,116162048,9758208
ETMD_av/CRA_2_color,ETMD_av,random_k16_seed2026090901,batch16,8,,106403840,116162048,9758208
ETMD_av/CRA_2_color,ETMD_av,random_k16_seed2026090901,batch16,9,,106403840,116162048,9758208
ETMD_av/CRA_2_color,ETMD_av,random_k16_seed2026090902,batch16,0,,106403840,116162048,9758208
ETMD_av/CRA_2_color,ETMD_av,random_k16_seed2026090902,batch16,1,,106403840,116162048,9758208
ETMD_av/CRA_2_color,ETMD_av,random_k16_seed2026090902,batch16,2,,106403840,116162048,9758208
ETMD_av/CRA_2_color,ETMD_av,random_k16_seed2026090902,batch16,3,,106403840,116162048,9758208
ETMD_av/CRA_2_color,ETMD_av,random_k16_seed2026090902,batch16,4,,106403840,116162048,9758208
ETMD_av/CRA_2_color,ETMD_av,random_k16_seed2026090902,batch16,5,,106403840,116162048,9758208
ETMD_av/CRA_2_color,ETMD_av,random_k16_seed2026090902,batch16,6,,106403840,116162048,9758208
ETMD_av/CRA_2_color,ETMD_av,random_k16_seed2026090902,batch16,7,,106403840,116162048,9758208
ETMD_av/CRA_2_color,ETMD_av,random_k16_seed2026090902,batch16,8,,106403840,116162048,9758208
ETMD_av/CRA_2_color,ETMD_av,random_k16_seed2026090902,batch16,9,,106403840,116162048,9758208
ETMD_av/CRA_2_color,ETMD_av,random_k16_seed2026090903,batch16,0,,106403840,116162048,9758208
ETMD_av/CRA_2_color,ETMD_av,random_k16_seed2026090903,batch16,1,,106403840,116162048,9758208
ETMD_av/CRA_2_color,ETMD_av,random_k16_seed2026090903,batch16,2,,106403840,116162048,9758208
ETMD_av/CRA_2_color,ETMD_av,random_k16_seed2026090903,batch16,3,,106403840,116162048,9758208
ETMD_av/CRA_2_color,ETMD_av,random_k16_seed2026090903,batch16,4,,106403840,116162048,9758208
ETMD_av/CRA_2_color,ETMD_av,random_k16_seed2026090903,batch16,5,,106403840,116162048,9758208
ETMD_av/CRA_2_color,ETMD_av,random_k16_seed2026090903,batch16,6,,106403840,116162048,9758208
ETMD_av/CRA_2_color,ETMD_av,random_k16_seed2026090903,batch16,7,,106403840,116162048,9758208
ETMD_av/CRA_2_color,ETMD_av,random_k16_seed2026090903,batch16,8,,106403840,116162048,9758208
ETMD_av/CRA_2_color,ETMD_av,random_k16_seed2026090903,batch16,9,,106403840,116162048,9758208
ETMD_av/CRA_2_color,ETMD_av,random_k16_seed2026090904,batch16,0,,106403840,116162048,9758208
ETMD_av/CRA_2_color,ETMD_av,random_k16_seed2026090904,batch16,1,,106403840,116162048,9758208
ETMD_av/CRA_2_color,ETMD_av,random_k16_seed2026090904,batch16,2,,106403840,116162048,9758208
ETMD_av/CRA_2_color,ETMD_av,random_k16_seed2026090904,batch16,3,,106403840,116162048,9758208
ETMD_av/CRA_2_color,ETMD_av,random_k16_seed2026090904,batch16,4,,106403840,116162048,9758208
ETMD_av/CRA_2_color,ETMD_av,random_k16_seed2026090904,batch16,5,,106403840,116162048,9758208
ETMD_av/CRA_2_color,ETMD_av,random_k16_seed2026090904,batch16,6,,106403840,116162048,9758208
ETMD_av/CRA_2_color,ETMD_av,random_k16_seed2026090904,batch16,7,,106403840,116162048,9758208
ETMD_av/CRA_2_color,ETMD_av,random_k16_seed2026090904,batch16,8,,106403840,116162048,9758208
ETMD_av/CRA_2_color,ETMD_av,random_k16_seed2026090904,batch16,9,,106403840,116162048,9758208
ETMD_av/CRA_2_color,ETMD_av,random_k16_seed2026090905,batch16,0,,106403840,116162048,9758208
ETMD_av/CRA_2_color,ETMD_av,random_k16_seed2026090905,batch16,1,,106403840,116162048,9758208
ETMD_av/CRA_2_color,ETMD_av,random_k16_seed2026090905,batch16,2,,106403840,116162048,9758208
ETMD_av/CRA_2_color,ETMD_av,random_k16_seed2026090905,batch16,3,,106403840,116162048,9758208
ETMD_av/CRA_2_color,ETMD_av,random_k16_seed2026090905,batch16,4,,106403840,116162048,9758208
ETMD_av/CRA_2_color,ETMD_av,random_k16_seed2026090905,batch16,5,,106403840,116162048,9758208
ETMD_av/CRA_2_color,ETMD_av,random_k16_seed2026090905,batch16,6,,106403840,116162048,9758208
ETMD_av/CRA_2_color,ETMD_av,random_k16_seed2026090905,batch16,7,,106403840,116162048,9758208
ETMD_av/CRA_2_color,ETMD_av,random_k16_seed2026090905,batch16,8,,106403840,116162048,9758208
ETMD_av/CRA_2_color,ETMD_av,random_k16_seed2026090905,batch16,9,,106403840,116162048,9758208
ETMD_av/CRA_2_color,ETMD_av,random_k16_seed2026090906,batch16,0,,106403840,116162048,9758208
ETMD_av/CRA_2_color,ETMD_av,random_k16_seed2026090906,batch16,1,,106403840,116162048,9758208
ETMD_av/CRA_2_color,ETMD_av,random_k16_seed2026090906,batch16,2,,106403840,116162048,9758208
ETMD_av/CRA_2_color,ETMD_av,random_k16_seed2026090906,batch16,3,,106403840,116162048,9758208
ETMD_av/CRA_2_color,ETMD_av,random_k16_seed2026090906,batch16,4,,106403840,116162048,9758208
ETMD_av/CRA_2_color,ETMD_av,random_k16_seed2026090906,batch16,5,,106403840,116162048,9758208
ETMD_av/CRA_2_color,ETMD_av,random_k16_seed2026090906,batch16,6,,106403840,116162048,9758208
ETMD_av/CRA_2_color,ETMD_av,random_k16_seed2026090906,batch16,7,,106403840,116162048,9758208
ETMD_av/CRA_2_color,ETMD_av,random_k16_seed2026090906,batch16,8,,106403840,116162048,9758208
ETMD_av/CRA_2_color,ETMD_av,random_k16_seed2026090906,batch16,9,,106403840,116162048,9758208
ETMD_av/CRA_2_color,ETMD_av,random_k16_seed2026090907,batch16,0,,106403840,116162048,9758208
ETMD_av/CRA_2_color,ETMD_av,random_k16_seed2026090907,batch16,1,,106403840,116162048,9758208
ETMD_av/CRA_2_color,ETMD_av,random_k16_seed2026090907,batch16,2,,106403840,116162048,9758208
ETMD_av/CRA_2_color,ETMD_av,random_k16_seed2026090907,batch16,3,,106403840,116162048,9758208
ETMD_av/CRA_2_color,ETMD_av,random_k16_seed2026090907,batch16,4,,106403840,116162048,9758208
ETMD_av/CRA_2_color,ETMD_av,random_k16_seed2026090907,batch16,5,,106403840,116162048,9758208
ETMD_av/CRA_2_color,ETMD_av,random_k16_seed2026090907,batch16,6,,106403840,116162048,9758208
ETMD_av/CRA_2_color,ETMD_av,random_k16_seed2026090907,batch16,7,,106403840,116162048,9758208
ETMD_av/CRA_2_color,ETMD_av,random_k16_seed2026090907,batch16,8,,106403840,116162048,9758208
ETMD_av/CRA_2_color,ETMD_av,random_k16_seed2026090907,batch16,9,,106403840,116162048,9758208
ETMD_av/CRA_2_color,ETMD_av,random_k16_seed2026090908,batch16,0,,106403840,116162048,9758208
ETMD_av/CRA_2_color,ETMD_av,random_k16_seed2026090908,batch16,1,,106403840,116162048,9758208
ETMD_av/CRA_2_color,ETMD_av,random_k16_seed2026090908,batch16,2,,106403840,116162048,9758208
ETMD_av/CRA_2_color,ETMD_av,random_k16_seed2026090908,batch16,3,,106403840,116162048,9758208
ETMD_av/CRA_2_color,ETMD_av,random_k16_seed2026090908,batch16,4,,106403840,116162048,9758208
ETMD_av/CRA_2_color,ETMD_av,random_k16_seed2026090908,batch16,5,,106403840,116162048,9758208
ETMD_av/CRA_2_color,ETMD_av,random_k16_seed2026090908,batch16,6,,106403840,116162048,9758208
ETMD_av/CRA_2_color,ETMD_av,random_k16_seed2026090908,batch16,7,,106403840,116162048,9758208
ETMD_av/CRA_2_color,ETMD_av,random_k16_seed2026090908,batch16,8,,106403840,116162048,9758208
ETMD_av/CRA_2_color,ETMD_av,random_k16_seed2026090908,batch16,9,,106403840,116162048,9758208
ETMD_av/CRA_2_color,ETMD_av,random_k16_seed2026090909,batch16,0,,106403840,116162048,9758208
ETMD_av/CRA_2_color,ETMD_av,random_k16_seed2026090909,batch16,1,,106403840,116162048,9758208
ETMD_av/CRA_2_color,ETMD_av,random_k16_seed2026090909,batch16,2,,106403840,116162048,9758208
ETMD_av/CRA_2_color,ETMD_av,random_k16_seed2026090909,batch16,3,,106403840,116162048,9758208
ETMD_av/CRA_2_color,ETMD_av,random_k16_seed2026090909,batch16,4,,106403840,116162048,9758208
ETMD_av/CRA_2_color,ETMD_av,random_k16_seed2026090909,batch16,5,,106403840,116162048,9758208
ETMD_av/CRA_2_color,ETMD_av,random_k16_seed2026090909,batch16,6,,106403840,116162048,9758208
ETMD_av/CRA_2_color,ETMD_av,random_k16_seed2026090909,batch16,7,,106403840,116162048,9758208
ETMD_av/CRA_2_color,ETMD_av,random_k16_seed2026090909,batch16,8,,106403840,116162048,9758208
ETMD_av/CRA_2_color,ETMD_av,random_k16_seed2026090909,batch16,9,,106403840,116162048,9758208
ETMD_av/CRA_2_color,ETMD_av,random_k16_seed2026090910,batch16,0,,106403840,116162048,9758208
ETMD_av/CRA_2_color,ETMD_av,random_k16_seed2026090910,batch16,1,,106403840,116162048,9758208
ETMD_av/CRA_2_color,ETMD_av,random_k16_seed2026090910,batch16,2,,106403840,116162048,9758208
ETMD_av/CRA_2_color,ETMD_av,random_k16_seed2026090910,batch16,3,,106403840,116162048,9758208
ETMD_av/CRA_2_color,ETMD_av,random_k16_seed2026090910,batch16,4,,106403840,116162048,9758208
ETMD_av/CRA_2_color,ETMD_av,random_k16_seed2026090910,batch16,5,,106403840,116162048,9758208
ETMD_av/CRA_2_color,ETMD_av,random_k16_seed2026090910,batch16,6,,106403840,116162048,9758208
ETMD_av/CRA_2_color,ETMD_av,random_k16_seed2026090910,batch16,7,,106403840,116162048,9758208
ETMD_av/CRA_2_color,ETMD_av,random_k16_seed2026090910,batch16,8,,106403840,116162048,9758208
ETMD_av/CRA_2_color,ETMD_av,random_k16_seed2026090910,batch16,9,,106403840,116162048,9758208
ETMD_av/CRA_2_color,ETMD_av,random_k16_seed2026090911,batch16,0,,106403840,116162048,9758208
ETMD_av/CRA_2_color,ETMD_av,random_k16_seed2026090911,batch16,1,,106403840,116162048,9758208
ETMD_av/CRA_2_color,ETMD_av,random_k16_seed2026090911,batch16,2,,106403840,116162048,9758208
ETMD_av/CRA_2_color,ETMD_av,random_k16_seed2026090911,batch16,3,,106403840,116162048,9758208
ETMD_av/CRA_2_color,ETMD_av,random_k16_seed2026090911,batch16,4,,106403840,116162048,9758208
ETMD_av/CRA_2_color,ETMD_av,random_k16_seed2026090911,batch16,5,,106403840,116162048,9758208
ETMD_av/CRA_2_color,ETMD_av,random_k16_seed2026090911,batch16,6,,106403840,116162048,9758208
ETMD_av/CRA_2_color,ETMD_av,random_k16_seed2026090911,batch16,7,,106403840,116162048,9758208
ETMD_av/CRA_2_color,ETMD_av,random_k16_seed2026090911,batch16,8,,106403840,116162048,9758208
ETMD_av/CRA_2_color,ETMD_av,random_k16_seed2026090911,batch16,9,,106403840,116162048,9758208
ETMD_av/CRA_2_color,ETMD_av,random_k16_seed2026090912,batch16,0,,106403840,116162048,9758208
ETMD_av/CRA_2_color,ETMD_av,random_k16_seed2026090912,batch16,1,,106403840,116162048,9758208
ETMD_av/CRA_2_color,ETMD_av,random_k16_seed2026090912,batch16,2,,106403840,116162048,9758208
ETMD_av/CRA_2_color,ETMD_av,random_k16_seed2026090912,batch16,3,,106403840,116162048,9758208
ETMD_av/CRA_2_color,ETMD_av,random_k16_seed2026090912,batch16,4,,106403840,116162048,9758208
ETMD_av/CRA_2_color,ETMD_av,random_k16_seed2026090912,batch16,5,,106403840,116162048,9758208
ETMD_av/CRA_2_color,ETMD_av,random_k16_seed2026090912,batch16,6,,106403840,116162048,9758208
ETMD_av/CRA_2_color,ETMD_av,random_k16_seed2026090912,batch16,7,,106403840,116162048,9758208
ETMD_av/CRA_2_color,ETMD_av,random_k16_seed2026090912,batch16,8,,106403840,116162048,9758208
ETMD_av/CRA_2_color,ETMD_av,random_k16_seed2026090912,batch16,9,,106403840,116162048,9758208
ETMD_av/CRA_2_color,ETMD_av,random_k16_seed2026090913,batch16,0,,106403840,116162048,9758208
ETMD_av/CRA_2_color,ETMD_av,random_k16_seed2026090913,batch16,1,,106403840,116162048,9758208
ETMD_av/CRA_2_color,ETMD_av,random_k16_seed2026090913,batch16,2,,106403840,116162048,9758208
ETMD_av/CRA_2_color,ETMD_av,random_k16_seed2026090913,batch16,3,,106403840,116162048,9758208
ETMD_av/CRA_2_color,ETMD_av,random_k16_seed2026090913,batch16,4,,106403840,116162048,9758208
ETMD_av/CRA_2_color,ETMD_av,random_k16_seed2026090913,batch16,5,,106403840,116162048,9758208
ETMD_av/CRA_2_color,ETMD_av,random_k16_seed2026090913,batch16,6,,106403840,116162048,9758208
ETMD_av/CRA_2_color,ETMD_av,random_k16_seed2026090913,batch16,7,,106403840,116162048,9758208
ETMD_av/CRA_2_color,ETMD_av,random_k16_seed2026090913,batch16,8,,106403840,116162048,9758208
ETMD_av/CRA_2_color,ETMD_av,random_k16_seed2026090913,batch16,9,,106403840,116162048,9758208
ETMD_av/CRA_2_color,ETMD_av,random_k16_seed2026090914,batch16,0,,106403840,116162048,9758208
ETMD_av/CRA_2_color,ETMD_av,random_k16_seed2026090914,batch16,1,,106403840,116162048,9758208
ETMD_av/CRA_2_color,ETMD_av,random_k16_seed2026090914,batch16,2,,106403840,116162048,9758208
ETMD_av/CRA_2_color,ETMD_av,random_k16_seed2026090914,batch16,3,,106403840,116162048,9758208
ETMD_av/CRA_2_color,ETMD_av,random_k16_seed2026090914,batch16,4,,106403840,116162048,9758208
ETMD_av/CRA_2_color,ETMD_av,random_k16_seed2026090914,batch16,5,,106403840,116162048,9758208
ETMD_av/CRA_2_color,ETMD_av,random_k16_seed2026090914,batch16,6,,106403840,116162048,9758208
ETMD_av/CRA_2_color,ETMD_av,random_k16_seed2026090914,batch16,7,,106403840,116162048,9758208
ETMD_av/CRA_2_color,ETMD_av,random_k16_seed2026090914,batch16,8,,106403840,116162048,9758208
ETMD_av/CRA_2_color,ETMD_av,random_k16_seed2026090914,batch16,9,,106403840,116162048,9758208
ETMD_av/CRA_2_color,ETMD_av,random_k16_seed2026090915,batch16,0,,106403840,116162048,9758208
ETMD_av/CRA_2_color,ETMD_av,random_k16_seed2026090915,batch16,1,,106403840,116162048,9758208
ETMD_av/CRA_2_color,ETMD_av,random_k16_seed2026090915,batch16,2,,106403840,116162048,9758208
ETMD_av/CRA_2_color,ETMD_av,random_k16_seed2026090915,batch16,3,,106403840,116162048,9758208
ETMD_av/CRA_2_color,ETMD_av,random_k16_seed2026090915,batch16,4,,106403840,116162048,9758208
ETMD_av/CRA_2_color,ETMD_av,random_k16_seed2026090915,batch16,5,,106403840,116162048,9758208
ETMD_av/CRA_2_color,ETMD_av,random_k16_seed2026090915,batch16,6,,106403840,116162048,9758208
ETMD_av/CRA_2_color,ETMD_av,random_k16_seed2026090915,batch16,7,,106403840,116162048,9758208
ETMD_av/CRA_2_color,ETMD_av,random_k16_seed2026090915,batch16,8,,106403840,116162048,9758208
ETMD_av/CRA_2_color,ETMD_av,random_k16_seed2026090915,batch16,9,,106403840,116162048,9758208
ETMD_av/CRA_2_color,ETMD_av,policy:human_k16_seed440826,batch16,0,,106403840,116162048,9758208
ETMD_av/CRA_2_color,ETMD_av,policy:human_k16_seed440826,batch16,1,,106403840,116162048,9758208
ETMD_av/CRA_2_color,ETMD_av,policy:human_k16_seed440826,batch16,2,,106403840,116162048,9758208
ETMD_av/CRA_2_color,ETMD_av,policy:human_k16_seed440826,batch16,3,,106403840,116162048,9758208
ETMD_av/CRA_2_color,ETMD_av,policy:human_k16_seed440826,batch16,4,,106403840,116162048,9758208
ETMD_av/CRA_2_color,ETMD_av,policy:human_k16_seed440826,batch16,5,,106403840,116162048,9758208
ETMD_av/CRA_2_color,ETMD_av,policy:human_k16_seed440826,batch16,6,,106403840,116162048,9758208
ETMD_av/CRA_2_color,ETMD_av,policy:human_k16_seed440826,batch16,7,,106403840,116162048,9758208
ETMD_av/CRA_2_color,ETMD_av,policy:human_k16_seed440826,batch16,8,,106403840,116162048,9758208
ETMD_av/CRA_2_color,ETMD_av,policy:human_k16_seed440826,batch16,9,,106403840,116162048,9758208
ETMD_av/CRA_2_color,ETMD_av,policy:human_k16_seed440827,batch16,0,,106403840,116162048,9758208
ETMD_av/CRA_2_color,ETMD_av,policy:human_k16_seed440827,batch16,1,,106403840,116162048,9758208
ETMD_av/CRA_2_color,ETMD_av,policy:human_k16_seed440827,batch16,2,,106403840,116162048,9758208
ETMD_av/CRA_2_color,ETMD_av,policy:human_k16_seed440827,batch16,3,,106403840,116162048,9758208
ETMD_av/CRA_2_color,ETMD_av,policy:human_k16_seed440827,batch16,4,,106403840,116162048,9758208
ETMD_av/CRA_2_color,ETMD_av,policy:human_k16_seed440827,batch16,5,,106403840,116162048,9758208
ETMD_av/CRA_2_color,ETMD_av,policy:human_k16_seed440827,batch16,6,,106403840,116162048,9758208
ETMD_av/CRA_2_color,ETMD_av,policy:human_k16_seed440827,batch16,7,,106403840,116162048,9758208
ETMD_av/CRA_2_color,ETMD_av,policy:human_k16_seed440827,batch16,8,,106403840,116162048,9758208
ETMD_av/CRA_2_color,ETMD_av,policy:human_k16_seed440827,batch16,9,,106403840,116162048,9758208
ETMD_av/CRA_2_color,ETMD_av,policy:human_k16_seed440828,batch16,0,,106403840,116162048,9758208
ETMD_av/CRA_2_color,ETMD_av,policy:human_k16_seed440828,batch16,1,,106403840,116162048,9758208
ETMD_av/CRA_2_color,ETMD_av,policy:human_k16_seed440828,batch16,2,,106403840,116162048,9758208
ETMD_av/CRA_2_color,ETMD_av,policy:human_k16_seed440828,batch16,3,,106403840,116162048,9758208
ETMD_av/CRA_2_color,ETMD_av,policy:human_k16_seed440828,batch16,4,,106403840,116162048,9758208
ETMD_av/CRA_2_color,ETMD_av,policy:human_k16_seed440828,batch16,5,,106403840,116162048,9758208
ETMD_av/CRA_2_color,ETMD_av,policy:human_k16_seed440828,batch16,6,,106403840,116162048,9758208
ETMD_av/CRA_2_color,ETMD_av,policy:human_k16_seed440828,batch16,7,,106403840,116162048,9758208
ETMD_av/CRA_2_color,ETMD_av,policy:human_k16_seed440828,batch16,8,,106403840,116162048,9758208
ETMD_av/CRA_2_color,ETMD_av,policy:human_k16_seed440828,batch16,9,,106403840,116162048,9758208
ETMD_av/CRA_2_color,ETMD_av,policy:human_k16_seed440829,batch16,0,,106403840,116162048,9758208
ETMD_av/CRA_2_color,ETMD_av,policy:human_k16_seed440829,batch16,1,,106403840,116162048,9758208
ETMD_av/CRA_2_color,ETMD_av,policy:human_k16_seed440829,batch16,2,,106403840,116162048,9758208
ETMD_av/CRA_2_color,ETMD_av,policy:human_k16_seed440829,batch16,3,,106403840,116162048,9758208
ETMD_av/CRA_2_color,ETMD_av,policy:human_k16_seed440829,batch16,4,,106403840,116162048,9758208
ETMD_av/CRA_2_color,ETMD_av,policy:human_k16_seed440829,batch16,5,,106403840,116162048,9758208
ETMD_av/CRA_2_color,ETMD_av,policy:human_k16_seed440829,batch16,6,,106403840,116162048,9758208
ETMD_av/CRA_2_color,ETMD_av,policy:human_k16_seed440829,batch16,7,,106403840,116162048,9758208
ETMD_av/CRA_2_color,ETMD_av,policy:human_k16_seed440829,batch16,8,,106403840,116162048,9758208
ETMD_av/CRA_2_color,ETMD_av,policy:human_k16_seed440829,batch16,9,,106403840,116162048,9758208
ETMD_av/CRA_2_color,ETMD_av,policy:human_k16_seed440830,batch16,0,,106403840,116162048,9758208
ETMD_av/CRA_2_color,ETMD_av,policy:human_k16_seed440830,batch16,1,,106403840,116162048,9758208
ETMD_av/CRA_2_color,ETMD_av,policy:human_k16_seed440830,batch16,2,,106403840,116162048,9758208
ETMD_av/CRA_2_color,ETMD_av,policy:human_k16_seed440830,batch16,3,,106403840,116162048,9758208
ETMD_av/CRA_2_color,ETMD_av,policy:human_k16_seed440830,batch16,4,,106403840,116162048,9758208
ETMD_av/CRA_2_color,ETMD_av,policy:human_k16_seed440830,batch16,5,,106403840,116162048,9758208
ETMD_av/CRA_2_color,ETMD_av,policy:human_k16_seed440830,batch16,6,,106403840,116162048,9758208
ETMD_av/CRA_2_color,ETMD_av,policy:human_k16_seed440830,batch16,7,,106403840,116162048,9758208
ETMD_av/CRA_2_color,ETMD_av,policy:human_k16_seed440830,batch16,8,,106403840,116162048,9758208
ETMD_av/CRA_2_color,ETMD_av,policy:human_k16_seed440830,batch16,9,,106403840,116162048,9758208
ETMD_av/CRA_2_color,ETMD_av,policy:human_k16_seed440831,batch16,0,,106403840,116162048,9758208
ETMD_av/CRA_2_color,ETMD_av,policy:human_k16_seed440831,batch16,1,,106403840,116162048,9758208
ETMD_av/CRA_2_color,ETMD_av,policy:human_k16_seed440831,batch16,2,,106403840,116162048,9758208
ETMD_av/CRA_2_color,ETMD_av,policy:human_k16_seed440831,batch16,3,,106403840,116162048,9758208
ETMD_av/CRA_2_color,ETMD_av,policy:human_k16_seed440831,batch16,4,,106403840,116162048,9758208
ETMD_av/CRA_2_color,ETMD_av,policy:human_k16_seed440831,batch16,5,,106403840,116162048,9758208
ETMD_av/CRA_2_color,ETMD_av,policy:human_k16_seed440831,batch16,6,,106403840,116162048,9758208
ETMD_av/CRA_2_color,ETMD_av,policy:human_k16_seed440831,batch16,7,,106403840,116162048,9758208
ETMD_av/CRA_2_color,ETMD_av,policy:human_k16_seed440831,batch16,8,,106403840,116162048,9758208
ETMD_av/CRA_2_color,ETMD_av,policy:human_k16_seed440831,batch16,9,,106403840,116162048,9758208
ETMD_av/CRA_2_color,ETMD_av,policy:pretrained_k16,batch16,0,,106403840,116162048,9758208
ETMD_av/CRA_2_color,ETMD_av,policy:pretrained_k16,batch16,1,,106403840,116162048,9758208
ETMD_av/CRA_2_color,ETMD_av,policy:pretrained_k16,batch16,2,,106403840,116162048,9758208
ETMD_av/CRA_2_color,ETMD_av,policy:pretrained_k16,batch16,3,,106403840,116162048,9758208
ETMD_av/CRA_2_color,ETMD_av,policy:pretrained_k16,batch16,4,,106403840,116162048,9758208
ETMD_av/CRA_2_color,ETMD_av,policy:pretrained_k16,batch16,5,,106403840,116162048,9758208
ETMD_av/CRA_2_color,ETMD_av,policy:pretrained_k16,batch16,6,,106403840,116162048,9758208
ETMD_av/CRA_2_color,ETMD_av,policy:pretrained_k16,batch16,7,,106403840,116162048,9758208
ETMD_av/CRA_2_color,ETMD_av,policy:pretrained_k16,batch16,8,,106403840,116162048,9758208
ETMD_av/CRA_2_color,ETMD_av,policy:pretrained_k16,batch16,9,,106403840,116162048,9758208
ETMD_av/CRA_2_color,ETMD_av,tome_r5,batch16,0,,106403840,176946176,70542336
ETMD_av/CRA_2_color,ETMD_av,tome_r5,batch16,1,,106403840,176946176,70542336
ETMD_av/CRA_2_color,ETMD_av,tome_r5,batch16,2,,106403840,176946176,70542336
ETMD_av/CRA_2_color,ETMD_av,tome_r5,batch16,3,,106403840,176946176,70542336
ETMD_av/CRA_2_color,ETMD_av,tome_r5,batch16,4,,106403840,176946176,70542336
ETMD_av/CRA_2_color,ETMD_av,tome_r5,batch16,5,,106403840,176946176,70542336
ETMD_av/CRA_2_color,ETMD_av,tome_r5,batch16,6,,106403840,176946176,70542336
ETMD_av/CRA_2_color,ETMD_av,tome_r5,batch16,7,,106403840,176946176,70542336
ETMD_av/CRA_2_color,ETMD_av,tome_r5,batch16,8,,106403840,176946176,70542336
ETMD_av/CRA_2_color,ETMD_av,tome_r5,batch16,9,,106403840,176946176,70542336
ETMD_av/CRA_2_color,ETMD_av,tome_r10,batch16,0,,106403840,174220288,67816448
ETMD_av/CRA_2_color,ETMD_av,tome_r10,batch16,1,,106403840,174220288,67816448
ETMD_av/CRA_2_color,ETMD_av,tome_r10,batch16,2,,106403840,174220288,67816448
ETMD_av/CRA_2_color,ETMD_av,tome_r10,batch16,3,,106403840,174220288,67816448
ETMD_av/CRA_2_color,ETMD_av,tome_r10,batch16,4,,106403840,174220288,67816448
ETMD_av/CRA_2_color,ETMD_av,tome_r10,batch16,5,,106403840,174220288,67816448
ETMD_av/CRA_2_color,ETMD_av,tome_r10,batch16,6,,106403840,174220288,67816448
ETMD_av/CRA_2_color,ETMD_av,tome_r10,batch16,7,,106403840,174220288,67816448
ETMD_av/CRA_2_color,ETMD_av,tome_r10,batch16,8,,106403840,174220288,67816448
ETMD_av/CRA_2_color,ETMD_av,tome_r10,batch16,9,,106403840,174220288,67816448
ETMD_av/CRA_2_color,ETMD_av,tome_r15,batch16,0,,106403840,171617280,65213440
ETMD_av/CRA_2_color,ETMD_av,tome_r15,batch16,1,,106403840,171617280,65213440
ETMD_av/CRA_2_color,ETMD_av,tome_r15,batch16,2,,106403840,171617280,65213440
ETMD_av/CRA_2_color,ETMD_av,tome_r15,batch16,3,,106403840,171617280,65213440
ETMD_av/CRA_2_color,ETMD_av,tome_r15,batch16,4,,106403840,171617280,65213440
ETMD_av/CRA_2_color,ETMD_av,tome_r15,batch16,5,,106403840,171617280,65213440
ETMD_av/CRA_2_color,ETMD_av,tome_r15,batch16,6,,106403840,171617280,65213440
ETMD_av/CRA_2_color,ETMD_av,tome_r15,batch16,7,,106403840,171617280,65213440
ETMD_av/CRA_2_color,ETMD_av,tome_r15,batch16,8,,106403840,171617280,65213440
ETMD_av/CRA_2_color,ETMD_av,tome_r15,batch16,9,,106403840,171617280,65213440
SumMe/Kids_playing_in_leaves,SumMe,dense,batch16,0,,106403840,165781504,59377664
SumMe/Kids_playing_in_leaves,SumMe,dense,batch16,1,,106403840,165781504,59377664
SumMe/Kids_playing_in_leaves,SumMe,dense,batch16,2,,106403840,165781504,59377664
SumMe/Kids_playing_in_leaves,SumMe,dense,batch16,3,,106403840,165781504,59377664
SumMe/Kids_playing_in_leaves,SumMe,dense,batch16,4,,106403840,165781504,59377664
SumMe/Kids_playing_in_leaves,SumMe,dense,batch16,5,,106403840,165781504,59377664
SumMe/Kids_playing_in_leaves,SumMe,dense,batch16,6,,106403840,165781504,59377664
SumMe/Kids_playing_in_leaves,SumMe,dense,batch16,7,,106403840,165781504,59377664
SumMe/Kids_playing_in_leaves,SumMe,dense,batch16,8,,106403840,165781504,59377664
SumMe/Kids_playing_in_leaves,SumMe,dense,batch16,9,,106403840,165781504,59377664
SumMe/Kids_playing_in_leaves,SumMe,central_k16,batch16,0,,106403840,116162048,9758208
SumMe/Kids_playing_in_leaves,SumMe,central_k16,batch16,1,,106403840,116162048,9758208
SumMe/Kids_playing_in_leaves,SumMe,central_k16,batch16,2,,106403840,116162048,9758208
SumMe/Kids_playing_in_leaves,SumMe,central_k16,batch16,3,,106403840,116162048,9758208
SumMe/Kids_playing_in_leaves,SumMe,central_k16,batch16,4,,106403840,116162048,9758208
SumMe/Kids_playing_in_leaves,SumMe,central_k16,batch16,5,,106403840,116162048,9758208
SumMe/Kids_playing_in_leaves,SumMe,central_k16,batch16,6,,106403840,116162048,9758208
SumMe/Kids_playing_in_leaves,SumMe,central_k16,batch16,7,,106403840,116162048,9758208
SumMe/Kids_playing_in_leaves,SumMe,central_k16,batch16,8,,106403840,116162048,9758208
SumMe/Kids_playing_in_leaves,SumMe,central_k16,batch16,9,,106403840,116162048,9758208
SumMe/Kids_playing_in_leaves,SumMe,random_k16_seed2026090900,batch16,0,,106403840,116162048,9758208
SumMe/Kids_playing_in_leaves,SumMe,random_k16_seed2026090900,batch16,1,,106403840,116162048,9758208
SumMe/Kids_playing_in_leaves,SumMe,random_k16_seed2026090900,batch16,2,,106403840,116162048,9758208
SumMe/Kids_playing_in_leaves,SumMe,random_k16_seed2026090900,batch16,3,,106403840,116162048,9758208
SumMe/Kids_playing_in_leaves,SumMe,random_k16_seed2026090900,batch16,4,,106403840,116162048,9758208
SumMe/Kids_playing_in_leaves,SumMe,random_k16_seed2026090900,batch16,5,,106403840,116162048,9758208
SumMe/Kids_playing_in_leaves,SumMe,random_k16_seed2026090900,batch16,6,,106403840,116162048,9758208
SumMe/Kids_playing_in_leaves,SumMe,random_k16_seed2026090900,batch16,7,,106403840,116162048,9758208
SumMe/Kids_playing_in_leaves,SumMe,random_k16_seed2026090900,batch16,8,,106403840,116162048,9758208
SumMe/Kids_playing_in_leaves,SumMe,random_k16_seed2026090900,batch16,9,,106403840,116162048,9758208
SumMe/Kids_playing_in_leaves,SumMe,random_k16_seed2026090901,batch16,0,,106403840,116162048,9758208
SumMe/Kids_playing_in_leaves,SumMe,random_k16_seed2026090901,batch16,1,,106403840,116162048,9758208
SumMe/Kids_playing_in_leaves,SumMe,random_k16_seed2026090901,batch16,2,,106403840,116162048,9758208
SumMe/Kids_playing_in_leaves,SumMe,random_k16_seed2026090901,batch16,3,,106403840,116162048,9758208
SumMe/Kids_playing_in_leaves,SumMe,random_k16_seed2026090901,batch16,4,,106403840,116162048,9758208
SumMe/Kids_playing_in_leaves,SumMe,random_k16_seed2026090901,batch16,5,,106403840,116162048,9758208
SumMe/Kids_playing_in_leaves,SumMe,random_k16_seed2026090901,batch16,6,,106403840,116162048,9758208
SumMe/Kids_playing_in_leaves,SumMe,random_k16_seed2026090901,batch16,7,,106403840,116162048,9758208
SumMe/Kids_playing_in_leaves,SumMe,random_k16_seed2026090901,batch16,8,,106403840,116162048,9758208
SumMe/Kids_playing_in_leaves,SumMe,random_k16_seed2026090901,batch16,9,,106403840,116162048,9758208
SumMe/Kids_playing_in_leaves,SumMe,random_k16_seed2026090902,batch16,0,,106403840,116162048,9758208
SumMe/Kids_playing_in_leaves,SumMe,random_k16_seed2026090902,batch16,1,,106403840,116162048,9758208
SumMe/Kids_playing_in_leaves,SumMe,random_k16_seed2026090902,batch16,2,,106403840,116162048,9758208
SumMe/Kids_playing_in_leaves,SumMe,random_k16_seed2026090902,batch16,3,,106403840,116162048,9758208
SumMe/Kids_playing_in_leaves,SumMe,random_k16_seed2026090902,batch16,4,,106403840,116162048,9758208
SumMe/Kids_playing_in_leaves,SumMe,random_k16_seed2026090902,batch16,5,,106403840,116162048,9758208
SumMe/Kids_playing_in_leaves,SumMe,random_k16_seed2026090902,batch16,6,,106403840,116162048,9758208
SumMe/Kids_playing_in_leaves,SumMe,random_k16_seed2026090902,batch16,7,,106403840,116162048,9758208
SumMe/Kids_playing_in_leaves,SumMe,random_k16_seed2026090902,batch16,8,,106403840,116162048,9758208
SumMe/Kids_playing_in_leaves,SumMe,random_k16_seed2026090902,batch16,9,,106403840,116162048,9758208
SumMe/Kids_playing_in_leaves,SumMe,random_k16_seed2026090903,batch16,0,,106403840,116162048,9758208
SumMe/Kids_playing_in_leaves,SumMe,random_k16_seed2026090903,batch16,1,,106403840,116162048,9758208
SumMe/Kids_playing_in_leaves,SumMe,random_k16_seed2026090903,batch16,2,,106403840,116162048,9758208
SumMe/Kids_playing_in_leaves,SumMe,random_k16_seed2026090903,batch16,3,,106403840,116162048,9758208
SumMe/Kids_playing_in_leaves,SumMe,random_k16_seed2026090903,batch16,4,,106403840,116162048,9758208
SumMe/Kids_playing_in_leaves,SumMe,random_k16_seed2026090903,batch16,5,,106403840,116162048,9758208
SumMe/Kids_playing_in_leaves,SumMe,random_k16_seed2026090903,batch16,6,,106403840,116162048,9758208
SumMe/Kids_playing_in_leaves,SumMe,random_k16_seed2026090903,batch16,7,,106403840,116162048,9758208
SumMe/Kids_playing_in_leaves,SumMe,random_k16_seed2026090903,batch16,8,,106403840,116162048,9758208
SumMe/Kids_playing_in_leaves,SumMe,random_k16_seed2026090903,batch16,9,,106403840,116162048,9758208
SumMe/Kids_playing_in_leaves,SumMe,random_k16_seed2026090904,batch16,0,,106403840,116162048,9758208
SumMe/Kids_playing_in_leaves,SumMe,random_k16_seed2026090904,batch16,1,,106403840,116162048,9758208
SumMe/Kids_playing_in_leaves,SumMe,random_k16_seed2026090904,batch16,2,,106403840,116162048,9758208
SumMe/Kids_playing_in_leaves,SumMe,random_k16_seed2026090904,batch16,3,,106403840,116162048,9758208
SumMe/Kids_playing_in_leaves,SumMe,random_k16_seed2026090904,batch16,4,,106403840,116162048,9758208
SumMe/Kids_playing_in_leaves,SumMe,random_k16_seed2026090904,batch16,5,,106403840,116162048,9758208
SumMe/Kids_playing_in_leaves,SumMe,random_k16_seed2026090904,batch16,6,,106403840,116162048,9758208
SumMe/Kids_playing_in_leaves,SumMe,random_k16_seed2026090904,batch16,7,,106403840,116162048,9758208
SumMe/Kids_playing_in_leaves,SumMe,random_k16_seed2026090904,batch16,8,,106403840,116162048,9758208
SumMe/Kids_playing_in_leaves,SumMe,random_k16_seed2026090904,batch16,9,,106403840,116162048,9758208
SumMe/Kids_playing_in_leaves,SumMe,random_k16_seed2026090905,batch16,0,,106403840,116162048,9758208
SumMe/Kids_playing_in_leaves,SumMe,random_k16_seed2026090905,batch16,1,,106403840,116162048,9758208
SumMe/Kids_playing_in_leaves,SumMe,random_k16_seed2026090905,batch16,2,,106403840,116162048,9758208
SumMe/Kids_playing_in_leaves,SumMe,random_k16_seed2026090905,batch16,3,,106403840,116162048,9758208
SumMe/Kids_playing_in_leaves,SumMe,random_k16_seed2026090905,batch16,4,,106403840,116162048,9758208
SumMe/Kids_playing_in_leaves,SumMe,random_k16_seed2026090905,batch16,5,,106403840,116162048,9758208
SumMe/Kids_playing_in_leaves,SumMe,random_k16_seed2026090905,batch16,6,,106403840,116162048,9758208
SumMe/Kids_playing_in_leaves,SumMe,random_k16_seed2026090905,batch16,7,,106403840,116162048,9758208
SumMe/Kids_playing_in_leaves,SumMe,random_k16_seed2026090905,batch16,8,,106403840,116162048,9758208
SumMe/Kids_playing_in_leaves,SumMe,random_k16_seed2026090905,batch16,9,,106403840,116162048,9758208
SumMe/Kids_playing_in_leaves,SumMe,random_k16_seed2026090906,batch16,0,,106403840,116162048,9758208
SumMe/Kids_playing_in_leaves,SumMe,random_k16_seed2026090906,batch16,1,,106403840,116162048,9758208
SumMe/Kids_playing_in_leaves,SumMe,random_k16_seed2026090906,batch16,2,,106403840,116162048,9758208
SumMe/Kids_playing_in_leaves,SumMe,random_k16_seed2026090906,batch16,3,,106403840,116162048,9758208
SumMe/Kids_playing_in_leaves,SumMe,random_k16_seed2026090906,batch16,4,,106403840,116162048,9758208
SumMe/Kids_playing_in_leaves,SumMe,random_k16_seed2026090906,batch16,5,,106403840,116162048,9758208
SumMe/Kids_playing_in_leaves,SumMe,random_k16_seed2026090906,batch16,6,,106403840,116162048,9758208
SumMe/Kids_playing_in_leaves,SumMe,random_k16_seed2026090906,batch16,7,,106403840,116162048,9758208
SumMe/Kids_playing_in_leaves,SumMe,random_k16_seed2026090906,batch16,8,,106403840,116162048,9758208
SumMe/Kids_playing_in_leaves,SumMe,random_k16_seed2026090906,batch16,9,,106403840,116162048,9758208
SumMe/Kids_playing_in_leaves,SumMe,random_k16_seed2026090907,batch16,0,,106403840,116162048,9758208
SumMe/Kids_playing_in_leaves,SumMe,random_k16_seed2026090907,batch16,1,,106403840,116162048,9758208
SumMe/Kids_playing_in_leaves,SumMe,random_k16_seed2026090907,batch16,2,,106403840,116162048,9758208
SumMe/Kids_playing_in_leaves,SumMe,random_k16_seed2026090907,batch16,3,,106403840,116162048,9758208
SumMe/Kids_playing_in_leaves,SumMe,random_k16_seed2026090907,batch16,4,,106403840,116162048,9758208
SumMe/Kids_playing_in_leaves,SumMe,random_k16_seed2026090907,batch16,5,,106403840,116162048,9758208
SumMe/Kids_playing_in_leaves,SumMe,random_k16_seed2026090907,batch16,6,,106403840,116162048,9758208
SumMe/Kids_playing_in_leaves,SumMe,random_k16_seed2026090907,batch16,7,,106403840,116162048,9758208
SumMe/Kids_playing_in_leaves,SumMe,random_k16_seed2026090907,batch16,8,,106403840,116162048,9758208
SumMe/Kids_playing_in_leaves,SumMe,random_k16_seed2026090907,batch16,9,,106403840,116162048,9758208
SumMe/Kids_playing_in_leaves,SumMe,random_k16_seed2026090908,batch16,0,,106403840,116162048,9758208
SumMe/Kids_playing_in_leaves,SumMe,random_k16_seed2026090908,batch16,1,,106403840,116162048,9758208
SumMe/Kids_playing_in_leaves,SumMe,random_k16_seed2026090908,batch16,2,,106403840,116162048,9758208
SumMe/Kids_playing_in_leaves,SumMe,random_k16_seed2026090908,batch16,3,,106403840,116162048,9758208
SumMe/Kids_playing_in_leaves,SumMe,random_k16_seed2026090908,batch16,4,,106403840,116162048,9758208
SumMe/Kids_playing_in_leaves,SumMe,random_k16_seed2026090908,batch16,5,,106403840,116162048,9758208
SumMe/Kids_playing_in_leaves,SumMe,random_k16_seed2026090908,batch16,6,,106403840,116162048,9758208
SumMe/Kids_playing_in_leaves,SumMe,random_k16_seed2026090908,batch16,7,,106403840,116162048,9758208
SumMe/Kids_playing_in_leaves,SumMe,random_k16_seed2026090908,batch16,8,,106403840,116162048,9758208
SumMe/Kids_playing_in_leaves,SumMe,random_k16_seed2026090908,batch16,9,,106403840,116162048,9758208
SumMe/Kids_playing_in_leaves,SumMe,random_k16_seed2026090909,batch16,0,,106403840,116162048,9758208
SumMe/Kids_playing_in_leaves,SumMe,random_k16_seed2026090909,batch16,1,,106403840,116162048,9758208
SumMe/Kids_playing_in_leaves,SumMe,random_k16_seed2026090909,batch16,2,,106403840,116162048,9758208
SumMe/Kids_playing_in_leaves,SumMe,random_k16_seed2026090909,batch16,3,,106403840,116162048,9758208
SumMe/Kids_playing_in_leaves,SumMe,random_k16_seed2026090909,batch16,4,,106403840,116162048,9758208
SumMe/Kids_playing_in_leaves,SumMe,random_k16_seed2026090909,batch16,5,,106403840,116162048,9758208
SumMe/Kids_playing_in_leaves,SumMe,random_k16_seed2026090909,batch16,6,,106403840,116162048,9758208
SumMe/Kids_playing_in_leaves,SumMe,random_k16_seed2026090909,batch16,7,,106403840,116162048,9758208
SumMe/Kids_playing_in_leaves,SumMe,random_k16_seed2026090909,batch16,8,,106403840,116162048,9758208
SumMe/Kids_playing_in_leaves,SumMe,random_k16_seed2026090909,batch16,9,,106403840,116162048,9758208
SumMe/Kids_playing_in_leaves,SumMe,random_k16_seed2026090910,batch16,0,,106403840,116162048,9758208
SumMe/Kids_playing_in_leaves,SumMe,random_k16_seed2026090910,batch16,1,,106403840,116162048,9758208
SumMe/Kids_playing_in_leaves,SumMe,random_k16_seed2026090910,batch16,2,,106403840,116162048,9758208
SumMe/Kids_playing_in_leaves,SumMe,random_k16_seed2026090910,batch16,3,,106403840,116162048,9758208
SumMe/Kids_playing_in_leaves,SumMe,random_k16_seed2026090910,batch16,4,,106403840,116162048,9758208
SumMe/Kids_playing_in_leaves,SumMe,random_k16_seed2026090910,batch16,5,,106403840,116162048,9758208
SumMe/Kids_playing_in_leaves,SumMe,random_k16_seed2026090910,batch16,6,,106403840,116162048,9758208
SumMe/Kids_playing_in_leaves,SumMe,random_k16_seed2026090910,batch16,7,,106403840,116162048,9758208
SumMe/Kids_playing_in_leaves,SumMe,random_k16_seed2026090910,batch16,8,,106403840,116162048,9758208
SumMe/Kids_playing_in_leaves,SumMe,random_k16_seed2026090910,batch16,9,,106403840,116162048,9758208
SumMe/Kids_playing_in_leaves,SumMe,random_k16_seed2026090911,batch16,0,,106403840,116162048,9758208
SumMe/Kids_playing_in_leaves,SumMe,random_k16_seed2026090911,batch16,1,,106403840,116162048,9758208
SumMe/Kids_playing_in_leaves,SumMe,random_k16_seed2026090911,batch16,2,,106403840,116162048,9758208
SumMe/Kids_playing_in_leaves,SumMe,random_k16_seed2026090911,batch16,3,,106403840,116162048,9758208
SumMe/Kids_playing_in_leaves,SumMe,random_k16_seed2026090911,batch16,4,,106403840,116162048,9758208
SumMe/Kids_playing_in_leaves,SumMe,random_k16_seed2026090911,batch16,5,,106403840,116162048,9758208
SumMe/Kids_playing_in_leaves,SumMe,random_k16_seed2026090911,batch16,6,,106403840,116162048,9758208
SumMe/Kids_playing_in_leaves,SumMe,random_k16_seed2026090911,batch16,7,,106403840,116162048,9758208
SumMe/Kids_playing_in_leaves,SumMe,random_k16_seed2026090911,batch16,8,,106403840,116162048,9758208
SumMe/Kids_playing_in_leaves,SumMe,random_k16_seed2026090911,batch16,9,,106403840,116162048,9758208
SumMe/Kids_playing_in_leaves,SumMe,random_k16_seed2026090912,batch16,0,,106403840,116162048,9758208
SumMe/Kids_playing_in_leaves,SumMe,random_k16_seed2026090912,batch16,1,,106403840,116162048,9758208
SumMe/Kids_playing_in_leaves,SumMe,random_k16_seed2026090912,batch16,2,,106403840,116162048,9758208
SumMe/Kids_playing_in_leaves,SumMe,random_k16_seed2026090912,batch16,3,,106403840,116162048,9758208
SumMe/Kids_playing_in_leaves,SumMe,random_k16_seed2026090912,batch16,4,,106403840,116162048,9758208
SumMe/Kids_playing_in_leaves,SumMe,random_k16_seed2026090912,batch16,5,,106403840,116162048,9758208
SumMe/Kids_playing_in_leaves,SumMe,random_k16_seed2026090912,batch16,6,,106403840,116162048,9758208
SumMe/Kids_playing_in_leaves,SumMe,random_k16_seed2026090912,batch16,7,,106403840,116162048,9758208
SumMe/Kids_playing_in_leaves,SumMe,random_k16_seed2026090912,batch16,8,,106403840,116162048,9758208
SumMe/Kids_playing_in_leaves,SumMe,random_k16_seed2026090912,batch16,9,,106403840,116162048,9758208
SumMe/Kids_playing_in_leaves,SumMe,random_k16_seed2026090913,batch16,0,,106403840,116162048,9758208
SumMe/Kids_playing_in_leaves,SumMe,random_k16_seed2026090913,batch16,1,,106403840,116162048,9758208
SumMe/Kids_playing_in_leaves,SumMe,random_k16_seed2026090913,batch16,2,,106403840,116162048,9758208
SumMe/Kids_playing_in_leaves,SumMe,random_k16_seed2026090913,batch16,3,,106403840,116162048,9758208
SumMe/Kids_playing_in_leaves,SumMe,random_k16_seed2026090913,batch16,4,,106403840,116162048,9758208
SumMe/Kids_playing_in_leaves,SumMe,random_k16_seed2026090913,batch16,5,,106403840,116162048,9758208
SumMe/Kids_playing_in_leaves,SumMe,random_k16_seed2026090913,batch16,6,,106403840,116162048,9758208
SumMe/Kids_playing_in_leaves,SumMe,random_k16_seed2026090913,batch16,7,,106403840,116162048,9758208
SumMe/Kids_playing_in_leaves,SumMe,random_k16_seed2026090913,batch16,8,,106403840,116162048,9758208
SumMe/Kids_playing_in_leaves,SumMe,random_k16_seed2026090913,batch16,9,,106403840,116162048,9758208
SumMe/Kids_playing_in_leaves,SumMe,random_k16_seed2026090914,batch16,0,,106403840,116162048,9758208
SumMe/Kids_playing_in_leaves,SumMe,random_k16_seed2026090914,batch16,1,,106403840,116162048,9758208
SumMe/Kids_playing_in_leaves,SumMe,random_k16_seed2026090914,batch16,2,,106403840,116162048,9758208
SumMe/Kids_playing_in_leaves,SumMe,random_k16_seed2026090914,batch16,3,,106403840,116162048,9758208
SumMe/Kids_playing_in_leaves,SumMe,random_k16_seed2026090914,batch16,4,,106403840,116162048,9758208
SumMe/Kids_playing_in_leaves,SumMe,random_k16_seed2026090914,batch16,5,,106403840,116162048,9758208
SumMe/Kids_playing_in_leaves,SumMe,random_k16_seed2026090914,batch16,6,,106403840,116162048,9758208
SumMe/Kids_playing_in_leaves,SumMe,random_k16_seed2026090914,batch16,7,,106403840,116162048,9758208
SumMe/Kids_playing_in_leaves,SumMe,random_k16_seed2026090914,batch16,8,,106403840,116162048,9758208
SumMe/Kids_playing_in_leaves,SumMe,random_k16_seed2026090914,batch16,9,,106403840,116162048,9758208
SumMe/Kids_playing_in_leaves,SumMe,random_k16_seed2026090915,batch16,0,,106403840,116162048,9758208
SumMe/Kids_playing_in_leaves,SumMe,random_k16_seed2026090915,batch16,1,,106403840,116162048,9758208
SumMe/Kids_playing_in_leaves,SumMe,random_k16_seed2026090915,batch16,2,,106403840,116162048,9758208
SumMe/Kids_playing_in_leaves,SumMe,random_k16_seed2026090915,batch16,3,,106403840,116162048,9758208
SumMe/Kids_playing_in_leaves,SumMe,random_k16_seed2026090915,batch16,4,,106403840,116162048,9758208
SumMe/Kids_playing_in_leaves,SumMe,random_k16_seed2026090915,batch16,5,,106403840,116162048,9758208
SumMe/Kids_playing_in_leaves,SumMe,random_k16_seed2026090915,batch16,6,,106403840,116162048,9758208
SumMe/Kids_playing_in_leaves,SumMe,random_k16_seed2026090915,batch16,7,,106403840,116162048,9758208
SumMe/Kids_playing_in_leaves,SumMe,random_k16_seed2026090915,batch16,8,,106403840,116162048,9758208
SumMe/Kids_playing_in_leaves,SumMe,random_k16_seed2026090915,batch16,9,,106403840,116162048,9758208
SumMe/Kids_playing_in_leaves,SumMe,policy:human_k16_seed440826,batch16,0,,106403840,116162048,9758208
SumMe/Kids_playing_in_leaves,SumMe,policy:human_k16_seed440826,batch16,1,,106403840,116162048,9758208
SumMe/Kids_playing_in_leaves,SumMe,policy:human_k16_seed440826,batch16,2,,106403840,116162048,9758208
SumMe/Kids_playing_in_leaves,SumMe,policy:human_k16_seed440826,batch16,3,,106403840,116162048,9758208
SumMe/Kids_playing_in_leaves,SumMe,policy:human_k16_seed440826,batch16,4,,106403840,116162048,9758208
SumMe/Kids_playing_in_leaves,SumMe,policy:human_k16_seed440826,batch16,5,,106403840,116162048,9758208
SumMe/Kids_playing_in_leaves,SumMe,policy:human_k16_seed440826,batch16,6,,106403840,116162048,9758208
SumMe/Kids_playing_in_leaves,SumMe,policy:human_k16_seed440826,batch16,7,,106403840,116162048,9758208
SumMe/Kids_playing_in_leaves,SumMe,policy:human_k16_seed440826,batch16,8,,106403840,116162048,9758208
SumMe/Kids_playing_in_leaves,SumMe,policy:human_k16_seed440826,batch16,9,,106403840,116162048,9758208
SumMe/Kids_playing_in_leaves,SumMe,policy:human_k16_seed440827,batch16,0,,106403840,116162048,9758208
SumMe/Kids_playing_in_leaves,SumMe,policy:human_k16_seed440827,batch16,1,,106403840,116162048,9758208
SumMe/Kids_playing_in_leaves,SumMe,policy:human_k16_seed440827,batch16,2,,106403840,116162048,9758208
SumMe/Kids_playing_in_leaves,SumMe,policy:human_k16_seed440827,batch16,3,,106403840,116162048,9758208
SumMe/Kids_playing_in_leaves,SumMe,policy:human_k16_seed440827,batch16,4,,106403840,116162048,9758208
SumMe/Kids_playing_in_leaves,SumMe,policy:human_k16_seed440827,batch16,5,,106403840,116162048,9758208
SumMe/Kids_playing_in_leaves,SumMe,policy:human_k16_seed440827,batch16,6,,106403840,116162048,9758208
SumMe/Kids_playing_in_leaves,SumMe,policy:human_k16_seed440827,batch16,7,,106403840,116162048,9758208
SumMe/Kids_playing_in_leaves,SumMe,policy:human_k16_seed440827,batch16,8,,106403840,116162048,9758208
SumMe/Kids_playing_in_leaves,SumMe,policy:human_k16_seed440827,batch16,9,,106403840,116162048,9758208
SumMe/Kids_playing_in_leaves,SumMe,policy:human_k16_seed440828,batch16,0,,106403840,116162048,9758208
SumMe/Kids_playing_in_leaves,SumMe,policy:human_k16_seed440828,batch16,1,,106403840,116162048,9758208
SumMe/Kids_playing_in_leaves,SumMe,policy:human_k16_seed440828,batch16,2,,106403840,116162048,9758208
SumMe/Kids_playing_in_leaves,SumMe,policy:human_k16_seed440828,batch16,3,,106403840,116162048,9758208
SumMe/Kids_playing_in_leaves,SumMe,policy:human_k16_seed440828,batch16,4,,106403840,116162048,9758208
SumMe/Kids_playing_in_leaves,SumMe,policy:human_k16_seed440828,batch16,5,,106403840,116162048,9758208
SumMe/Kids_playing_in_leaves,SumMe,policy:human_k16_seed440828,batch16,6,,106403840,116162048,9758208
SumMe/Kids_playing_in_leaves,SumMe,policy:human_k16_seed440828,batch16,7,,106403840,116162048,9758208
SumMe/Kids_playing_in_leaves,SumMe,policy:human_k16_seed440828,batch16,8,,106403840,116162048,9758208
SumMe/Kids_playing_in_leaves,SumMe,policy:human_k16_seed440828,batch16,9,,106403840,116162048,9758208
SumMe/Kids_playing_in_leaves,SumMe,policy:human_k16_seed440829,batch16,0,,106403840,116162048,9758208
SumMe/Kids_playing_in_leaves,SumMe,policy:human_k16_seed440829,batch16,1,,106403840,116162048,9758208
SumMe/Kids_playing_in_leaves,SumMe,policy:human_k16_seed440829,batch16,2,,106403840,116162048,9758208
SumMe/Kids_playing_in_leaves,SumMe,policy:human_k16_seed440829,batch16,3,,106403840,116162048,9758208
SumMe/Kids_playing_in_leaves,SumMe,policy:human_k16_seed440829,batch16,4,,106403840,116162048,9758208
SumMe/Kids_playing_in_leaves,SumMe,policy:human_k16_seed440829,batch16,5,,106403840,116162048,9758208
SumMe/Kids_playing_in_leaves,SumMe,policy:human_k16_seed440829,batch16,6,,106403840,116162048,9758208
SumMe/Kids_playing_in_leaves,SumMe,policy:human_k16_seed440829,batch16,7,,106403840,116162048,9758208
SumMe/Kids_playing_in_leaves,SumMe,policy:human_k16_seed440829,batch16,8,,106403840,116162048,9758208
SumMe/Kids_playing_in_leaves,SumMe,policy:human_k16_seed440829,batch16,9,,106403840,116162048,9758208
SumMe/Kids_playing_in_leaves,SumMe,policy:human_k16_seed440830,batch16,0,,106403840,116162048,9758208
SumMe/Kids_playing_in_leaves,SumMe,policy:human_k16_seed440830,batch16,1,,106403840,116162048,9758208
SumMe/Kids_playing_in_leaves,SumMe,policy:human_k16_seed440830,batch16,2,,106403840,116162048,9758208
SumMe/Kids_playing_in_leaves,SumMe,policy:human_k16_seed440830,batch16,3,,106403840,116162048,9758208
SumMe/Kids_playing_in_leaves,SumMe,policy:human_k16_seed440830,batch16,4,,106403840,116162048,9758208
SumMe/Kids_playing_in_leaves,SumMe,policy:human_k16_seed440830,batch16,5,,106403840,116162048,9758208
SumMe/Kids_playing_in_leaves,SumMe,policy:human_k16_seed440830,batch16,6,,106403840,116162048,9758208
SumMe/Kids_playing_in_leaves,SumMe,policy:human_k16_seed440830,batch16,7,,106403840,116162048,9758208
SumMe/Kids_playing_in_leaves,SumMe,policy:human_k16_seed440830,batch16,8,,106403840,116162048,9758208
SumMe/Kids_playing_in_leaves,SumMe,policy:human_k16_seed440830,batch16,9,,106403840,116162048,9758208
SumMe/Kids_playing_in_leaves,SumMe,policy:human_k16_seed440831,batch16,0,,106403840,116162048,9758208
SumMe/Kids_playing_in_leaves,SumMe,policy:human_k16_seed440831,batch16,1,,106403840,116162048,9758208
SumMe/Kids_playing_in_leaves,SumMe,policy:human_k16_seed440831,batch16,2,,106403840,116162048,9758208
SumMe/Kids_playing_in_leaves,SumMe,policy:human_k16_seed440831,batch16,3,,106403840,116162048,9758208
SumMe/Kids_playing_in_leaves,SumMe,policy:human_k16_seed440831,batch16,4,,106403840,116162048,9758208
SumMe/Kids_playing_in_leaves,SumMe,policy:human_k16_seed440831,batch16,5,,106403840,116162048,9758208
SumMe/Kids_playing_in_leaves,SumMe,policy:human_k16_seed440831,batch16,6,,106403840,116162048,9758208
SumMe/Kids_playing_in_leaves,SumMe,policy:human_k16_seed440831,batch16,7,,106403840,116162048,9758208
SumMe/Kids_playing_in_leaves,SumMe,policy:human_k16_seed440831,batch16,8,,106403840,116162048,9758208
SumMe/Kids_playing_in_leaves,SumMe,policy:human_k16_seed440831,batch16,9,,106403840,116162048,9758208
SumMe/Kids_playing_in_leaves,SumMe,policy:pretrained_k16,batch16,0,,106403840,116162048,9758208
SumMe/Kids_playing_in_leaves,SumMe,policy:pretrained_k16,batch16,1,,106403840,116162048,9758208
SumMe/Kids_playing_in_leaves,SumMe,policy:pretrained_k16,batch16,2,,106403840,116162048,9758208
SumMe/Kids_playing_in_leaves,SumMe,policy:pretrained_k16,batch16,3,,106403840,116162048,9758208
SumMe/Kids_playing_in_leaves,SumMe,policy:pretrained_k16,batch16,4,,106403840,116162048,9758208
SumMe/Kids_playing_in_leaves,SumMe,policy:pretrained_k16,batch16,5,,106403840,116162048,9758208
SumMe/Kids_playing_in_leaves,SumMe,policy:pretrained_k16,batch16,6,,106403840,116162048,9758208
SumMe/Kids_playing_in_leaves,SumMe,policy:pretrained_k16,batch16,7,,106403840,116162048,9758208
SumMe/Kids_playing_in_leaves,SumMe,policy:pretrained_k16,batch16,8,,106403840,116162048,9758208
SumMe/Kids_playing_in_leaves,SumMe,policy:pretrained_k16,batch16,9,,106403840,116162048,9758208
SumMe/Kids_playing_in_leaves,SumMe,tome_r5,batch16,0,,106403840,176946176,70542336
SumMe/Kids_playing_in_leaves,SumMe,tome_r5,batch16,1,,106403840,176946176,70542336
SumMe/Kids_playing_in_leaves,SumMe,tome_r5,batch16,2,,106403840,176946176,70542336
SumMe/Kids_playing_in_leaves,SumMe,tome_r5,batch16,3,,106403840,176946176,70542336
SumMe/Kids_playing_in_leaves,SumMe,tome_r5,batch16,4,,106403840,176946176,70542336
SumMe/Kids_playing_in_leaves,SumMe,tome_r5,batch16,5,,106403840,176946176,70542336
SumMe/Kids_playing_in_leaves,SumMe,tome_r5,batch16,6,,106403840,176946176,70542336
SumMe/Kids_playing_in_leaves,SumMe,tome_r5,batch16,7,,106403840,176946176,70542336
SumMe/Kids_playing_in_leaves,SumMe,tome_r5,batch16,8,,106403840,176946176,70542336
SumMe/Kids_playing_in_leaves,SumMe,tome_r5,batch16,9,,106403840,176946176,70542336
SumMe/Kids_playing_in_leaves,SumMe,tome_r10,batch16,0,,106403840,174220288,67816448
SumMe/Kids_playing_in_leaves,SumMe,tome_r10,batch16,1,,106403840,174220288,67816448
SumMe/Kids_playing_in_leaves,SumMe,tome_r10,batch16,2,,106403840,174220288,67816448
SumMe/Kids_playing_in_leaves,SumMe,tome_r10,batch16,3,,106403840,174220288,67816448
SumMe/Kids_playing_in_leaves,SumMe,tome_r10,batch16,4,,106403840,174220288,67816448
SumMe/Kids_playing_in_leaves,SumMe,tome_r10,batch16,5,,106403840,174220288,67816448
SumMe/Kids_playing_in_leaves,SumMe,tome_r10,batch16,6,,106403840,174220288,67816448
SumMe/Kids_playing_in_leaves,SumMe,tome_r10,batch16,7,,106403840,174220288,67816448
SumMe/Kids_playing_in_leaves,SumMe,tome_r10,batch16,8,,106403840,174220288,67816448
SumMe/Kids_playing_in_leaves,SumMe,tome_r10,batch16,9,,106403840,174220288,67816448
SumMe/Kids_playing_in_leaves,SumMe,tome_r15,batch16,0,,106403840,171617280,65213440
SumMe/Kids_playing_in_leaves,SumMe,tome_r15,batch16,1,,106403840,171617280,65213440
SumMe/Kids_playing_in_leaves,SumMe,tome_r15,batch16,2,,106403840,171617280,65213440
SumMe/Kids_playing_in_leaves,SumMe,tome_r15,batch16,3,,106403840,171617280,65213440
SumMe/Kids_playing_in_leaves,SumMe,tome_r15,batch16,4,,106403840,171617280,65213440
SumMe/Kids_playing_in_leaves,SumMe,tome_r15,batch16,5,,106403840,171617280,65213440
SumMe/Kids_playing_in_leaves,SumMe,tome_r15,batch16,6,,106403840,171617280,65213440
SumMe/Kids_playing_in_leaves,SumMe,tome_r15,batch16,7,,106403840,171617280,65213440
SumMe/Kids_playing_in_leaves,SumMe,tome_r15,batch16,8,,106403840,171617280,65213440
SumMe/Kids_playing_in_leaves,SumMe,tome_r15,batch16,9,,106403840,171617280,65213440
SumMe/Paintball,SumMe,dense,batch16,0,,106403840,165781504,59377664
SumMe/Paintball,SumMe,dense,batch16,1,,106403840,165781504,59377664
SumMe/Paintball,SumMe,dense,batch16,2,,106403840,165781504,59377664
SumMe/Paintball,SumMe,dense,batch16,3,,106403840,165781504,59377664
SumMe/Paintball,SumMe,dense,batch16,4,,106403840,165781504,59377664
SumMe/Paintball,SumMe,dense,batch16,5,,106403840,165781504,59377664
SumMe/Paintball,SumMe,dense,batch16,6,,106403840,165781504,59377664
SumMe/Paintball,SumMe,dense,batch16,7,,106403840,165781504,59377664
SumMe/Paintball,SumMe,dense,batch16,8,,106403840,165781504,59377664
SumMe/Paintball,SumMe,dense,batch16,9,,106403840,165781504,59377664
SumMe/Paintball,SumMe,central_k16,batch16,0,,106403840,116162048,9758208
SumMe/Paintball,SumMe,central_k16,batch16,1,,106403840,116162048,9758208
SumMe/Paintball,SumMe,central_k16,batch16,2,,106403840,116162048,9758208
SumMe/Paintball,SumMe,central_k16,batch16,3,,106403840,116162048,9758208
SumMe/Paintball,SumMe,central_k16,batch16,4,,106403840,116162048,9758208
SumMe/Paintball,SumMe,central_k16,batch16,5,,106403840,116162048,9758208
SumMe/Paintball,SumMe,central_k16,batch16,6,,106403840,116162048,9758208
SumMe/Paintball,SumMe,central_k16,batch16,7,,106403840,116162048,9758208
SumMe/Paintball,SumMe,central_k16,batch16,8,,106403840,116162048,9758208
SumMe/Paintball,SumMe,central_k16,batch16,9,,106403840,116162048,9758208
SumMe/Paintball,SumMe,random_k16_seed2026090900,batch16,0,,106403840,116162048,9758208
SumMe/Paintball,SumMe,random_k16_seed2026090900,batch16,1,,106403840,116162048,9758208
SumMe/Paintball,SumMe,random_k16_seed2026090900,batch16,2,,106403840,116162048,9758208
SumMe/Paintball,SumMe,random_k16_seed2026090900,batch16,3,,106403840,116162048,9758208
SumMe/Paintball,SumMe,random_k16_seed2026090900,batch16,4,,106403840,116162048,9758208
SumMe/Paintball,SumMe,random_k16_seed2026090900,batch16,5,,106403840,116162048,9758208
SumMe/Paintball,SumMe,random_k16_seed2026090900,batch16,6,,106403840,116162048,9758208
SumMe/Paintball,SumMe,random_k16_seed2026090900,batch16,7,,106403840,116162048,9758208
SumMe/Paintball,SumMe,random_k16_seed2026090900,batch16,8,,106403840,116162048,9758208
SumMe/Paintball,SumMe,random_k16_seed2026090900,batch16,9,,106403840,116162048,9758208
SumMe/Paintball,SumMe,random_k16_seed2026090901,batch16,0,,106403840,116162048,9758208
SumMe/Paintball,SumMe,random_k16_seed2026090901,batch16,1,,106403840,116162048,9758208
SumMe/Paintball,SumMe,random_k16_seed2026090901,batch16,2,,106403840,116162048,9758208
SumMe/Paintball,SumMe,random_k16_seed2026090901,batch16,3,,106403840,116162048,9758208
SumMe/Paintball,SumMe,random_k16_seed2026090901,batch16,4,,106403840,116162048,9758208
SumMe/Paintball,SumMe,random_k16_seed2026090901,batch16,5,,106403840,116162048,9758208
SumMe/Paintball,SumMe,random_k16_seed2026090901,batch16,6,,106403840,116162048,9758208
SumMe/Paintball,SumMe,random_k16_seed2026090901,batch16,7,,106403840,116162048,9758208
SumMe/Paintball,SumMe,random_k16_seed2026090901,batch16,8,,106403840,116162048,9758208
SumMe/Paintball,SumMe,random_k16_seed2026090901,batch16,9,,106403840,116162048,9758208
SumMe/Paintball,SumMe,random_k16_seed2026090902,batch16,0,,106403840,116162048,9758208
SumMe/Paintball,SumMe,random_k16_seed2026090902,batch16,1,,106403840,116162048,9758208
SumMe/Paintball,SumMe,random_k16_seed2026090902,batch16,2,,106403840,116162048,9758208
SumMe/Paintball,SumMe,random_k16_seed2026090902,batch16,3,,106403840,116162048,9758208
SumMe/Paintball,SumMe,random_k16_seed2026090902,batch16,4,,106403840,116162048,9758208
SumMe/Paintball,SumMe,random_k16_seed2026090902,batch16,5,,106403840,116162048,9758208
SumMe/Paintball,SumMe,random_k16_seed2026090902,batch16,6,,106403840,116162048,9758208
SumMe/Paintball,SumMe,random_k16_seed2026090902,batch16,7,,106403840,116162048,9758208
SumMe/Paintball,SumMe,random_k16_seed2026090902,batch16,8,,106403840,116162048,9758208
SumMe/Paintball,SumMe,random_k16_seed2026090902,batch16,9,,106403840,116162048,9758208
SumMe/Paintball,SumMe,random_k16_seed2026090903,batch16,0,,106403840,116162048,9758208
SumMe/Paintball,SumMe,random_k16_seed2026090903,batch16,1,,106403840,116162048,9758208
SumMe/Paintball,SumMe,random_k16_seed2026090903,batch16,2,,106403840,116162048,9758208
SumMe/Paintball,SumMe,random_k16_seed2026090903,batch16,3,,106403840,116162048,9758208
SumMe/Paintball,SumMe,random_k16_seed2026090903,batch16,4,,106403840,116162048,9758208
SumMe/Paintball,SumMe,random_k16_seed2026090903,batch16,5,,106403840,116162048,9758208
SumMe/Paintball,SumMe,random_k16_seed2026090903,batch16,6,,106403840,116162048,9758208
SumMe/Paintball,SumMe,random_k16_seed2026090903,batch16,7,,106403840,116162048,9758208
SumMe/Paintball,SumMe,random_k16_seed2026090903,batch16,8,,106403840,116162048,9758208
SumMe/Paintball,SumMe,random_k16_seed2026090903,batch16,9,,106403840,116162048,9758208
SumMe/Paintball,SumMe,random_k16_seed2026090904,batch16,0,,106403840,116162048,9758208
SumMe/Paintball,SumMe,random_k16_seed2026090904,batch16,1,,106403840,116162048,9758208
SumMe/Paintball,SumMe,random_k16_seed2026090904,batch16,2,,106403840,116162048,9758208
SumMe/Paintball,SumMe,random_k16_seed2026090904,batch16,3,,106403840,116162048,9758208
SumMe/Paintball,SumMe,random_k16_seed2026090904,batch16,4,,106403840,116162048,9758208
SumMe/Paintball,SumMe,random_k16_seed2026090904,batch16,5,,106403840,116162048,9758208
SumMe/Paintball,SumMe,random_k16_seed2026090904,batch16,6,,106403840,116162048,9758208
SumMe/Paintball,SumMe,random_k16_seed2026090904,batch16,7,,106403840,116162048,9758208
SumMe/Paintball,SumMe,random_k16_seed2026090904,batch16,8,,106403840,116162048,9758208
SumMe/Paintball,SumMe,random_k16_seed2026090904,batch16,9,,106403840,116162048,9758208
SumMe/Paintball,SumMe,random_k16_seed2026090905,batch16,0,,106403840,116162048,9758208
SumMe/Paintball,SumMe,random_k16_seed2026090905,batch16,1,,106403840,116162048,9758208
SumMe/Paintball,SumMe,random_k16_seed2026090905,batch16,2,,106403840,116162048,9758208
SumMe/Paintball,SumMe,random_k16_seed2026090905,batch16,3,,106403840,116162048,9758208
SumMe/Paintball,SumMe,random_k16_seed2026090905,batch16,4,,106403840,116162048,9758208
SumMe/Paintball,SumMe,random_k16_seed2026090905,batch16,5,,106403840,116162048,9758208
SumMe/Paintball,SumMe,random_k16_seed2026090905,batch16,6,,106403840,116162048,9758208
SumMe/Paintball,SumMe,random_k16_seed2026090905,batch16,7,,106403840,116162048,9758208
SumMe/Paintball,SumMe,random_k16_seed2026090905,batch16,8,,106403840,116162048,9758208
SumMe/Paintball,SumMe,random_k16_seed2026090905,batch16,9,,106403840,116162048,9758208
SumMe/Paintball,SumMe,random_k16_seed2026090906,batch16,0,,106403840,116162048,9758208
SumMe/Paintball,SumMe,random_k16_seed2026090906,batch16,1,,106403840,116162048,9758208
SumMe/Paintball,SumMe,random_k16_seed2026090906,batch16,2,,106403840,116162048,9758208
SumMe/Paintball,SumMe,random_k16_seed2026090906,batch16,3,,106403840,116162048,9758208
SumMe/Paintball,SumMe,random_k16_seed2026090906,batch16,4,,106403840,116162048,9758208
SumMe/Paintball,SumMe,random_k16_seed2026090906,batch16,5,,106403840,116162048,9758208
SumMe/Paintball,SumMe,random_k16_seed2026090906,batch16,6,,106403840,116162048,9758208
SumMe/Paintball,SumMe,random_k16_seed2026090906,batch16,7,,106403840,116162048,9758208
SumMe/Paintball,SumMe,random_k16_seed2026090906,batch16,8,,106403840,116162048,9758208
SumMe/Paintball,SumMe,random_k16_seed2026090906,batch16,9,,106403840,116162048,9758208
SumMe/Paintball,SumMe,random_k16_seed2026090907,batch16,0,,106403840,116162048,9758208
SumMe/Paintball,SumMe,random_k16_seed2026090907,batch16,1,,106403840,116162048,9758208
SumMe/Paintball,SumMe,random_k16_seed2026090907,batch16,2,,106403840,116162048,9758208
SumMe/Paintball,SumMe,random_k16_seed2026090907,batch16,3,,106403840,116162048,9758208
SumMe/Paintball,SumMe,random_k16_seed2026090907,batch16,4,,106403840,116162048,9758208
SumMe/Paintball,SumMe,random_k16_seed2026090907,batch16,5,,106403840,116162048,9758208
SumMe/Paintball,SumMe,random_k16_seed2026090907,batch16,6,,106403840,116162048,9758208
SumMe/Paintball,SumMe,random_k16_seed2026090907,batch16,7,,106403840,116162048,9758208
SumMe/Paintball,SumMe,random_k16_seed2026090907,batch16,8,,106403840,116162048,9758208
SumMe/Paintball,SumMe,random_k16_seed2026090907,batch16,9,,106403840,116162048,9758208
SumMe/Paintball,SumMe,random_k16_seed2026090908,batch16,0,,106403840,116162048,9758208
SumMe/Paintball,SumMe,random_k16_seed2026090908,batch16,1,,106403840,116162048,9758208
SumMe/Paintball,SumMe,random_k16_seed2026090908,batch16,2,,106403840,116162048,9758208
SumMe/Paintball,SumMe,random_k16_seed2026090908,batch16,3,,106403840,116162048,9758208
SumMe/Paintball,SumMe,random_k16_seed2026090908,batch16,4,,106403840,116162048,9758208
SumMe/Paintball,SumMe,random_k16_seed2026090908,batch16,5,,106403840,116162048,9758208
SumMe/Paintball,SumMe,random_k16_seed2026090908,batch16,6,,106403840,116162048,9758208
SumMe/Paintball,SumMe,random_k16_seed2026090908,batch16,7,,106403840,116162048,9758208
SumMe/Paintball,SumMe,random_k16_seed2026090908,batch16,8,,106403840,116162048,9758208
SumMe/Paintball,SumMe,random_k16_seed2026090908,batch16,9,,106403840,116162048,9758208
SumMe/Paintball,SumMe,random_k16_seed2026090909,batch16,0,,106403840,116162048,9758208
SumMe/Paintball,SumMe,random_k16_seed2026090909,batch16,1,,106403840,116162048,9758208
SumMe/Paintball,SumMe,random_k16_seed2026090909,batch16,2,,106403840,116162048,9758208
SumMe/Paintball,SumMe,random_k16_seed2026090909,batch16,3,,106403840,116162048,9758208
SumMe/Paintball,SumMe,random_k16_seed2026090909,batch16,4,,106403840,116162048,9758208
SumMe/Paintball,SumMe,random_k16_seed2026090909,batch16,5,,106403840,116162048,9758208
SumMe/Paintball,SumMe,random_k16_seed2026090909,batch16,6,,106403840,116162048,9758208
SumMe/Paintball,SumMe,random_k16_seed2026090909,batch16,7,,106403840,116162048,9758208
SumMe/Paintball,SumMe,random_k16_seed2026090909,batch16,8,,106403840,116162048,9758208
SumMe/Paintball,SumMe,random_k16_seed2026090909,batch16,9,,106403840,116162048,9758208
SumMe/Paintball,SumMe,random_k16_seed2026090910,batch16,0,,106403840,116162048,9758208
SumMe/Paintball,SumMe,random_k16_seed2026090910,batch16,1,,106403840,116162048,9758208
SumMe/Paintball,SumMe,random_k16_seed2026090910,batch16,2,,106403840,116162048,9758208
SumMe/Paintball,SumMe,random_k16_seed2026090910,batch16,3,,106403840,116162048,9758208
SumMe/Paintball,SumMe,random_k16_seed2026090910,batch16,4,,106403840,116162048,9758208
SumMe/Paintball,SumMe,random_k16_seed2026090910,batch16,5,,106403840,116162048,9758208
SumMe/Paintball,SumMe,random_k16_seed2026090910,batch16,6,,106403840,116162048,9758208
SumMe/Paintball,SumMe,random_k16_seed2026090910,batch16,7,,106403840,116162048,9758208
SumMe/Paintball,SumMe,random_k16_seed2026090910,batch16,8,,106403840,116162048,9758208
SumMe/Paintball,SumMe,random_k16_seed2026090910,batch16,9,,106403840,116162048,9758208
SumMe/Paintball,SumMe,random_k16_seed2026090911,batch16,0,,106403840,116162048,9758208
SumMe/Paintball,SumMe,random_k16_seed2026090911,batch16,1,,106403840,116162048,9758208
SumMe/Paintball,SumMe,random_k16_seed2026090911,batch16,2,,106403840,116162048,9758208
SumMe/Paintball,SumMe,random_k16_seed2026090911,batch16,3,,106403840,116162048,9758208
SumMe/Paintball,SumMe,random_k16_seed2026090911,batch16,4,,106403840,116162048,9758208
SumMe/Paintball,SumMe,random_k16_seed2026090911,batch16,5,,106403840,116162048,9758208
SumMe/Paintball,SumMe,random_k16_seed2026090911,batch16,6,,106403840,116162048,9758208
SumMe/Paintball,SumMe,random_k16_seed2026090911,batch16,7,,106403840,116162048,9758208
SumMe/Paintball,SumMe,random_k16_seed2026090911,batch16,8,,106403840,116162048,9758208
SumMe/Paintball,SumMe,random_k16_seed2026090911,batch16,9,,106403840,116162048,9758208
SumMe/Paintball,SumMe,random_k16_seed2026090912,batch16,0,,106403840,116162048,9758208
SumMe/Paintball,SumMe,random_k16_seed2026090912,batch16,1,,106403840,116162048,9758208
SumMe/Paintball,SumMe,random_k16_seed2026090912,batch16,2,,106403840,116162048,9758208
SumMe/Paintball,SumMe,random_k16_seed2026090912,batch16,3,,106403840,116162048,9758208
SumMe/Paintball,SumMe,random_k16_seed2026090912,batch16,4,,106403840,116162048,9758208
SumMe/Paintball,SumMe,random_k16_seed2026090912,batch16,5,,106403840,116162048,9758208
SumMe/Paintball,SumMe,random_k16_seed2026090912,batch16,6,,106403840,116162048,9758208
SumMe/Paintball,SumMe,random_k16_seed2026090912,batch16,7,,106403840,116162048,9758208
SumMe/Paintball,SumMe,random_k16_seed2026090912,batch16,8,,106403840,116162048,9758208
SumMe/Paintball,SumMe,random_k16_seed2026090912,batch16,9,,106403840,116162048,9758208
SumMe/Paintball,SumMe,random_k16_seed2026090913,batch16,0,,106403840,116162048,9758208
SumMe/Paintball,SumMe,random_k16_seed2026090913,batch16,1,,106403840,116162048,9758208
SumMe/Paintball,SumMe,random_k16_seed2026090913,batch16,2,,106403840,116162048,9758208
SumMe/Paintball,SumMe,random_k16_seed2026090913,batch16,3,,106403840,116162048,9758208
SumMe/Paintball,SumMe,random_k16_seed2026090913,batch16,4,,106403840,116162048,9758208
SumMe/Paintball,SumMe,random_k16_seed2026090913,batch16,5,,106403840,116162048,9758208
SumMe/Paintball,SumMe,random_k16_seed2026090913,batch16,6,,106403840,116162048,9758208
SumMe/Paintball,SumMe,random_k16_seed2026090913,batch16,7,,106403840,116162048,9758208
SumMe/Paintball,SumMe,random_k16_seed2026090913,batch16,8,,106403840,116162048,9758208
SumMe/Paintball,SumMe,random_k16_seed2026090913,batch16,9,,106403840,116162048,9758208
SumMe/Paintball,SumMe,random_k16_seed2026090914,batch16,0,,106403840,116162048,9758208
SumMe/Paintball,SumMe,random_k16_seed2026090914,batch16,1,,106403840,116162048,9758208
SumMe/Paintball,SumMe,random_k16_seed2026090914,batch16,2,,106403840,116162048,9758208
SumMe/Paintball,SumMe,random_k16_seed2026090914,batch16,3,,106403840,116162048,9758208
SumMe/Paintball,SumMe,random_k16_seed2026090914,batch16,4,,106403840,116162048,9758208
SumMe/Paintball,SumMe,random_k16_seed2026090914,batch16,5,,106403840,116162048,9758208
SumMe/Paintball,SumMe,random_k16_seed2026090914,batch16,6,,106403840,116162048,9758208
SumMe/Paintball,SumMe,random_k16_seed2026090914,batch16,7,,106403840,116162048,9758208
SumMe/Paintball,SumMe,random_k16_seed2026090914,batch16,8,,106403840,116162048,9758208
SumMe/Paintball,SumMe,random_k16_seed2026090914,batch16,9,,106403840,116162048,9758208
SumMe/Paintball,SumMe,random_k16_seed2026090915,batch16,0,,106403840,116162048,9758208
SumMe/Paintball,SumMe,random_k16_seed2026090915,batch16,1,,106403840,116162048,9758208
SumMe/Paintball,SumMe,random_k16_seed2026090915,batch16,2,,106403840,116162048,9758208
SumMe/Paintball,SumMe,random_k16_seed2026090915,batch16,3,,106403840,116162048,9758208
SumMe/Paintball,SumMe,random_k16_seed2026090915,batch16,4,,106403840,116162048,9758208
SumMe/Paintball,SumMe,random_k16_seed2026090915,batch16,5,,106403840,116162048,9758208
SumMe/Paintball,SumMe,random_k16_seed2026090915,batch16,6,,106403840,116162048,9758208
SumMe/Paintball,SumMe,random_k16_seed2026090915,batch16,7,,106403840,116162048,9758208
SumMe/Paintball,SumMe,random_k16_seed2026090915,batch16,8,,106403840,116162048,9758208
SumMe/Paintball,SumMe,random_k16_seed2026090915,batch16,9,,106403840,116162048,9758208
SumMe/Paintball,SumMe,policy:human_k16_seed440826,batch16,0,,106403840,116162048,9758208
SumMe/Paintball,SumMe,policy:human_k16_seed440826,batch16,1,,106403840,116162048,9758208
SumMe/Paintball,SumMe,policy:human_k16_seed440826,batch16,2,,106403840,116162048,9758208
SumMe/Paintball,SumMe,policy:human_k16_seed440826,batch16,3,,106403840,116162048,9758208
SumMe/Paintball,SumMe,policy:human_k16_seed440826,batch16,4,,106403840,116162048,9758208
SumMe/Paintball,SumMe,policy:human_k16_seed440826,batch16,5,,106403840,116162048,9758208
SumMe/Paintball,SumMe,policy:human_k16_seed440826,batch16,6,,106403840,116162048,9758208
SumMe/Paintball,SumMe,policy:human_k16_seed440826,batch16,7,,106403840,116162048,9758208
SumMe/Paintball,SumMe,policy:human_k16_seed440826,batch16,8,,106403840,116162048,9758208
SumMe/Paintball,SumMe,policy:human_k16_seed440826,batch16,9,,106403840,116162048,9758208
SumMe/Paintball,SumMe,policy:human_k16_seed440827,batch16,0,,106403840,116162048,9758208
SumMe/Paintball,SumMe,policy:human_k16_seed440827,batch16,1,,106403840,116162048,9758208
SumMe/Paintball,SumMe,policy:human_k16_seed440827,batch16,2,,106403840,116162048,9758208
SumMe/Paintball,SumMe,policy:human_k16_seed440827,batch16,3,,106403840,116162048,9758208
SumMe/Paintball,SumMe,policy:human_k16_seed440827,batch16,4,,106403840,116162048,9758208
SumMe/Paintball,SumMe,policy:human_k16_seed440827,batch16,5,,106403840,116162048,9758208
SumMe/Paintball,SumMe,policy:human_k16_seed440827,batch16,6,,106403840,116162048,9758208
SumMe/Paintball,SumMe,policy:human_k16_seed440827,batch16,7,,106403840,116162048,9758208
SumMe/Paintball,SumMe,policy:human_k16_seed440827,batch16,8,,106403840,116162048,9758208
SumMe/Paintball,SumMe,policy:human_k16_seed440827,batch16,9,,106403840,116162048,9758208
SumMe/Paintball,SumMe,policy:human_k16_seed440828,batch16,0,,106403840,116162048,9758208
SumMe/Paintball,SumMe,policy:human_k16_seed440828,batch16,1,,106403840,116162048,9758208
SumMe/Paintball,SumMe,policy:human_k16_seed440828,batch16,2,,106403840,116162048,9758208
SumMe/Paintball,SumMe,policy:human_k16_seed440828,batch16,3,,106403840,116162048,9758208
SumMe/Paintball,SumMe,policy:human_k16_seed440828,batch16,4,,106403840,116162048,9758208
SumMe/Paintball,SumMe,policy:human_k16_seed440828,batch16,5,,106403840,116162048,9758208
SumMe/Paintball,SumMe,policy:human_k16_seed440828,batch16,6,,106403840,116162048,9758208
SumMe/Paintball,SumMe,policy:human_k16_seed440828,batch16,7,,106403840,116162048,9758208
SumMe/Paintball,SumMe,policy:human_k16_seed440828,batch16,8,,106403840,116162048,9758208
SumMe/Paintball,SumMe,policy:human_k16_seed440828,batch16,9,,106403840,116162048,9758208
SumMe/Paintball,SumMe,policy:human_k16_seed440829,batch16,0,,106403840,116162048,9758208
SumMe/Paintball,SumMe,policy:human_k16_seed440829,batch16,1,,106403840,116162048,9758208
SumMe/Paintball,SumMe,policy:human_k16_seed440829,batch16,2,,106403840,116162048,9758208
SumMe/Paintball,SumMe,policy:human_k16_seed440829,batch16,3,,106403840,116162048,9758208
SumMe/Paintball,SumMe,policy:human_k16_seed440829,batch16,4,,106403840,116162048,9758208
SumMe/Paintball,SumMe,policy:human_k16_seed440829,batch16,5,,106403840,116162048,9758208
SumMe/Paintball,SumMe,policy:human_k16_seed440829,batch16,6,,106403840,116162048,9758208
SumMe/Paintball,SumMe,policy:human_k16_seed440829,batch16,7,,106403840,116162048,9758208
SumMe/Paintball,SumMe,policy:human_k16_seed440829,batch16,8,,106403840,116162048,9758208
SumMe/Paintball,SumMe,policy:human_k16_seed440829,batch16,9,,106403840,116162048,9758208
SumMe/Paintball,SumMe,policy:human_k16_seed440830,batch16,0,,106403840,116162048,9758208
SumMe/Paintball,SumMe,policy:human_k16_seed440830,batch16,1,,106403840,116162048,9758208
SumMe/Paintball,SumMe,policy:human_k16_seed440830,batch16,2,,106403840,116162048,9758208
SumMe/Paintball,SumMe,policy:human_k16_seed440830,batch16,3,,106403840,116162048,9758208
SumMe/Paintball,SumMe,policy:human_k16_seed440830,batch16,4,,106403840,116162048,9758208
SumMe/Paintball,SumMe,policy:human_k16_seed440830,batch16,5,,106403840,116162048,9758208
SumMe/Paintball,SumMe,policy:human_k16_seed440830,batch16,6,,106403840,116162048,9758208
SumMe/Paintball,SumMe,policy:human_k16_seed440830,batch16,7,,106403840,116162048,9758208
SumMe/Paintball,SumMe,policy:human_k16_seed440830,batch16,8,,106403840,116162048,9758208
SumMe/Paintball,SumMe,policy:human_k16_seed440830,batch16,9,,106403840,116162048,9758208
SumMe/Paintball,SumMe,policy:human_k16_seed440831,batch16,0,,106403840,116162048,9758208
SumMe/Paintball,SumMe,policy:human_k16_seed440831,batch16,1,,106403840,116162048,9758208
SumMe/Paintball,SumMe,policy:human_k16_seed440831,batch16,2,,106403840,116162048,9758208
SumMe/Paintball,SumMe,policy:human_k16_seed440831,batch16,3,,106403840,116162048,9758208
SumMe/Paintball,SumMe,policy:human_k16_seed440831,batch16,4,,106403840,116162048,9758208
SumMe/Paintball,SumMe,policy:human_k16_seed440831,batch16,5,,106403840,116162048,9758208
SumMe/Paintball,SumMe,policy:human_k16_seed440831,batch16,6,,106403840,116162048,9758208
SumMe/Paintball,SumMe,policy:human_k16_seed440831,batch16,7,,106403840,116162048,9758208
SumMe/Paintball,SumMe,policy:human_k16_seed440831,batch16,8,,106403840,116162048,9758208
SumMe/Paintball,SumMe,policy:human_k16_seed440831,batch16,9,,106403840,116162048,9758208
SumMe/Paintball,SumMe,policy:pretrained_k16,batch16,0,,106403840,116162048,9758208
SumMe/Paintball,SumMe,policy:pretrained_k16,batch16,1,,106403840,116162048,9758208
SumMe/Paintball,SumMe,policy:pretrained_k16,batch16,2,,106403840,116162048,9758208
SumMe/Paintball,SumMe,policy:pretrained_k16,batch16,3,,106403840,116162048,9758208
SumMe/Paintball,SumMe,policy:pretrained_k16,batch16,4,,106403840,116162048,9758208
SumMe/Paintball,SumMe,policy:pretrained_k16,batch16,5,,106403840,116162048,9758208
SumMe/Paintball,SumMe,policy:pretrained_k16,batch16,6,,106403840,116162048,9758208
SumMe/Paintball,SumMe,policy:pretrained_k16,batch16,7,,106403840,116162048,9758208
SumMe/Paintball,SumMe,policy:pretrained_k16,batch16,8,,106403840,116162048,9758208
SumMe/Paintball,SumMe,policy:pretrained_k16,batch16,9,,106403840,116162048,9758208
SumMe/Paintball,SumMe,tome_r5,batch16,0,,106403840,176946176,70542336
SumMe/Paintball,SumMe,tome_r5,batch16,1,,106403840,176946176,70542336
SumMe/Paintball,SumMe,tome_r5,batch16,2,,106403840,176946176,70542336
SumMe/Paintball,SumMe,tome_r5,batch16,3,,106403840,176946176,70542336
SumMe/Paintball,SumMe,tome_r5,batch16,4,,106403840,176946176,70542336
SumMe/Paintball,SumMe,tome_r5,batch16,5,,106403840,176946176,70542336
SumMe/Paintball,SumMe,tome_r5,batch16,6,,106403840,176946176,70542336
SumMe/Paintball,SumMe,tome_r5,batch16,7,,106403840,176946176,70542336
SumMe/Paintball,SumMe,tome_r5,batch16,8,,106403840,176946176,70542336
SumMe/Paintball,SumMe,tome_r5,batch16,9,,106403840,176946176,70542336
SumMe/Paintball,SumMe,tome_r10,batch16,0,,106403840,174220288,67816448
SumMe/Paintball,SumMe,tome_r10,batch16,1,,106403840,174220288,67816448
SumMe/Paintball,SumMe,tome_r10,batch16,2,,106403840,174220288,67816448
SumMe/Paintball,SumMe,tome_r10,batch16,3,,106403840,174220288,67816448
SumMe/Paintball,SumMe,tome_r10,batch16,4,,106403840,174220288,67816448
SumMe/Paintball,SumMe,tome_r10,batch16,5,,106403840,174220288,67816448
SumMe/Paintball,SumMe,tome_r10,batch16,6,,106403840,174220288,67816448
SumMe/Paintball,SumMe,tome_r10,batch16,7,,106403840,174220288,67816448
SumMe/Paintball,SumMe,tome_r10,batch16,8,,106403840,174220288,67816448
SumMe/Paintball,SumMe,tome_r10,batch16,9,,106403840,174220288,67816448
SumMe/Paintball,SumMe,tome_r15,batch16,0,,106403840,171617280,65213440
SumMe/Paintball,SumMe,tome_r15,batch16,1,,106403840,171617280,65213440
SumMe/Paintball,SumMe,tome_r15,batch16,2,,106403840,171617280,65213440
SumMe/Paintball,SumMe,tome_r15,batch16,3,,106403840,171617280,65213440
SumMe/Paintball,SumMe,tome_r15,batch16,4,,106403840,171617280,65213440
SumMe/Paintball,SumMe,tome_r15,batch16,5,,106403840,171617280,65213440
SumMe/Paintball,SumMe,tome_r15,batch16,6,,106403840,171617280,65213440
SumMe/Paintball,SumMe,tome_r15,batch16,7,,106403840,171617280,65213440
SumMe/Paintball,SumMe,tome_r15,batch16,8,,106403840,171617280,65213440
SumMe/Paintball,SumMe,tome_r15,batch16,9,,106403840,171617280,65213440
AVAD/V39_Guitar4,AVAD,dense,batch1,0,0,105879552,109984768,4105216
AVAD/V39_Guitar4,AVAD,dense,batch1,0,1,105879552,109984768,4105216
AVAD/V39_Guitar4,AVAD,dense,batch1,0,2,105879552,109984768,4105216
AVAD/V39_Guitar4,AVAD,dense,batch1,0,3,105879552,109984768,4105216
AVAD/V39_Guitar4,AVAD,dense,batch1,0,4,105879552,109984768,4105216
AVAD/V39_Guitar4,AVAD,dense,batch1,0,5,105879552,109984768,4105216
AVAD/V39_Guitar4,AVAD,dense,batch1,0,6,105879552,109984768,4105216
AVAD/V39_Guitar4,AVAD,dense,batch1,0,7,105879552,109984768,4105216
AVAD/V39_Guitar4,AVAD,dense,batch1,0,8,105879552,109984768,4105216
AVAD/V39_Guitar4,AVAD,dense,batch1,0,9,105879552,109984768,4105216
AVAD/V39_Guitar4,AVAD,dense,batch1,0,10,105879552,109984768,4105216
AVAD/V39_Guitar4,AVAD,dense,batch1,0,11,105879552,109984768,4105216
AVAD/V39_Guitar4,AVAD,dense,batch1,0,12,105879552,109984768,4105216
AVAD/V39_Guitar4,AVAD,dense,batch1,0,13,105879552,109984768,4105216
AVAD/V39_Guitar4,AVAD,dense,batch1,0,14,105879552,109984768,4105216
AVAD/V39_Guitar4,AVAD,dense,batch1,0,15,105879552,109984768,4105216
AVAD/V39_Guitar4,AVAD,dense,batch1,1,0,105879552,109984768,4105216
AVAD/V39_Guitar4,AVAD,dense,batch1,1,1,105879552,109984768,4105216
AVAD/V39_Guitar4,AVAD,dense,batch1,1,2,105879552,109984768,4105216
AVAD/V39_Guitar4,AVAD,dense,batch1,1,3,105879552,109984768,4105216
AVAD/V39_Guitar4,AVAD,dense,batch1,1,4,105879552,109984768,4105216
AVAD/V39_Guitar4,AVAD,dense,batch1,1,5,105879552,109984768,4105216
AVAD/V39_Guitar4,AVAD,dense,batch1,1,6,105879552,109984768,4105216
AVAD/V39_Guitar4,AVAD,dense,batch1,1,7,105879552,109984768,4105216
AVAD/V39_Guitar4,AVAD,dense,batch1,1,8,105879552,109984768,4105216
AVAD/V39_Guitar4,AVAD,dense,batch1,1,9,105879552,109984768,4105216
AVAD/V39_Guitar4,AVAD,dense,batch1,1,10,105879552,109984768,4105216
AVAD/V39_Guitar4,AVAD,dense,batch1,1,11,105879552,109984768,4105216
AVAD/V39_Guitar4,AVAD,dense,batch1,1,12,105879552,109984768,4105216
AVAD/V39_Guitar4,AVAD,dense,batch1,1,13,105879552,109984768,4105216
AVAD/V39_Guitar4,AVAD,dense,batch1,1,14,105879552,109984768,4105216
AVAD/V39_Guitar4,AVAD,dense,batch1,1,15,105879552,109984768,4105216
AVAD/V39_Guitar4,AVAD,dense,batch1,2,0,105879552,109984768,4105216
AVAD/V39_Guitar4,AVAD,dense,batch1,2,1,105879552,109984768,4105216
AVAD/V39_Guitar4,AVAD,dense,batch1,2,2,105879552,109984768,4105216
AVAD/V39_Guitar4,AVAD,dense,batch1,2,3,105879552,109984768,4105216
AVAD/V39_Guitar4,AVAD,dense,batch1,2,4,105879552,109984768,4105216
AVAD/V39_Guitar4,AVAD,dense,batch1,2,5,105879552,109984768,4105216
AVAD/V39_Guitar4,AVAD,dense,batch1,2,6,105879552,109984768,4105216
AVAD/V39_Guitar4,AVAD,dense,batch1,2,7,105879552,109984768,4105216
AVAD/V39_Guitar4,AVAD,dense,batch1,2,8,105879552,109984768,4105216
AVAD/V39_Guitar4,AVAD,dense,batch1,2,9,105879552,109984768,4105216
AVAD/V39_Guitar4,AVAD,dense,batch1,2,10,105879552,109984768,4105216
AVAD/V39_Guitar4,AVAD,dense,batch1,2,11,105879552,109984768,4105216
AVAD/V39_Guitar4,AVAD,dense,batch1,2,12,105879552,109984768,4105216
AVAD/V39_Guitar4,AVAD,dense,batch1,2,13,105879552,109984768,4105216
AVAD/V39_Guitar4,AVAD,dense,batch1,2,14,105879552,109984768,4105216
AVAD/V39_Guitar4,AVAD,dense,batch1,2,15,105879552,109984768,4105216
AVAD/V39_Guitar4,AVAD,dense,batch1,3,0,105879552,109984768,4105216
AVAD/V39_Guitar4,AVAD,dense,batch1,3,1,105879552,109984768,4105216
AVAD/V39_Guitar4,AVAD,dense,batch1,3,2,105879552,109984768,4105216
AVAD/V39_Guitar4,AVAD,dense,batch1,3,3,105879552,109984768,4105216
AVAD/V39_Guitar4,AVAD,dense,batch1,3,4,105879552,109984768,4105216
AVAD/V39_Guitar4,AVAD,dense,batch1,3,5,105879552,109984768,4105216
AVAD/V39_Guitar4,AVAD,dense,batch1,3,6,105879552,109984768,4105216
AVAD/V39_Guitar4,AVAD,dense,batch1,3,7,105879552,109984768,4105216
AVAD/V39_Guitar4,AVAD,dense,batch1,3,8,105879552,109984768,4105216
AVAD/V39_Guitar4,AVAD,dense,batch1,3,9,105879552,109984768,4105216
AVAD/V39_Guitar4,AVAD,dense,batch1,3,10,105879552,109984768,4105216
AVAD/V39_Guitar4,AVAD,dense,batch1,3,11,105879552,109984768,4105216
AVAD/V39_Guitar4,AVAD,dense,batch1,3,12,105879552,109984768,4105216
AVAD/V39_Guitar4,AVAD,dense,batch1,3,13,105879552,109984768,4105216
AVAD/V39_Guitar4,AVAD,dense,batch1,3,14,105879552,109984768,4105216
AVAD/V39_Guitar4,AVAD,dense,batch1,3,15,105879552,109984768,4105216
AVAD/V39_Guitar4,AVAD,dense,batch1,4,0,105879552,109984768,4105216
AVAD/V39_Guitar4,AVAD,dense,batch1,4,1,105879552,109984768,4105216
AVAD/V39_Guitar4,AVAD,dense,batch1,4,2,105879552,109984768,4105216
AVAD/V39_Guitar4,AVAD,dense,batch1,4,3,105879552,109984768,4105216
AVAD/V39_Guitar4,AVAD,dense,batch1,4,4,105879552,109984768,4105216
AVAD/V39_Guitar4,AVAD,dense,batch1,4,5,105879552,109984768,4105216
AVAD/V39_Guitar4,AVAD,dense,batch1,4,6,105879552,109984768,4105216
AVAD/V39_Guitar4,AVAD,dense,batch1,4,7,105879552,109984768,4105216
AVAD/V39_Guitar4,AVAD,dense,batch1,4,8,105879552,109984768,4105216
AVAD/V39_Guitar4,AVAD,dense,batch1,4,9,105879552,109984768,4105216
AVAD/V39_Guitar4,AVAD,dense,batch1,4,10,105879552,109984768,4105216
AVAD/V39_Guitar4,AVAD,dense,batch1,4,11,105879552,109984768,4105216
AVAD/V39_Guitar4,AVAD,dense,batch1,4,12,105879552,109984768,4105216
AVAD/V39_Guitar4,AVAD,dense,batch1,4,13,105879552,109984768,4105216
AVAD/V39_Guitar4,AVAD,dense,batch1,4,14,105879552,109984768,4105216
AVAD/V39_Guitar4,AVAD,dense,batch1,4,15,105879552,109984768,4105216
AVAD/V39_Guitar4,AVAD,dense,batch1,5,0,105879552,109984768,4105216
AVAD/V39_Guitar4,AVAD,dense,batch1,5,1,105879552,109984768,4105216
AVAD/V39_Guitar4,AVAD,dense,batch1,5,2,105879552,109984768,4105216
AVAD/V39_Guitar4,AVAD,dense,batch1,5,3,105879552,109984768,4105216
AVAD/V39_Guitar4,AVAD,dense,batch1,5,4,105879552,109984768,4105216
AVAD/V39_Guitar4,AVAD,dense,batch1,5,5,105879552,109984768,4105216
AVAD/V39_Guitar4,AVAD,dense,batch1,5,6,105879552,109984768,4105216
AVAD/V39_Guitar4,AVAD,dense,batch1,5,7,105879552,109984768,4105216
AVAD/V39_Guitar4,AVAD,dense,batch1,5,8,105879552,109984768,4105216
AVAD/V39_Guitar4,AVAD,dense,batch1,5,9,105879552,109984768,4105216
AVAD/V39_Guitar4,AVAD,dense,batch1,5,10,105879552,109984768,4105216
AVAD/V39_Guitar4,AVAD,dense,batch1,5,11,105879552,109984768,4105216
AVAD/V39_Guitar4,AVAD,dense,batch1,5,12,105879552,109984768,4105216
AVAD/V39_Guitar4,AVAD,dense,batch1,5,13,105879552,109984768,4105216
AVAD/V39_Guitar4,AVAD,dense,batch1,5,14,105879552,109984768,4105216
AVAD/V39_Guitar4,AVAD,dense,batch1,5,15,105879552,109984768,4105216
AVAD/V39_Guitar4,AVAD,dense,batch1,6,0,105879552,109984768,4105216
AVAD/V39_Guitar4,AVAD,dense,batch1,6,1,105879552,109984768,4105216
AVAD/V39_Guitar4,AVAD,dense,batch1,6,2,105879552,109984768,4105216
AVAD/V39_Guitar4,AVAD,dense,batch1,6,3,105879552,109984768,4105216
AVAD/V39_Guitar4,AVAD,dense,batch1,6,4,105879552,109984768,4105216
AVAD/V39_Guitar4,AVAD,dense,batch1,6,5,105879552,109984768,4105216
AVAD/V39_Guitar4,AVAD,dense,batch1,6,6,105879552,109984768,4105216
AVAD/V39_Guitar4,AVAD,dense,batch1,6,7,105879552,109984768,4105216
AVAD/V39_Guitar4,AVAD,dense,batch1,6,8,105879552,109984768,4105216
AVAD/V39_Guitar4,AVAD,dense,batch1,6,9,105879552,109984768,4105216
AVAD/V39_Guitar4,AVAD,dense,batch1,6,10,105879552,109984768,4105216
AVAD/V39_Guitar4,AVAD,dense,batch1,6,11,105879552,109984768,4105216
AVAD/V39_Guitar4,AVAD,dense,batch1,6,12,105879552,109984768,4105216
AVAD/V39_Guitar4,AVAD,dense,batch1,6,13,105879552,109984768,4105216
AVAD/V39_Guitar4,AVAD,dense,batch1,6,14,105879552,109984768,4105216
AVAD/V39_Guitar4,AVAD,dense,batch1,6,15,105879552,109984768,4105216
AVAD/V39_Guitar4,AVAD,dense,batch1,7,0,105879552,109984768,4105216
AVAD/V39_Guitar4,AVAD,dense,batch1,7,1,105879552,109984768,4105216
AVAD/V39_Guitar4,AVAD,dense,batch1,7,2,105879552,109984768,4105216
AVAD/V39_Guitar4,AVAD,dense,batch1,7,3,105879552,109984768,4105216
AVAD/V39_Guitar4,AVAD,dense,batch1,7,4,105879552,109984768,4105216
AVAD/V39_Guitar4,AVAD,dense,batch1,7,5,105879552,109984768,4105216
AVAD/V39_Guitar4,AVAD,dense,batch1,7,6,105879552,109984768,4105216
AVAD/V39_Guitar4,AVAD,dense,batch1,7,7,105879552,109984768,4105216
AVAD/V39_Guitar4,AVAD,dense,batch1,7,8,105879552,109984768,4105216
AVAD/V39_Guitar4,AVAD,dense,batch1,7,9,105879552,109984768,4105216
AVAD/V39_Guitar4,AVAD,dense,batch1,7,10,105879552,109984768,4105216
AVAD/V39_Guitar4,AVAD,dense,batch1,7,11,105879552,109984768,4105216
AVAD/V39_Guitar4,AVAD,dense,batch1,7,12,105879552,109984768,4105216
AVAD/V39_Guitar4,AVAD,dense,batch1,7,13,105879552,109984768,4105216
AVAD/V39_Guitar4,AVAD,dense,batch1,7,14,105879552,109984768,4105216
AVAD/V39_Guitar4,AVAD,dense,batch1,7,15,105879552,109984768,4105216
AVAD/V39_Guitar4,AVAD,dense,batch1,8,0,105879552,109984768,4105216
AVAD/V39_Guitar4,AVAD,dense,batch1,8,1,105879552,109984768,4105216
AVAD/V39_Guitar4,AVAD,dense,batch1,8,2,105879552,109984768,4105216
AVAD/V39_Guitar4,AVAD,dense,batch1,8,3,105879552,109984768,4105216
AVAD/V39_Guitar4,AVAD,dense,batch1,8,4,105879552,109984768,4105216
AVAD/V39_Guitar4,AVAD,dense,batch1,8,5,105879552,109984768,4105216
AVAD/V39_Guitar4,AVAD,dense,batch1,8,6,105879552,109984768,4105216
AVAD/V39_Guitar4,AVAD,dense,batch1,8,7,105879552,109984768,4105216
AVAD/V39_Guitar4,AVAD,dense,batch1,8,8,105879552,109984768,4105216
AVAD/V39_Guitar4,AVAD,dense,batch1,8,9,105879552,109984768,4105216
AVAD/V39_Guitar4,AVAD,dense,batch1,8,10,105879552,109984768,4105216
AVAD/V39_Guitar4,AVAD,dense,batch1,8,11,105879552,109984768,4105216
AVAD/V39_Guitar4,AVAD,dense,batch1,8,12,105879552,109984768,4105216
AVAD/V39_Guitar4,AVAD,dense,batch1,8,13,105879552,109984768,4105216
AVAD/V39_Guitar4,AVAD,dense,batch1,8,14,105879552,109984768,4105216
AVAD/V39_Guitar4,AVAD,dense,batch1,8,15,105879552,109984768,4105216
AVAD/V39_Guitar4,AVAD,dense,batch1,9,0,105879552,109984768,4105216
AVAD/V39_Guitar4,AVAD,dense,batch1,9,1,105879552,109984768,4105216
AVAD/V39_Guitar4,AVAD,dense,batch1,9,2,105879552,109984768,4105216
AVAD/V39_Guitar4,AVAD,dense,batch1,9,3,105879552,109984768,4105216
AVAD/V39_Guitar4,AVAD,dense,batch1,9,4,105879552,109984768,4105216
AVAD/V39_Guitar4,AVAD,dense,batch1,9,5,105879552,109984768,4105216
AVAD/V39_Guitar4,AVAD,dense,batch1,9,6,105879552,109984768,4105216
AVAD/V39_Guitar4,AVAD,dense,batch1,9,7,105879552,109984768,4105216
AVAD/V39_Guitar4,AVAD,dense,batch1,9,8,105879552,109984768,4105216
AVAD/V39_Guitar4,AVAD,dense,batch1,9,9,105879552,109984768,4105216
AVAD/V39_Guitar4,AVAD,dense,batch1,9,10,105879552,109984768,4105216
AVAD/V39_Guitar4,AVAD,dense,batch1,9,11,105879552,109984768,4105216
AVAD/V39_Guitar4,AVAD,dense,batch1,9,12,105879552,109984768,4105216
AVAD/V39_Guitar4,AVAD,dense,batch1,9,13,105879552,109984768,4105216
AVAD/V39_Guitar4,AVAD,dense,batch1,9,14,105879552,109984768,4105216
AVAD/V39_Guitar4,AVAD,dense,batch1,9,15,105879552,109984768,4105216
AVAD/V39_Guitar4,AVAD,central_k16,batch1,0,0,105879552,106708480,828928
AVAD/V39_Guitar4,AVAD,central_k16,batch1,0,1,105879552,106708480,828928
AVAD/V39_Guitar4,AVAD,central_k16,batch1,0,2,105879552,106708480,828928
AVAD/V39_Guitar4,AVAD,central_k16,batch1,0,3,105879552,106708480,828928
AVAD/V39_Guitar4,AVAD,central_k16,batch1,0,4,105879552,106708480,828928
AVAD/V39_Guitar4,AVAD,central_k16,batch1,0,5,105879552,106708480,828928
AVAD/V39_Guitar4,AVAD,central_k16,batch1,0,6,105879552,106708480,828928
AVAD/V39_Guitar4,AVAD,central_k16,batch1,0,7,105879552,106708480,828928
AVAD/V39_Guitar4,AVAD,central_k16,batch1,0,8,105879552,106708480,828928
AVAD/V39_Guitar4,AVAD,central_k16,batch1,0,9,105879552,106708480,828928
AVAD/V39_Guitar4,AVAD,central_k16,batch1,0,10,105879552,106708480,828928
AVAD/V39_Guitar4,AVAD,central_k16,batch1,0,11,105879552,106708480,828928
AVAD/V39_Guitar4,AVAD,central_k16,batch1,0,12,105879552,106708480,828928
AVAD/V39_Guitar4,AVAD,central_k16,batch1,0,13,105879552,106708480,828928
AVAD/V39_Guitar4,AVAD,central_k16,batch1,0,14,105879552,106708480,828928
AVAD/V39_Guitar4,AVAD,central_k16,batch1,0,15,105879552,106708480,828928
AVAD/V39_Guitar4,AVAD,central_k16,batch1,1,0,105879552,106708480,828928
AVAD/V39_Guitar4,AVAD,central_k16,batch1,1,1,105879552,106708480,828928
AVAD/V39_Guitar4,AVAD,central_k16,batch1,1,2,105879552,106708480,828928
AVAD/V39_Guitar4,AVAD,central_k16,batch1,1,3,105879552,106708480,828928
AVAD/V39_Guitar4,AVAD,central_k16,batch1,1,4,105879552,106708480,828928
AVAD/V39_Guitar4,AVAD,central_k16,batch1,1,5,105879552,106708480,828928
AVAD/V39_Guitar4,AVAD,central_k16,batch1,1,6,105879552,106708480,828928
AVAD/V39_Guitar4,AVAD,central_k16,batch1,1,7,105879552,106708480,828928
AVAD/V39_Guitar4,AVAD,central_k16,batch1,1,8,105879552,106708480,828928
AVAD/V39_Guitar4,AVAD,central_k16,batch1,1,9,105879552,106708480,828928
AVAD/V39_Guitar4,AVAD,central_k16,batch1,1,10,105879552,106708480,828928
AVAD/V39_Guitar4,AVAD,central_k16,batch1,1,11,105879552,106708480,828928
AVAD/V39_Guitar4,AVAD,central_k16,batch1,1,12,105879552,106708480,828928
AVAD/V39_Guitar4,AVAD,central_k16,batch1,1,13,105879552,106708480,828928
AVAD/V39_Guitar4,AVAD,central_k16,batch1,1,14,105879552,106708480,828928
AVAD/V39_Guitar4,AVAD,central_k16,batch1,1,15,105879552,106708480,828928
AVAD/V39_Guitar4,AVAD,central_k16,batch1,2,0,105879552,106708480,828928
AVAD/V39_Guitar4,AVAD,central_k16,batch1,2,1,105879552,106708480,828928
AVAD/V39_Guitar4,AVAD,central_k16,batch1,2,2,105879552,106708480,828928
AVAD/V39_Guitar4,AVAD,central_k16,batch1,2,3,105879552,106708480,828928
AVAD/V39_Guitar4,AVAD,central_k16,batch1,2,4,105879552,106708480,828928
AVAD/V39_Guitar4,AVAD,central_k16,batch1,2,5,105879552,106708480,828928
AVAD/V39_Guitar4,AVAD,central_k16,batch1,2,6,105879552,106708480,828928
AVAD/V39_Guitar4,AVAD,central_k16,batch1,2,7,105879552,106708480,828928
AVAD/V39_Guitar4,AVAD,central_k16,batch1,2,8,105879552,106708480,828928
AVAD/V39_Guitar4,AVAD,central_k16,batch1,2,9,105879552,106708480,828928
AVAD/V39_Guitar4,AVAD,central_k16,batch1,2,10,105879552,106708480,828928
AVAD/V39_Guitar4,AVAD,central_k16,batch1,2,11,105879552,106708480,828928
AVAD/V39_Guitar4,AVAD,central_k16,batch1,2,12,105879552,106708480,828928
AVAD/V39_Guitar4,AVAD,central_k16,batch1,2,13,105879552,106708480,828928
AVAD/V39_Guitar4,AVAD,central_k16,batch1,2,14,105879552,106708480,828928
AVAD/V39_Guitar4,AVAD,central_k16,batch1,2,15,105879552,106708480,828928
AVAD/V39_Guitar4,AVAD,central_k16,batch1,3,0,105879552,106708480,828928
AVAD/V39_Guitar4,AVAD,central_k16,batch1,3,1,105879552,106708480,828928
AVAD/V39_Guitar4,AVAD,central_k16,batch1,3,2,105879552,106708480,828928
AVAD/V39_Guitar4,AVAD,central_k16,batch1,3,3,105879552,106708480,828928
AVAD/V39_Guitar4,AVAD,central_k16,batch1,3,4,105879552,106708480,828928
AVAD/V39_Guitar4,AVAD,central_k16,batch1,3,5,105879552,106708480,828928
AVAD/V39_Guitar4,AVAD,central_k16,batch1,3,6,105879552,106708480,828928
AVAD/V39_Guitar4,AVAD,central_k16,batch1,3,7,105879552,106708480,828928
AVAD/V39_Guitar4,AVAD,central_k16,batch1,3,8,105879552,106708480,828928
AVAD/V39_Guitar4,AVAD,central_k16,batch1,3,9,105879552,106708480,828928
AVAD/V39_Guitar4,AVAD,central_k16,batch1,3,10,105879552,106708480,828928
AVAD/V39_Guitar4,AVAD,central_k16,batch1,3,11,105879552,106708480,828928
AVAD/V39_Guitar4,AVAD,central_k16,batch1,3,12,105879552,106708480,828928
AVAD/V39_Guitar4,AVAD,central_k16,batch1,3,13,105879552,106708480,828928
AVAD/V39_Guitar4,AVAD,central_k16,batch1,3,14,105879552,106708480,828928
AVAD/V39_Guitar4,AVAD,central_k16,batch1,3,15,105879552,106708480,828928
AVAD/V39_Guitar4,AVAD,central_k16,batch1,4,0,105879552,106708480,828928
AVAD/V39_Guitar4,AVAD,central_k16,batch1,4,1,105879552,106708480,828928
AVAD/V39_Guitar4,AVAD,central_k16,batch1,4,2,105879552,106708480,828928
AVAD/V39_Guitar4,AVAD,central_k16,batch1,4,3,105879552,106708480,828928
AVAD/V39_Guitar4,AVAD,central_k16,batch1,4,4,105879552,106708480,828928
AVAD/V39_Guitar4,AVAD,central_k16,batch1,4,5,105879552,106708480,828928
AVAD/V39_Guitar4,AVAD,central_k16,batch1,4,6,105879552,106708480,828928
AVAD/V39_Guitar4,AVAD,central_k16,batch1,4,7,105879552,106708480,828928
AVAD/V39_Guitar4,AVAD,central_k16,batch1,4,8,105879552,106708480,828928
AVAD/V39_Guitar4,AVAD,central_k16,batch1,4,9,105879552,106708480,828928
AVAD/V39_Guitar4,AVAD,central_k16,batch1,4,10,105879552,106708480,828928
AVAD/V39_Guitar4,AVAD,central_k16,batch1,4,11,105879552,106708480,828928
AVAD/V39_Guitar4,AVAD,central_k16,batch1,4,12,105879552,106708480,828928
AVAD/V39_Guitar4,AVAD,central_k16,batch1,4,13,105879552,106708480,828928
AVAD/V39_Guitar4,AVAD,central_k16,batch1,4,14,105879552,106708480,828928
AVAD/V39_Guitar4,AVAD,central_k16,batch1,4,15,105879552,106708480,828928
AVAD/V39_Guitar4,AVAD,central_k16,batch1,5,0,105879552,106708480,828928
AVAD/V39_Guitar4,AVAD,central_k16,batch1,5,1,105879552,106708480,828928
AVAD/V39_Guitar4,AVAD,central_k16,batch1,5,2,105879552,106708480,828928
AVAD/V39_Guitar4,AVAD,central_k16,batch1,5,3,105879552,106708480,828928
AVAD/V39_Guitar4,AVAD,central_k16,batch1,5,4,105879552,106708480,828928
AVAD/V39_Guitar4,AVAD,central_k16,batch1,5,5,105879552,106708480,828928
AVAD/V39_Guitar4,AVAD,central_k16,batch1,5,6,105879552,106708480,828928
AVAD/V39_Guitar4,AVAD,central_k16,batch1,5,7,105879552,106708480,828928
AVAD/V39_Guitar4,AVAD,central_k16,batch1,5,8,105879552,106708480,828928
AVAD/V39_Guitar4,AVAD,central_k16,batch1,5,9,105879552,106708480,828928
AVAD/V39_Guitar4,AVAD,central_k16,batch1,5,10,105879552,106708480,828928
AVAD/V39_Guitar4,AVAD,central_k16,batch1,5,11,105879552,106708480,828928
AVAD/V39_Guitar4,AVAD,central_k16,batch1,5,12,105879552,106708480,828928
AVAD/V39_Guitar4,AVAD,central_k16,batch1,5,13,105879552,106708480,828928
AVAD/V39_Guitar4,AVAD,central_k16,batch1,5,14,105879552,106708480,828928
AVAD/V39_Guitar4,AVAD,central_k16,batch1,5,15,105879552,106708480,828928
AVAD/V39_Guitar4,AVAD,central_k16,batch1,6,0,105879552,106708480,828928
AVAD/V39_Guitar4,AVAD,central_k16,batch1,6,1,105879552,106708480,828928
AVAD/V39_Guitar4,AVAD,central_k16,batch1,6,2,105879552,106708480,828928
AVAD/V39_Guitar4,AVAD,central_k16,batch1,6,3,105879552,106708480,828928
AVAD/V39_Guitar4,AVAD,central_k16,batch1,6,4,105879552,106708480,828928
AVAD/V39_Guitar4,AVAD,central_k16,batch1,6,5,105879552,106708480,828928
AVAD/V39_Guitar4,AVAD,central_k16,batch1,6,6,105879552,106708480,828928
AVAD/V39_Guitar4,AVAD,central_k16,batch1,6,7,105879552,106708480,828928
AVAD/V39_Guitar4,AVAD,central_k16,batch1,6,8,105879552,106708480,828928
AVAD/V39_Guitar4,AVAD,central_k16,batch1,6,9,105879552,106708480,828928
AVAD/V39_Guitar4,AVAD,central_k16,batch1,6,10,105879552,106708480,828928
AVAD/V39_Guitar4,AVAD,central_k16,batch1,6,11,105879552,106708480,828928
AVAD/V39_Guitar4,AVAD,central_k16,batch1,6,12,105879552,106708480,828928
AVAD/V39_Guitar4,AVAD,central_k16,batch1,6,13,105879552,106708480,828928
AVAD/V39_Guitar4,AVAD,central_k16,batch1,6,14,105879552,106708480,828928
AVAD/V39_Guitar4,AVAD,central_k16,batch1,6,15,105879552,106708480,828928
AVAD/V39_Guitar4,AVAD,central_k16,batch1,7,0,105879552,106708480,828928
AVAD/V39_Guitar4,AVAD,central_k16,batch1,7,1,105879552,106708480,828928
AVAD/V39_Guitar4,AVAD,central_k16,batch1,7,2,105879552,106708480,828928
AVAD/V39_Guitar4,AVAD,central_k16,batch1,7,3,105879552,106708480,828928
AVAD/V39_Guitar4,AVAD,central_k16,batch1,7,4,105879552,106708480,828928
AVAD/V39_Guitar4,AVAD,central_k16,batch1,7,5,105879552,106708480,828928
AVAD/V39_Guitar4,AVAD,central_k16,batch1,7,6,105879552,106708480,828928
AVAD/V39_Guitar4,AVAD,central_k16,batch1,7,7,105879552,106708480,828928
AVAD/V39_Guitar4,AVAD,central_k16,batch1,7,8,105879552,106708480,828928
AVAD/V39_Guitar4,AVAD,central_k16,batch1,7,9,105879552,106708480,828928
AVAD/V39_Guitar4,AVAD,central_k16,batch1,7,10,105879552,106708480,828928
AVAD/V39_Guitar4,AVAD,central_k16,batch1,7,11,105879552,106708480,828928
AVAD/V39_Guitar4,AVAD,central_k16,batch1,7,12,105879552,106708480,828928
AVAD/V39_Guitar4,AVAD,central_k16,batch1,7,13,105879552,106708480,828928
AVAD/V39_Guitar4,AVAD,central_k16,batch1,7,14,105879552,106708480,828928
AVAD/V39_Guitar4,AVAD,central_k16,batch1,7,15,105879552,106708480,828928
AVAD/V39_Guitar4,AVAD,central_k16,batch1,8,0,105879552,106708480,828928
AVAD/V39_Guitar4,AVAD,central_k16,batch1,8,1,105879552,106708480,828928
AVAD/V39_Guitar4,AVAD,central_k16,batch1,8,2,105879552,106708480,828928
AVAD/V39_Guitar4,AVAD,central_k16,batch1,8,3,105879552,106708480,828928
AVAD/V39_Guitar4,AVAD,central_k16,batch1,8,4,105879552,106708480,828928
AVAD/V39_Guitar4,AVAD,central_k16,batch1,8,5,105879552,106708480,828928
AVAD/V39_Guitar4,AVAD,central_k16,batch1,8,6,105879552,106708480,828928
AVAD/V39_Guitar4,AVAD,central_k16,batch1,8,7,105879552,106708480,828928
AVAD/V39_Guitar4,AVAD,central_k16,batch1,8,8,105879552,106708480,828928
AVAD/V39_Guitar4,AVAD,central_k16,batch1,8,9,105879552,106708480,828928
AVAD/V39_Guitar4,AVAD,central_k16,batch1,8,10,105879552,106708480,828928
AVAD/V39_Guitar4,AVAD,central_k16,batch1,8,11,105879552,106708480,828928
AVAD/V39_Guitar4,AVAD,central_k16,batch1,8,12,105879552,106708480,828928
AVAD/V39_Guitar4,AVAD,central_k16,batch1,8,13,105879552,106708480,828928
AVAD/V39_Guitar4,AVAD,central_k16,batch1,8,14,105879552,106708480,828928
AVAD/V39_Guitar4,AVAD,central_k16,batch1,8,15,105879552,106708480,828928
AVAD/V39_Guitar4,AVAD,central_k16,batch1,9,0,105879552,106708480,828928
AVAD/V39_Guitar4,AVAD,central_k16,batch1,9,1,105879552,106708480,828928
AVAD/V39_Guitar4,AVAD,central_k16,batch1,9,2,105879552,106708480,828928
AVAD/V39_Guitar4,AVAD,central_k16,batch1,9,3,105879552,106708480,828928
AVAD/V39_Guitar4,AVAD,central_k16,batch1,9,4,105879552,106708480,828928
AVAD/V39_Guitar4,AVAD,central_k16,batch1,9,5,105879552,106708480,828928
AVAD/V39_Guitar4,AVAD,central_k16,batch1,9,6,105879552,106708480,828928
AVAD/V39_Guitar4,AVAD,central_k16,batch1,9,7,105879552,106708480,828928
AVAD/V39_Guitar4,AVAD,central_k16,batch1,9,8,105879552,106708480,828928
AVAD/V39_Guitar4,AVAD,central_k16,batch1,9,9,105879552,106708480,828928
AVAD/V39_Guitar4,AVAD,central_k16,batch1,9,10,105879552,106708480,828928
AVAD/V39_Guitar4,AVAD,central_k16,batch1,9,11,105879552,106708480,828928
AVAD/V39_Guitar4,AVAD,central_k16,batch1,9,12,105879552,106708480,828928
AVAD/V39_Guitar4,AVAD,central_k16,batch1,9,13,105879552,106708480,828928
AVAD/V39_Guitar4,AVAD,central_k16,batch1,9,14,105879552,106708480,828928
AVAD/V39_Guitar4,AVAD,central_k16,batch1,9,15,105879552,106708480,828928
AVAD/V39_Guitar4,AVAD,random_k16_seed2026090900,batch1,0,0,105879552,106708480,828928
AVAD/V39_Guitar4,AVAD,random_k16_seed2026090900,batch1,0,1,105879552,106708480,828928
AVAD/V39_Guitar4,AVAD,random_k16_seed2026090900,batch1,0,2,105879552,106708480,828928
AVAD/V39_Guitar4,AVAD,random_k16_seed2026090900,batch1,0,3,105879552,106708480,828928
AVAD/V39_Guitar4,AVAD,random_k16_seed2026090900,batch1,0,4,105879552,106708480,828928
AVAD/V39_Guitar4,AVAD,random_k16_seed2026090900,batch1,0,5,105879552,106708480,828928
AVAD/V39_Guitar4,AVAD,random_k16_seed2026090900,batch1,0,6,105879552,106708480,828928
AVAD/V39_Guitar4,AVAD,random_k16_seed2026090900,batch1,0,7,105879552,106708480,828928
AVAD/V39_Guitar4,AVAD,random_k16_seed2026090900,batch1,0,8,105879552,106708480,828928
AVAD/V39_Guitar4,AVAD,random_k16_seed2026090900,batch1,0,9,105879552,106708480,828928
AVAD/V39_Guitar4,AVAD,random_k16_seed2026090900,batch1,0,10,105879552,106708480,828928
AVAD/V39_Guitar4,AVAD,random_k16_seed2026090900,batch1,0,11,105879552,106708480,828928
AVAD/V39_Guitar4,AVAD,random_k16_seed2026090900,batch1,0,12,105879552,106708480,828928
AVAD/V39_Guitar4,AVAD,random_k16_seed2026090900,batch1,0,13,105879552,106708480,828928
AVAD/V39_Guitar4,AVAD,random_k16_seed2026090900,batch1,0,14,105879552,106708480,828928
AVAD/V39_Guitar4,AVAD,random_k16_seed2026090900,batch1,0,15,105879552,106708480,828928
AVAD/V39_Guitar4,AVAD,random_k16_seed2026090900,batch1,1,0,105879552,106708480,828928
AVAD/V39_Guitar4,AVAD,random_k16_seed2026090900,batch1,1,1,105879552,106708480,828928
AVAD/V39_Guitar4,AVAD,random_k16_seed2026090900,batch1,1,2,105879552,106708480,828928
AVAD/V39_Guitar4,AVAD,random_k16_seed2026090900,batch1,1,3,105879552,106708480,828928
AVAD/V39_Guitar4,AVAD,random_k16_seed2026090900,batch1,1,4,105879552,106708480,828928
AVAD/V39_Guitar4,AVAD,random_k16_seed2026090900,batch1,1,5,105879552,106708480,828928
AVAD/V39_Guitar4,AVAD,random_k16_seed2026090900,batch1,1,6,105879552,106708480,828928
AVAD/V39_Guitar4,AVAD,random_k16_seed2026090900,batch1,1,7,105879552,106708480,828928
AVAD/V39_Guitar4,AVAD,random_k16_seed2026090900,batch1,1,8,105879552,106708480,828928
AVAD/V39_Guitar4,AVAD,random_k16_seed2026090900,batch1,1,9,105879552,106708480,828928
AVAD/V39_Guitar4,AVAD,random_k16_seed2026090900,batch1,1,10,105879552,106708480,828928
AVAD/V39_Guitar4,AVAD,random_k16_seed2026090900,batch1,1,11,105879552,106708480,828928
AVAD/V39_Guitar4,AVAD,random_k16_seed2026090900,batch1,1,12,105879552,106708480,828928
AVAD/V39_Guitar4,AVAD,random_k16_seed2026090900,batch1,1,13,105879552,106708480,828928
AVAD/V39_Guitar4,AVAD,random_k16_seed2026090900,batch1,1,14,105879552,106708480,828928
AVAD/V39_Guitar4,AVAD,random_k16_seed2026090900,batch1,1,15,105879552,106708480,828928
AVAD/V39_Guitar4,AVAD,random_k16_seed2026090900,batch1,2,0,105879552,106708480,828928
AVAD/V39_Guitar4,AVAD,random_k16_seed2026090900,batch1,2,1,105879552,106708480,828928
AVAD/V39_Guitar4,AVAD,random_k16_seed2026090900,batch1,2,2,105879552,106708480,828928
AVAD/V39_Guitar4,AVAD,random_k16_seed2026090900,batch1,2,3,105879552,106708480,828928
AVAD/V39_Guitar4,AVAD,random_k16_seed2026090900,batch1,2,4,105879552,106708480,828928
AVAD/V39_Guitar4,AVAD,random_k16_seed2026090900,batch1,2,5,105879552,106708480,828928
AVAD/V39_Guitar4,AVAD,random_k16_seed2026090900,batch1,2,6,105879552,106708480,828928
AVAD/V39_Guitar4,AVAD,random_k16_seed2026090900,batch1,2,7,105879552,106708480,828928
AVAD/V39_Guitar4,AVAD,random_k16_seed2026090900,batch1,2,8,105879552,106708480,828928
AVAD/V39_Guitar4,AVAD,random_k16_seed2026090900,batch1,2,9,105879552,106708480,828928
AVAD/V39_Guitar4,AVAD,random_k16_seed2026090900,batch1,2,10,105879552,106708480,828928
AVAD/V39_Guitar4,AVAD,random_k16_seed2026090900,batch1,2,11,105879552,106708480,828928
AVAD/V39_Guitar4,AVAD,random_k16_seed2026090900,batch1,2,12,105879552,106708480,828928
AVAD/V39_Guitar4,AVAD,random_k16_seed2026090900,batch1,2,13,105879552,106708480,828928
AVAD/V39_Guitar4,AVAD,random_k16_seed2026090900,batch1,2,14,105879552,106708480,828928
AVAD/V39_Guitar4,AVAD,random_k16_seed2026090900,batch1,2,15,105879552,106708480,828928
AVAD/V39_Guitar4,AVAD,random_k16_seed2026090900,batch1,3,0,105879552,106708480,828928
AVAD/V39_Guitar4,AVAD,random_k16_seed2026090900,batch1,3,1,105879552,106708480,828928
AVAD/V39_Guitar4,AVAD,random_k16_seed2026090900,batch1,3,2,105879552,106708480,828928
AVAD/V39_Guitar4,AVAD,random_k16_seed2026090900,batch1,3,3,105879552,106708480,828928
AVAD/V39_Guitar4,AVAD,random_k16_seed2026090900,batch1,3,4,105879552,106708480,828928
AVAD/V39_Guitar4,AVAD,random_k16_seed2026090900,batch1,3,5,105879552,106708480,828928
AVAD/V39_Guitar4,AVAD,random_k16_seed2026090900,batch1,3,6,105879552,106708480,828928
AVAD/V39_Guitar4,AVAD,random_k16_seed2026090900,batch1,3,7,105879552,106708480,828928
AVAD/V39_Guitar4,AVAD,random_k16_seed2026090900,batch1,3,8,105879552,106708480,828928
AVAD/V39_Guitar4,AVAD,random_k16_seed2026090900,batch1,3,9,105879552,106708480,828928
AVAD/V39_Guitar4,AVAD,random_k16_seed2026090900,batch1,3,10,105879552,106708480,828928
AVAD/V39_Guitar4,AVAD,random_k16_seed2026090900,batch1,3,11,105879552,106708480,828928
AVAD/V39_Guitar4,AVAD,random_k16_seed2026090900,batch1,3,12,105879552,106708480,828928
AVAD/V39_Guitar4,AVAD,random_k16_seed2026090900,batch1,3,13,105879552,106708480,828928
AVAD/V39_Guitar4,AVAD,random_k16_seed2026090900,batch1,3,14,105879552,106708480,828928
AVAD/V39_Guitar4,AVAD,random_k16_seed2026090900,batch1,3,15,105879552,106708480,828928
AVAD/V39_Guitar4,AVAD,random_k16_seed2026090900,batch1,4,0,105879552,106708480,828928
AVAD/V39_Guitar4,AVAD,random_k16_seed2026090900,batch1,4,1,105879552,106708480,828928
AVAD/V39_Guitar4,AVAD,random_k16_seed2026090900,batch1,4,2,105879552,106708480,828928
AVAD/V39_Guitar4,AVAD,random_k16_seed2026090900,batch1,4,3,105879552,106708480,828928
AVAD/V39_Guitar4,AVAD,random_k16_seed2026090900,batch1,4,4,105879552,106708480,828928
AVAD/V39_Guitar4,AVAD,random_k16_seed2026090900,batch1,4,5,105879552,106708480,828928
AVAD/V39_Guitar4,AVAD,random_k16_seed2026090900,batch1,4,6,105879552,106708480,828928
AVAD/V39_Guitar4,AVAD,random_k16_seed2026090900,batch1,4,7,105879552,106708480,828928
AVAD/V39_Guitar4,AVAD,random_k16_seed2026090900,batch1,4,8,105879552,106708480,828928
AVAD/V39_Guitar4,AVAD,random_k16_seed2026090900,batch1,4,9,105879552,106708480,828928
AVAD/V39_Guitar4,AVAD,random_k16_seed2026090900,batch1,4,10,105879552,106708480,828928
AVAD/V39_Guitar4,AVAD,random_k16_seed2026090900,batch1,4,11,105879552,106708480,828928
AVAD/V39_Guitar4,AVAD,random_k16_seed2026090900,batch1,4,12,105879552,106708480,828928
AVAD/V39_Guitar4,AVAD,random_k16_seed2026090900,batch1,4,13,105879552,106708480,828928
AVAD/V39_Guitar4,AVAD,random_k16_seed2026090900,batch1,4,14,105879552,106708480,828928
AVAD/V39_Guitar4,AVAD,random_k16_seed2026090900,batch1,4,15,105879552,106708480,828928
AVAD/V39_Guitar4,AVAD,random_k16_seed2026090900,batch1,5,0,105879552,106708480,828928
AVAD/V39_Guitar4,AVAD,random_k16_seed2026090900,batch1,5,1,105879552,106708480,828928
AVAD/V39_Guitar4,AVAD,random_k16_seed2026090900,batch1,5,2,105879552,106708480,828928
AVAD/V39_Guitar4,AVAD,random_k16_seed2026090900,batch1,5,3,105879552,106708480,828928
AVAD/V39_Guitar4,AVAD,random_k16_seed2026090900,batch1,5,4,105879552,106708480,828928
AVAD/V39_Guitar4,AVAD,random_k16_seed2026090900,batch1,5,5,105879552,106708480,828928
AVAD/V39_Guitar4,AVAD,random_k16_seed2026090900,batch1,5,6,105879552,106708480,828928
AVAD/V39_Guitar4,AVAD,random_k16_seed2026090900,batch1,5,7,105879552,106708480,828928
AVAD/V39_Guitar4,AVAD,random_k16_seed2026090900,batch1,5,8,105879552,106708480,828928
AVAD/V39_Guitar4,AVAD,random_k16_seed2026090900,batch1,5,9,105879552,106708480,828928
AVAD/V39_Guitar4,AVAD,random_k16_seed2026090900,batch1,5,10,105879552,106708480,828928
AVAD/V39_Guitar4,AVAD,random_k16_seed2026090900,batch1,5,11,105879552,106708480,828928
AVAD/V39_Guitar4,AVAD,random_k16_seed2026090900,batch1,5,12,105879552,106708480,828928
AVAD/V39_Guitar4,AVAD,random_k16_seed2026090900,batch1,5,13,105879552,106708480,828928
AVAD/V39_Guitar4,AVAD,random_k16_seed2026090900,batch1,5,14,105879552,106708480,828928
AVAD/V39_Guitar4,AVAD,random_k16_seed2026090900,batch1,5,15,105879552,106708480,828928
AVAD/V39_Guitar4,AVAD,random_k16_seed2026090900,batch1,6,0,105879552,106708480,828928
AVAD/V39_Guitar4,AVAD,random_k16_seed2026090900,batch1,6,1,105879552,106708480,828928
AVAD/V39_Guitar4,AVAD,random_k16_seed2026090900,batch1,6,2,105879552,106708480,828928
AVAD/V39_Guitar4,AVAD,random_k16_seed2026090900,batch1,6,3,105879552,106708480,828928
AVAD/V39_Guitar4,AVAD,random_k16_seed2026090900,batch1,6,4,105879552,106708480,828928
AVAD/V39_Guitar4,AVAD,random_k16_seed2026090900,batch1,6,5,105879552,106708480,828928
AVAD/V39_Guitar4,AVAD,random_k16_seed2026090900,batch1,6,6,105879552,106708480,828928
AVAD/V39_Guitar4,AVAD,random_k16_seed2026090900,batch1,6,7,105879552,106708480,828928
AVAD/V39_Guitar4,AVAD,random_k16_seed2026090900,batch1,6,8,105879552,106708480,828928
AVAD/V39_Guitar4,AVAD,random_k16_seed2026090900,batch1,6,9,105879552,106708480,828928
AVAD/V39_Guitar4,AVAD,random_k16_seed2026090900,batch1,6,10,105879552,106708480,828928
AVAD/V39_Guitar4,AVAD,random_k16_seed2026090900,batch1,6,11,105879552,106708480,828928
AVAD/V39_Guitar4,AVAD,random_k16_seed2026090900,batch1,6,12,105879552,106708480,828928
AVAD/V39_Guitar4,AVAD,random_k16_seed2026090900,batch1,6,13,105879552,106708480,828928
AVAD/V39_Guitar4,AVAD,random_k16_seed2026090900,batch1,6,14,105879552,106708480,828928
AVAD/V39_Guitar4,AVAD,random_k16_seed2026090900,batch1,6,15,105879552,106708480,828928
AVAD/V39_Guitar4,AVAD,random_k16_seed2026090900,batch1,7,0,105879552,106708480,828928
AVAD/V39_Guitar4,AVAD,random_k16_seed2026090900,batch1,7,1,105879552,106708480,828928
AVAD/V39_Guitar4,AVAD,random_k16_seed2026090900,batch1,7,2,105879552,106708480,828928
AVAD/V39_Guitar4,AVAD,random_k16_seed2026090900,batch1,7,3,105879552,106708480,828928
AVAD/V39_Guitar4,AVAD,random_k16_seed2026090900,batch1,7,4,105879552,106708480,828928
AVAD/V39_Guitar4,AVAD,random_k16_seed2026090900,batch1,7,5,105879552,106708480,828928
AVAD/V39_Guitar4,AVAD,random_k16_seed2026090900,batch1,7,6,105879552,106708480,828928
AVAD/V39_Guitar4,AVAD,random_k16_seed2026090900,batch1,7,7,105879552,106708480,828928
AVAD/V39_Guitar4,AVAD,random_k16_seed2026090900,batch1,7,8,105879552,106708480,828928
AVAD/V39_Guitar4,AVAD,random_k16_seed2026090900,batch1,7,9,105879552,106708480,828928
AVAD/V39_Guitar4,AVAD,random_k16_seed2026090900,batch1,7,10,105879552,106708480,828928
AVAD/V39_Guitar4,AVAD,random_k16_seed2026090900,batch1,7,11,105879552,106708480,828928
AVAD/V39_Guitar4,AVAD,random_k16_seed2026090900,batch1,7,12,105879552,106708480,828928
AVAD/V39_Guitar4,AVAD,random_k16_seed2026090900,batch1,7,13,105879552,106708480,828928
AVAD/V39_Guitar4,AVAD,random_k16_seed2026090900,batch1,7,14,105879552,106708480,828928
AVAD/V39_Guitar4,AVAD,random_k16_seed2026090900,batch1,7,15,105879552,106708480,828928
AVAD/V39_Guitar4,AVAD,random_k16_seed2026090900,batch1,8,0,105879552,106708480,828928
AVAD/V39_Guitar4,AVAD,random_k16_seed2026090900,batch1,8,1,105879552,106708480,828928
AVAD/V39_Guitar4,AVAD,random_k16_seed2026090900,batch1,8,2,105879552,106708480,828928
AVAD/V39_Guitar4,AVAD,random_k16_seed2026090900,batch1,8,3,105879552,106708480,828928
AVAD/V39_Guitar4,AVAD,random_k16_seed2026090900,batch1,8,4,105879552,106708480,828928
AVAD/V39_Guitar4,AVAD,random_k16_seed2026090900,batch1,8,5,105879552,106708480,828928
AVAD/V39_Guitar4,AVAD,random_k16_seed2026090900,batch1,8,6,105879552,106708480,828928
AVAD/V39_Guitar4,AVAD,random_k16_seed2026090900,batch1,8,7,105879552,106708480,828928
AVAD/V39_Guitar4,AVAD,random_k16_seed2026090900,batch1,8,8,105879552,106708480,828928
AVAD/V39_Guitar4,AVAD,random_k16_seed2026090900,batch1,8,9,105879552,106708480,828928
AVAD/V39_Guitar4,AVAD,random_k16_seed2026090900,batch1,8,10,105879552,106708480,828928
AVAD/V39_Guitar4,AVAD,random_k16_seed2026090900,batch1,8,11,105879552,106708480,828928
AVAD/V39_Guitar4,AVAD,random_k16_seed2026090900,batch1,8,12,105879552,106708480,828928
AVAD/V39_Guitar4,AVAD,random_k16_seed2026090900,batch1,8,13,105879552,106708480,828928
AVAD/V39_Guitar4,AVAD,random_k16_seed2026090900,batch1,8,14,105879552,106708480,828928
AVAD/V39_Guitar4,AVAD,random_k16_seed2026090900,batch1,8,15,105879552,106708480,828928
AVAD/V39_Guitar4,AVAD,random_k16_seed2026090900,batch1,9,0,105879552,106708480,828928
AVAD/V39_Guitar4,AVAD,random_k16_seed2026090900,batch1,9,1,105879552,106708480,828928
AVAD/V39_Guitar4,AVAD,random_k16_seed2026090900,batch1,9,2,105879552,106708480,828928
AVAD/V39_Guitar4,AVAD,random_k16_seed2026090900,batch1,9,3,105879552,106708480,828928
AVAD/V39_Guitar4,AVAD,random_k16_seed2026090900,batch1,9,4,105879552,106708480,828928
AVAD/V39_Guitar4,AVAD,random_k16_seed2026090900,batch1,9,5,105879552,106708480,828928
AVAD/V39_Guitar4,AVAD,random_k16_seed2026090900,batch1,9,6,105879552,106708480,828928
AVAD/V39_Guitar4,AVAD,random_k16_seed2026090900,batch1,9,7,105879552,106708480,828928
AVAD/V39_Guitar4,AVAD,random_k16_seed2026090900,batch1,9,8,105879552,106708480,828928
AVAD/V39_Guitar4,AVAD,random_k16_seed2026090900,batch1,9,9,105879552,106708480,828928
AVAD/V39_Guitar4,AVAD,random_k16_seed2026090900,batch1,9,10,105879552,106708480,828928
AVAD/V39_Guitar4,AVAD,random_k16_seed2026090900,batch1,9,11,105879552,106708480,828928
AVAD/V39_Guitar4,AVAD,random_k16_seed2026090900,batch1,9,12,105879552,106708480,828928
AVAD/V39_Guitar4,AVAD,random_k16_seed2026090900,batch1,9,13,105879552,106708480,828928
AVAD/V39_Guitar4,AVAD,random_k16_seed2026090900,batch1,9,14,105879552,106708480,828928
AVAD/V39_Guitar4,AVAD,random_k16_seed2026090900,batch1,9,15,105879552,106708480,828928
AVAD/V39_Guitar4,AVAD,policy:human_k16_seed440826,batch1,0,0,105879552,106708480,828928
AVAD/V39_Guitar4,AVAD,policy:human_k16_seed440826,batch1,0,1,105879552,106708480,828928
AVAD/V39_Guitar4,AVAD,policy:human_k16_seed440826,batch1,0,2,105879552,106708480,828928
AVAD/V39_Guitar4,AVAD,policy:human_k16_seed440826,batch1,0,3,105879552,106708480,828928
AVAD/V39_Guitar4,AVAD,policy:human_k16_seed440826,batch1,0,4,105879552,106708480,828928
AVAD/V39_Guitar4,AVAD,policy:human_k16_seed440826,batch1,0,5,105879552,106708480,828928
AVAD/V39_Guitar4,AVAD,policy:human_k16_seed440826,batch1,0,6,105879552,106708480,828928
AVAD/V39_Guitar4,AVAD,policy:human_k16_seed440826,batch1,0,7,105879552,106708480,828928
AVAD/V39_Guitar4,AVAD,policy:human_k16_seed440826,batch1,0,8,105879552,106708480,828928
AVAD/V39_Guitar4,AVAD,policy:human_k16_seed440826,batch1,0,9,105879552,106708480,828928
AVAD/V39_Guitar4,AVAD,policy:human_k16_seed440826,batch1,0,10,105879552,106708480,828928
AVAD/V39_Guitar4,AVAD,policy:human_k16_seed440826,batch1,0,11,105879552,106708480,828928
AVAD/V39_Guitar4,AVAD,policy:human_k16_seed440826,batch1,0,12,105879552,106708480,828928
AVAD/V39_Guitar4,AVAD,policy:human_k16_seed440826,batch1,0,13,105879552,106708480,828928
AVAD/V39_Guitar4,AVAD,policy:human_k16_seed440826,batch1,0,14,105879552,106708480,828928
AVAD/V39_Guitar4,AVAD,policy:human_k16_seed440826,batch1,0,15,105879552,106708480,828928
AVAD/V39_Guitar4,AVAD,policy:human_k16_seed440826,batch1,1,0,105879552,106708480,828928
AVAD/V39_Guitar4,AVAD,policy:human_k16_seed440826,batch1,1,1,105879552,106708480,828928
AVAD/V39_Guitar4,AVAD,policy:human_k16_seed440826,batch1,1,2,105879552,106708480,828928
AVAD/V39_Guitar4,AVAD,policy:human_k16_seed440826,batch1,1,3,105879552,106708480,828928
AVAD/V39_Guitar4,AVAD,policy:human_k16_seed440826,batch1,1,4,105879552,106708480,828928
AVAD/V39_Guitar4,AVAD,policy:human_k16_seed440826,batch1,1,5,105879552,106708480,828928
AVAD/V39_Guitar4,AVAD,policy:human_k16_seed440826,batch1,1,6,105879552,106708480,828928
AVAD/V39_Guitar4,AVAD,policy:human_k16_seed440826,batch1,1,7,105879552,106708480,828928
AVAD/V39_Guitar4,AVAD,policy:human_k16_seed440826,batch1,1,8,105879552,106708480,828928
AVAD/V39_Guitar4,AVAD,policy:human_k16_seed440826,batch1,1,9,105879552,106708480,828928
AVAD/V39_Guitar4,AVAD,policy:human_k16_seed440826,batch1,1,10,105879552,106708480,828928
AVAD/V39_Guitar4,AVAD,policy:human_k16_seed440826,batch1,1,11,105879552,106708480,828928
AVAD/V39_Guitar4,AVAD,policy:human_k16_seed440826,batch1,1,12,105879552,106708480,828928
AVAD/V39_Guitar4,AVAD,policy:human_k16_seed440826,batch1,1,13,105879552,106708480,828928
AVAD/V39_Guitar4,AVAD,policy:human_k16_seed440826,batch1,1,14,105879552,106708480,828928
AVAD/V39_Guitar4,AVAD,policy:human_k16_seed440826,batch1,1,15,105879552,106708480,828928
AVAD/V39_Guitar4,AVAD,policy:human_k16_seed440826,batch1,2,0,105879552,106708480,828928
AVAD/V39_Guitar4,AVAD,policy:human_k16_seed440826,batch1,2,1,105879552,106708480,828928
AVAD/V39_Guitar4,AVAD,policy:human_k16_seed440826,batch1,2,2,105879552,106708480,828928
AVAD/V39_Guitar4,AVAD,policy:human_k16_seed440826,batch1,2,3,105879552,106708480,828928
AVAD/V39_Guitar4,AVAD,policy:human_k16_seed440826,batch1,2,4,105879552,106708480,828928
AVAD/V39_Guitar4,AVAD,policy:human_k16_seed440826,batch1,2,5,105879552,106708480,828928
AVAD/V39_Guitar4,AVAD,policy:human_k16_seed440826,batch1,2,6,105879552,106708480,828928
AVAD/V39_Guitar4,AVAD,policy:human_k16_seed440826,batch1,2,7,105879552,106708480,828928
AVAD/V39_Guitar4,AVAD,policy:human_k16_seed440826,batch1,2,8,105879552,106708480,828928
AVAD/V39_Guitar4,AVAD,policy:human_k16_seed440826,batch1,2,9,105879552,106708480,828928
AVAD/V39_Guitar4,AVAD,policy:human_k16_seed440826,batch1,2,10,105879552,106708480,828928
AVAD/V39_Guitar4,AVAD,policy:human_k16_seed440826,batch1,2,11,105879552,106708480,828928
AVAD/V39_Guitar4,AVAD,policy:human_k16_seed440826,batch1,2,12,105879552,106708480,828928
AVAD/V39_Guitar4,AVAD,policy:human_k16_seed440826,batch1,2,13,105879552,106708480,828928
AVAD/V39_Guitar4,AVAD,policy:human_k16_seed440826,batch1,2,14,105879552,106708480,828928
AVAD/V39_Guitar4,AVAD,policy:human_k16_seed440826,batch1,2,15,105879552,106708480,828928
AVAD/V39_Guitar4,AVAD,policy:human_k16_seed440826,batch1,3,0,105879552,106708480,828928
AVAD/V39_Guitar4,AVAD,policy:human_k16_seed440826,batch1,3,1,105879552,106708480,828928
AVAD/V39_Guitar4,AVAD,policy:human_k16_seed440826,batch1,3,2,105879552,106708480,828928
AVAD/V39_Guitar4,AVAD,policy:human_k16_seed440826,batch1,3,3,105879552,106708480,828928
AVAD/V39_Guitar4,AVAD,policy:human_k16_seed440826,batch1,3,4,105879552,106708480,828928
AVAD/V39_Guitar4,AVAD,policy:human_k16_seed440826,batch1,3,5,105879552,106708480,828928
AVAD/V39_Guitar4,AVAD,policy:human_k16_seed440826,batch1,3,6,105879552,106708480,828928
AVAD/V39_Guitar4,AVAD,policy:human_k16_seed440826,batch1,3,7,105879552,106708480,828928
AVAD/V39_Guitar4,AVAD,policy:human_k16_seed440826,batch1,3,8,105879552,106708480,828928
AVAD/V39_Guitar4,AVAD,policy:human_k16_seed440826,batch1,3,9,105879552,106708480,828928
AVAD/V39_Guitar4,AVAD,policy:human_k16_seed440826,batch1,3,10,105879552,106708480,828928
AVAD/V39_Guitar4,AVAD,policy:human_k16_seed440826,batch1,3,11,105879552,106708480,828928
AVAD/V39_Guitar4,AVAD,policy:human_k16_seed440826,batch1,3,12,105879552,106708480,828928
AVAD/V39_Guitar4,AVAD,policy:human_k16_seed440826,batch1,3,13,105879552,106708480,828928
AVAD/V39_Guitar4,AVAD,policy:human_k16_seed440826,batch1,3,14,105879552,106708480,828928
AVAD/V39_Guitar4,AVAD,policy:human_k16_seed440826,batch1,3,15,105879552,106708480,828928
AVAD/V39_Guitar4,AVAD,policy:human_k16_seed440826,batch1,4,0,105879552,106708480,828928
AVAD/V39_Guitar4,AVAD,policy:human_k16_seed440826,batch1,4,1,105879552,106708480,828928
AVAD/V39_Guitar4,AVAD,policy:human_k16_seed440826,batch1,4,2,105879552,106708480,828928
AVAD/V39_Guitar4,AVAD,policy:human_k16_seed440826,batch1,4,3,105879552,106708480,828928
AVAD/V39_Guitar4,AVAD,policy:human_k16_seed440826,batch1,4,4,105879552,106708480,828928
AVAD/V39_Guitar4,AVAD,policy:human_k16_seed440826,batch1,4,5,105879552,106708480,828928
AVAD/V39_Guitar4,AVAD,policy:human_k16_seed440826,batch1,4,6,105879552,106708480,828928
AVAD/V39_Guitar4,AVAD,policy:human_k16_seed440826,batch1,4,7,105879552,106708480,828928
AVAD/V39_Guitar4,AVAD,policy:human_k16_seed440826,batch1,4,8,105879552,106708480,828928
AVAD/V39_Guitar4,AVAD,policy:human_k16_seed440826,batch1,4,9,105879552,106708480,828928
AVAD/V39_Guitar4,AVAD,policy:human_k16_seed440826,batch1,4,10,105879552,106708480,828928
AVAD/V39_Guitar4,AVAD,policy:human_k16_seed440826,batch1,4,11,105879552,106708480,828928
AVAD/V39_Guitar4,AVAD,policy:human_k16_seed440826,batch1,4,12,105879552,106708480,828928
AVAD/V39_Guitar4,AVAD,policy:human_k16_seed440826,batch1,4,13,105879552,106708480,828928
AVAD/V39_Guitar4,AVAD,policy:human_k16_seed440826,batch1,4,14,105879552,106708480,828928
AVAD/V39_Guitar4,AVAD,policy:human_k16_seed440826,batch1,4,15,105879552,106708480,828928
AVAD/V39_Guitar4,AVAD,policy:human_k16_seed440826,batch1,5,0,105879552,106708480,828928
AVAD/V39_Guitar4,AVAD,policy:human_k16_seed440826,batch1,5,1,105879552,106708480,828928
AVAD/V39_Guitar4,AVAD,policy:human_k16_seed440826,batch1,5,2,105879552,106708480,828928
AVAD/V39_Guitar4,AVAD,policy:human_k16_seed440826,batch1,5,3,105879552,106708480,828928
AVAD/V39_Guitar4,AVAD,policy:human_k16_seed440826,batch1,5,4,105879552,106708480,828928
AVAD/V39_Guitar4,AVAD,policy:human_k16_seed440826,batch1,5,5,105879552,106708480,828928
AVAD/V39_Guitar4,AVAD,policy:human_k16_seed440826,batch1,5,6,105879552,106708480,828928
AVAD/V39_Guitar4,AVAD,policy:human_k16_seed440826,batch1,5,7,105879552,106708480,828928
AVAD/V39_Guitar4,AVAD,policy:human_k16_seed440826,batch1,5,8,105879552,106708480,828928
AVAD/V39_Guitar4,AVAD,policy:human_k16_seed440826,batch1,5,9,105879552,106708480,828928
AVAD/V39_Guitar4,AVAD,policy:human_k16_seed440826,batch1,5,10,105879552,106708480,828928
AVAD/V39_Guitar4,AVAD,policy:human_k16_seed440826,batch1,5,11,105879552,106708480,828928
AVAD/V39_Guitar4,AVAD,policy:human_k16_seed440826,batch1,5,12,105879552,106708480,828928
AVAD/V39_Guitar4,AVAD,policy:human_k16_seed440826,batch1,5,13,105879552,106708480,828928
AVAD/V39_Guitar4,AVAD,policy:human_k16_seed440826,batch1,5,14,105879552,106708480,828928
AVAD/V39_Guitar4,AVAD,policy:human_k16_seed440826,batch1,5,15,105879552,106708480,828928
AVAD/V39_Guitar4,AVAD,policy:human_k16_seed440826,batch1,6,0,105879552,106708480,828928
AVAD/V39_Guitar4,AVAD,policy:human_k16_seed440826,batch1,6,1,105879552,106708480,828928
AVAD/V39_Guitar4,AVAD,policy:human_k16_seed440826,batch1,6,2,105879552,106708480,828928
AVAD/V39_Guitar4,AVAD,policy:human_k16_seed440826,batch1,6,3,105879552,106708480,828928
AVAD/V39_Guitar4,AVAD,policy:human_k16_seed440826,batch1,6,4,105879552,106708480,828928
AVAD/V39_Guitar4,AVAD,policy:human_k16_seed440826,batch1,6,5,105879552,106708480,828928
AVAD/V39_Guitar4,AVAD,policy:human_k16_seed440826,batch1,6,6,105879552,106708480,828928
AVAD/V39_Guitar4,AVAD,policy:human_k16_seed440826,batch1,6,7,105879552,106708480,828928
AVAD/V39_Guitar4,AVAD,policy:human_k16_seed440826,batch1,6,8,105879552,106708480,828928
AVAD/V39_Guitar4,AVAD,policy:human_k16_seed440826,batch1,6,9,105879552,106708480,828928
AVAD/V39_Guitar4,AVAD,policy:human_k16_seed440826,batch1,6,10,105879552,106708480,828928
AVAD/V39_Guitar4,AVAD,policy:human_k16_seed440826,batch1,6,11,105879552,106708480,828928
AVAD/V39_Guitar4,AVAD,policy:human_k16_seed440826,batch1,6,12,105879552,106708480,828928
AVAD/V39_Guitar4,AVAD,policy:human_k16_seed440826,batch1,6,13,105879552,106708480,828928
AVAD/V39_Guitar4,AVAD,policy:human_k16_seed440826,batch1,6,14,105879552,106708480,828928
AVAD/V39_Guitar4,AVAD,policy:human_k16_seed440826,batch1,6,15,105879552,106708480,828928
AVAD/V39_Guitar4,AVAD,policy:human_k16_seed440826,batch1,7,0,105879552,106708480,828928
AVAD/V39_Guitar4,AVAD,policy:human_k16_seed440826,batch1,7,1,105879552,106708480,828928
AVAD/V39_Guitar4,AVAD,policy:human_k16_seed440826,batch1,7,2,105879552,106708480,828928
AVAD/V39_Guitar4,AVAD,policy:human_k16_seed440826,batch1,7,3,105879552,106708480,828928
AVAD/V39_Guitar4,AVAD,policy:human_k16_seed440826,batch1,7,4,105879552,106708480,828928
AVAD/V39_Guitar4,AVAD,policy:human_k16_seed440826,batch1,7,5,105879552,106708480,828928
AVAD/V39_Guitar4,AVAD,policy:human_k16_seed440826,batch1,7,6,105879552,106708480,828928
AVAD/V39_Guitar4,AVAD,policy:human_k16_seed440826,batch1,7,7,105879552,106708480,828928
AVAD/V39_Guitar4,AVAD,policy:human_k16_seed440826,batch1,7,8,105879552,106708480,828928
AVAD/V39_Guitar4,AVAD,policy:human_k16_seed440826,batch1,7,9,105879552,106708480,828928
AVAD/V39_Guitar4,AVAD,policy:human_k16_seed440826,batch1,7,10,105879552,106708480,828928
AVAD/V39_Guitar4,AVAD,policy:human_k16_seed440826,batch1,7,11,105879552,106708480,828928
AVAD/V39_Guitar4,AVAD,policy:human_k16_seed440826,batch1,7,12,105879552,106708480,828928
AVAD/V39_Guitar4,AVAD,policy:human_k16_seed440826,batch1,7,13,105879552,106708480,828928
AVAD/V39_Guitar4,AVAD,policy:human_k16_seed440826,batch1,7,14,105879552,106708480,828928
AVAD/V39_Guitar4,AVAD,policy:human_k16_seed440826,batch1,7,15,105879552,106708480,828928
AVAD/V39_Guitar4,AVAD,policy:human_k16_seed440826,batch1,8,0,105879552,106708480,828928
AVAD/V39_Guitar4,AVAD,policy:human_k16_seed440826,batch1,8,1,105879552,106708480,828928
AVAD/V39_Guitar4,AVAD,policy:human_k16_seed440826,batch1,8,2,105879552,106708480,828928
AVAD/V39_Guitar4,AVAD,policy:human_k16_seed440826,batch1,8,3,105879552,106708480,828928
AVAD/V39_Guitar4,AVAD,policy:human_k16_seed440826,batch1,8,4,105879552,106708480,828928
AVAD/V39_Guitar4,AVAD,policy:human_k16_seed440826,batch1,8,5,105879552,106708480,828928
AVAD/V39_Guitar4,AVAD,policy:human_k16_seed440826,batch1,8,6,105879552,106708480,828928
AVAD/V39_Guitar4,AVAD,policy:human_k16_seed440826,batch1,8,7,105879552,106708480,828928
AVAD/V39_Guitar4,AVAD,policy:human_k16_seed440826,batch1,8,8,105879552,106708480,828928
AVAD/V39_Guitar4,AVAD,policy:human_k16_seed440826,batch1,8,9,105879552,106708480,828928
AVAD/V39_Guitar4,AVAD,policy:human_k16_seed440826,batch1,8,10,105879552,106708480,828928
AVAD/V39_Guitar4,AVAD,policy:human_k16_seed440826,batch1,8,11,105879552,106708480,828928
AVAD/V39_Guitar4,AVAD,policy:human_k16_seed440826,batch1,8,12,105879552,106708480,828928
AVAD/V39_Guitar4,AVAD,policy:human_k16_seed440826,batch1,8,13,105879552,106708480,828928
AVAD/V39_Guitar4,AVAD,policy:human_k16_seed440826,batch1,8,14,105879552,106708480,828928
AVAD/V39_Guitar4,AVAD,policy:human_k16_seed440826,batch1,8,15,105879552,106708480,828928
AVAD/V39_Guitar4,AVAD,policy:human_k16_seed440826,batch1,9,0,105879552,106708480,828928
AVAD/V39_Guitar4,AVAD,policy:human_k16_seed440826,batch1,9,1,105879552,106708480,828928
AVAD/V39_Guitar4,AVAD,policy:human_k16_seed440826,batch1,9,2,105879552,106708480,828928
AVAD/V39_Guitar4,AVAD,policy:human_k16_seed440826,batch1,9,3,105879552,106708480,828928
AVAD/V39_Guitar4,AVAD,policy:human_k16_seed440826,batch1,9,4,105879552,106708480,828928
AVAD/V39_Guitar4,AVAD,policy:human_k16_seed440826,batch1,9,5,105879552,106708480,828928
AVAD/V39_Guitar4,AVAD,policy:human_k16_seed440826,batch1,9,6,105879552,106708480,828928
AVAD/V39_Guitar4,AVAD,policy:human_k16_seed440826,batch1,9,7,105879552,106708480,828928
AVAD/V39_Guitar4,AVAD,policy:human_k16_seed440826,batch1,9,8,105879552,106708480,828928
AVAD/V39_Guitar4,AVAD,policy:human_k16_seed440826,batch1,9,9,105879552,106708480,828928
AVAD/V39_Guitar4,AVAD,policy:human_k16_seed440826,batch1,9,10,105879552,106708480,828928
AVAD/V39_Guitar4,AVAD,policy:human_k16_seed440826,batch1,9,11,105879552,106708480,828928
AVAD/V39_Guitar4,AVAD,policy:human_k16_seed440826,batch1,9,12,105879552,106708480,828928
AVAD/V39_Guitar4,AVAD,policy:human_k16_seed440826,batch1,9,13,105879552,106708480,828928
AVAD/V39_Guitar4,AVAD,policy:human_k16_seed440826,batch1,9,14,105879552,106708480,828928
AVAD/V39_Guitar4,AVAD,policy:human_k16_seed440826,batch1,9,15,105879552,106708480,828928
AVAD/V39_Guitar4,AVAD,policy:human_k16_seed440827,batch1,0,0,105879552,106708480,828928
AVAD/V39_Guitar4,AVAD,policy:human_k16_seed440827,batch1,0,1,105879552,106708480,828928
AVAD/V39_Guitar4,AVAD,policy:human_k16_seed440827,batch1,0,2,105879552,106708480,828928
AVAD/V39_Guitar4,AVAD,policy:human_k16_seed440827,batch1,0,3,105879552,106708480,828928
AVAD/V39_Guitar4,AVAD,policy:human_k16_seed440827,batch1,0,4,105879552,106708480,828928
AVAD/V39_Guitar4,AVAD,policy:human_k16_seed440827,batch1,0,5,105879552,106708480,828928
AVAD/V39_Guitar4,AVAD,policy:human_k16_seed440827,batch1,0,6,105879552,106708480,828928
AVAD/V39_Guitar4,AVAD,policy:human_k16_seed440827,batch1,0,7,105879552,106708480,828928
AVAD/V39_Guitar4,AVAD,policy:human_k16_seed440827,batch1,0,8,105879552,106708480,828928
AVAD/V39_Guitar4,AVAD,policy:human_k16_seed440827,batch1,0,9,105879552,106708480,828928
AVAD/V39_Guitar4,AVAD,policy:human_k16_seed440827,batch1,0,10,105879552,106708480,828928
AVAD/V39_Guitar4,AVAD,policy:human_k16_seed440827,batch1,0,11,105879552,106708480,828928
AVAD/V39_Guitar4,AVAD,policy:human_k16_seed440827,batch1,0,12,105879552,106708480,828928
AVAD/V39_Guitar4,AVAD,policy:human_k16_seed440827,batch1,0,13,105879552,106708480,828928
AVAD/V39_Guitar4,AVAD,policy:human_k16_seed440827,batch1,0,14,105879552,106708480,828928
AVAD/V39_Guitar4,AVAD,policy:human_k16_seed440827,batch1,0,15,105879552,106708480,828928
AVAD/V39_Guitar4,AVAD,policy:human_k16_seed440827,batch1,1,0,105879552,106708480,828928
AVAD/V39_Guitar4,AVAD,policy:human_k16_seed440827,batch1,1,1,105879552,106708480,828928
AVAD/V39_Guitar4,AVAD,policy:human_k16_seed440827,batch1,1,2,105879552,106708480,828928
AVAD/V39_Guitar4,AVAD,policy:human_k16_seed440827,batch1,1,3,105879552,106708480,828928
AVAD/V39_Guitar4,AVAD,policy:human_k16_seed440827,batch1,1,4,105879552,106708480,828928
AVAD/V39_Guitar4,AVAD,policy:human_k16_seed440827,batch1,1,5,105879552,106708480,828928
AVAD/V39_Guitar4,AVAD,policy:human_k16_seed440827,batch1,1,6,105879552,106708480,828928
AVAD/V39_Guitar4,AVAD,policy:human_k16_seed440827,batch1,1,7,105879552,106708480,828928
AVAD/V39_Guitar4,AVAD,policy:human_k16_seed440827,batch1,1,8,105879552,106708480,828928
AVAD/V39_Guitar4,AVAD,policy:human_k16_seed440827,batch1,1,9,105879552,106708480,828928
AVAD/V39_Guitar4,AVAD,policy:human_k16_seed440827,batch1,1,10,105879552,106708480,828928
AVAD/V39_Guitar4,AVAD,policy:human_k16_seed440827,batch1,1,11,105879552,106708480,828928
AVAD/V39_Guitar4,AVAD,policy:human_k16_seed440827,batch1,1,12,105879552,106708480,828928
AVAD/V39_Guitar4,AVAD,policy:human_k16_seed440827,batch1,1,13,105879552,106708480,828928
AVAD/V39_Guitar4,AVAD,policy:human_k16_seed440827,batch1,1,14,105879552,106708480,828928
AVAD/V39_Guitar4,AVAD,policy:human_k16_seed440827,batch1,1,15,105879552,106708480,828928
AVAD/V39_Guitar4,AVAD,policy:human_k16_seed440827,batch1,2,0,105879552,106708480,828928
AVAD/V39_Guitar4,AVAD,policy:human_k16_seed440827,batch1,2,1,105879552,106708480,828928
AVAD/V39_Guitar4,AVAD,policy:human_k16_seed440827,batch1,2,2,105879552,106708480,828928
AVAD/V39_Guitar4,AVAD,policy:human_k16_seed440827,batch1,2,3,105879552,106708480,828928
AVAD/V39_Guitar4,AVAD,policy:human_k16_seed440827,batch1,2,4,105879552,106708480,828928
AVAD/V39_Guitar4,AVAD,policy:human_k16_seed440827,batch1,2,5,105879552,106708480,828928
AVAD/V39_Guitar4,AVAD,policy:human_k16_seed440827,batch1,2,6,105879552,106708480,828928
AVAD/V39_Guitar4,AVAD,policy:human_k16_seed440827,batch1,2,7,105879552,106708480,828928
AVAD/V39_Guitar4,AVAD,policy:human_k16_seed440827,batch1,2,8,105879552,106708480,828928
AVAD/V39_Guitar4,AVAD,policy:human_k16_seed440827,batch1,2,9,105879552,106708480,828928
AVAD/V39_Guitar4,AVAD,policy:human_k16_seed440827,batch1,2,10,105879552,106708480,828928
AVAD/V39_Guitar4,AVAD,policy:human_k16_seed440827,batch1,2,11,105879552,106708480,828928
AVAD/V39_Guitar4,AVAD,policy:human_k16_seed440827,batch1,2,12,105879552,106708480,828928
AVAD/V39_Guitar4,AVAD,policy:human_k16_seed440827,batch1,2,13,105879552,106708480,828928
AVAD/V39_Guitar4,AVAD,policy:human_k16_seed440827,batch1,2,14,105879552,106708480,828928
AVAD/V39_Guitar4,AVAD,policy:human_k16_seed440827,batch1,2,15,105879552,106708480,828928
AVAD/V39_Guitar4,AVAD,policy:human_k16_seed440827,batch1,3,0,105879552,106708480,828928
AVAD/V39_Guitar4,AVAD,policy:human_k16_seed440827,batch1,3,1,105879552,106708480,828928
AVAD/V39_Guitar4,AVAD,policy:human_k16_seed440827,batch1,3,2,105879552,106708480,828928
AVAD/V39_Guitar4,AVAD,policy:human_k16_seed440827,batch1,3,3,105879552,106708480,828928
AVAD/V39_Guitar4,AVAD,policy:human_k16_seed440827,batch1,3,4,105879552,106708480,828928
AVAD/V39_Guitar4,AVAD,policy:human_k16_seed440827,batch1,3,5,105879552,106708480,828928
AVAD/V39_Guitar4,AVAD,policy:human_k16_seed440827,batch1,3,6,105879552,106708480,828928
AVAD/V39_Guitar4,AVAD,policy:human_k16_seed440827,batch1,3,7,105879552,106708480,828928
AVAD/V39_Guitar4,AVAD,policy:human_k16_seed440827,batch1,3,8,105879552,106708480,828928
AVAD/V39_Guitar4,AVAD,policy:human_k16_seed440827,batch1,3,9,105879552,106708480,828928
AVAD/V39_Guitar4,AVAD,policy:human_k16_seed440827,batch1,3,10,105879552,106708480,828928
AVAD/V39_Guitar4,AVAD,policy:human_k16_seed440827,batch1,3,11,105879552,106708480,828928
AVAD/V39_Guitar4,AVAD,policy:human_k16_seed440827,batch1,3,12,105879552,106708480,828928
AVAD/V39_Guitar4,AVAD,policy:human_k16_seed440827,batch1,3,13,105879552,106708480,828928
AVAD/V39_Guitar4,AVAD,policy:human_k16_seed440827,batch1,3,14,105879552,106708480,828928
AVAD/V39_Guitar4,AVAD,policy:human_k16_seed440827,batch1,3,15,105879552,106708480,828928
AVAD/V39_Guitar4,AVAD,policy:human_k16_seed440827,batch1,4,0,105879552,106708480,828928
AVAD/V39_Guitar4,AVAD,policy:human_k16_seed440827,batch1,4,1,105879552,106708480,828928
AVAD/V39_Guitar4,AVAD,policy:human_k16_seed440827,batch1,4,2,105879552,106708480,828928
AVAD/V39_Guitar4,AVAD,policy:human_k16_seed440827,batch1,4,3,105879552,106708480,828928
AVAD/V39_Guitar4,AVAD,policy:human_k16_seed440827,batch1,4,4,105879552,106708480,828928
AVAD/V39_Guitar4,AVAD,policy:human_k16_seed440827,batch1,4,5,105879552,106708480,828928
AVAD/V39_Guitar4,AVAD,policy:human_k16_seed440827,batch1,4,6,105879552,106708480,828928
AVAD/V39_Guitar4,AVAD,policy:human_k16_seed440827,batch1,4,7,105879552,106708480,828928
AVAD/V39_Guitar4,AVAD,policy:human_k16_seed440827,batch1,4,8,105879552,106708480,828928
AVAD/V39_Guitar4,AVAD,policy:human_k16_seed440827,batch1,4,9,105879552,106708480,828928
AVAD/V39_Guitar4,AVAD,policy:human_k16_seed440827,batch1,4,10,105879552,106708480,828928
AVAD/V39_Guitar4,AVAD,policy:human_k16_seed440827,batch1,4,11,105879552,106708480,828928
AVAD/V39_Guitar4,AVAD,policy:human_k16_seed440827,batch1,4,12,105879552,106708480,828928
AVAD/V39_Guitar4,AVAD,policy:human_k16_seed440827,batch1,4,13,105879552,106708480,828928
AVAD/V39_Guitar4,AVAD,policy:human_k16_seed440827,batch1,4,14,105879552,106708480,828928
AVAD/V39_Guitar4,AVAD,policy:human_k16_seed440827,batch1,4,15,105879552,106708480,828928
AVAD/V39_Guitar4,AVAD,policy:human_k16_seed440827,batch1,5,0,105879552,106708480,828928
AVAD/V39_Guitar4,AVAD,policy:human_k16_seed440827,batch1,5,1,105879552,106708480,828928
AVAD/V39_Guitar4,AVAD,policy:human_k16_seed440827,batch1,5,2,105879552,106708480,828928
AVAD/V39_Guitar4,AVAD,policy:human_k16_seed440827,batch1,5,3,105879552,106708480,828928
AVAD/V39_Guitar4,AVAD,policy:human_k16_seed440827,batch1,5,4,105879552,106708480,828928
AVAD/V39_Guitar4,AVAD,policy:human_k16_seed440827,batch1,5,5,105879552,106708480,828928
AVAD/V39_Guitar4,AVAD,policy:human_k16_seed440827,batch1,5,6,105879552,106708480,828928
AVAD/V39_Guitar4,AVAD,policy:human_k16_seed440827,batch1,5,7,105879552,106708480,828928
AVAD/V39_Guitar4,AVAD,policy:human_k16_seed440827,batch1,5,8,105879552,106708480,828928
AVAD/V39_Guitar4,AVAD,policy:human_k16_seed440827,batch1,5,9,105879552,106708480,828928
AVAD/V39_Guitar4,AVAD,policy:human_k16_seed440827,batch1,5,10,105879552,106708480,828928
AVAD/V39_Guitar4,AVAD,policy:human_k16_seed440827,batch1,5,11,105879552,106708480,828928
AVAD/V39_Guitar4,AVAD,policy:human_k16_seed440827,batch1,5,12,105879552,106708480,828928
AVAD/V39_Guitar4,AVAD,policy:human_k16_seed440827,batch1,5,13,105879552,106708480,828928
AVAD/V39_Guitar4,AVAD,policy:human_k16_seed440827,batch1,5,14,105879552,106708480,828928
AVAD/V39_Guitar4,AVAD,policy:human_k16_seed440827,batch1,5,15,105879552,106708480,828928
AVAD/V39_Guitar4,AVAD,policy:human_k16_seed440827,batch1,6,0,105879552,106708480,828928
AVAD/V39_Guitar4,AVAD,policy:human_k16_seed440827,batch1,6,1,105879552,106708480,828928
AVAD/V39_Guitar4,AVAD,policy:human_k16_seed440827,batch1,6,2,105879552,106708480,828928
AVAD/V39_Guitar4,AVAD,policy:human_k16_seed440827,batch1,6,3,105879552,106708480,828928
AVAD/V39_Guitar4,AVAD,policy:human_k16_seed440827,batch1,6,4,105879552,106708480,828928
AVAD/V39_Guitar4,AVAD,policy:human_k16_seed440827,batch1,6,5,105879552,106708480,828928
AVAD/V39_Guitar4,AVAD,policy:human_k16_seed440827,batch1,6,6,105879552,106708480,828928
AVAD/V39_Guitar4,AVAD,policy:human_k16_seed440827,batch1,6,7,105879552,106708480,828928
AVAD/V39_Guitar4,AVAD,policy:human_k16_seed440827,batch1,6,8,105879552,106708480,828928
AVAD/V39_Guitar4,AVAD,policy:human_k16_seed440827,batch1,6,9,105879552,106708480,828928
AVAD/V39_Guitar4,AVAD,policy:human_k16_seed440827,batch1,6,10,105879552,106708480,828928
AVAD/V39_Guitar4,AVAD,policy:human_k16_seed440827,batch1,6,11,105879552,106708480,828928
AVAD/V39_Guitar4,AVAD,policy:human_k16_seed440827,batch1,6,12,105879552,106708480,828928
AVAD/V39_Guitar4,AVAD,policy:human_k16_seed440827,batch1,6,13,105879552,106708480,828928
AVAD/V39_Guitar4,AVAD,policy:human_k16_seed440827,batch1,6,14,105879552,106708480,828928
AVAD/V39_Guitar4,AVAD,policy:human_k16_seed440827,batch1,6,15,105879552,106708480,828928
AVAD/V39_Guitar4,AVAD,policy:human_k16_seed440827,batch1,7,0,105879552,106708480,828928
AVAD/V39_Guitar4,AVAD,policy:human_k16_seed440827,batch1,7,1,105879552,106708480,828928
AVAD/V39_Guitar4,AVAD,policy:human_k16_seed440827,batch1,7,2,105879552,106708480,828928
AVAD/V39_Guitar4,AVAD,policy:human_k16_seed440827,batch1,7,3,105879552,106708480,828928
AVAD/V39_Guitar4,AVAD,policy:human_k16_seed440827,batch1,7,4,105879552,106708480,828928
AVAD/V39_Guitar4,AVAD,policy:human_k16_seed440827,batch1,7,5,105879552,106708480,828928
AVAD/V39_Guitar4,AVAD,policy:human_k16_seed440827,batch1,7,6,105879552,106708480,828928
AVAD/V39_Guitar4,AVAD,policy:human_k16_seed440827,batch1,7,7,105879552,106708480,828928
AVAD/V39_Guitar4,AVAD,policy:human_k16_seed440827,batch1,7,8,105879552,106708480,828928
AVAD/V39_Guitar4,AVAD,policy:human_k16_seed440827,batch1,7,9,105879552,106708480,828928
AVAD/V39_Guitar4,AVAD,policy:human_k16_seed440827,batch1,7,10,105879552,106708480,828928
AVAD/V39_Guitar4,AVAD,policy:human_k16_seed440827,batch1,7,11,105879552,106708480,828928
AVAD/V39_Guitar4,AVAD,policy:human_k16_seed440827,batch1,7,12,105879552,106708480,828928
AVAD/V39_Guitar4,AVAD,policy:human_k16_seed440827,batch1,7,13,105879552,106708480,828928
AVAD/V39_Guitar4,AVAD,policy:human_k16_seed440827,batch1,7,14,105879552,106708480,828928
AVAD/V39_Guitar4,AVAD,policy:human_k16_seed440827,batch1,7,15,105879552,106708480,828928
AVAD/V39_Guitar4,AVAD,policy:human_k16_seed440827,batch1,8,0,105879552,106708480,828928
AVAD/V39_Guitar4,AVAD,policy:human_k16_seed440827,batch1,8,1,105879552,106708480,828928
AVAD/V39_Guitar4,AVAD,policy:human_k16_seed440827,batch1,8,2,105879552,106708480,828928
AVAD/V39_Guitar4,AVAD,policy:human_k16_seed440827,batch1,8,3,105879552,106708480,828928
AVAD/V39_Guitar4,AVAD,policy:human_k16_seed440827,batch1,8,4,105879552,106708480,828928
AVAD/V39_Guitar4,AVAD,policy:human_k16_seed440827,batch1,8,5,105879552,106708480,828928
AVAD/V39_Guitar4,AVAD,policy:human_k16_seed440827,batch1,8,6,105879552,106708480,828928
AVAD/V39_Guitar4,AVAD,policy:human_k16_seed440827,batch1,8,7,105879552,106708480,828928
AVAD/V39_Guitar4,AVAD,policy:human_k16_seed440827,batch1,8,8,105879552,106708480,828928
AVAD/V39_Guitar4,AVAD,policy:human_k16_seed440827,batch1,8,9,105879552,106708480,828928
AVAD/V39_Guitar4,AVAD,policy:human_k16_seed440827,batch1,8,10,105879552,106708480,828928
AVAD/V39_Guitar4,AVAD,policy:human_k16_seed440827,batch1,8,11,105879552,106708480,828928
AVAD/V39_Guitar4,AVAD,policy:human_k16_seed440827,batch1,8,12,105879552,106708480,828928
AVAD/V39_Guitar4,AVAD,policy:human_k16_seed440827,batch1,8,13,105879552,106708480,828928
AVAD/V39_Guitar4,AVAD,policy:human_k16_seed440827,batch1,8,14,105879552,106708480,828928
AVAD/V39_Guitar4,AVAD,policy:human_k16_seed440827,batch1,8,15,105879552,106708480,828928
AVAD/V39_Guitar4,AVAD,policy:human_k16_seed440827,batch1,9,0,105879552,106708480,828928
AVAD/V39_Guitar4,AVAD,policy:human_k16_seed440827,batch1,9,1,105879552,106708480,828928
AVAD/V39_Guitar4,AVAD,policy:human_k16_seed440827,batch1,9,2,105879552,106708480,828928
AVAD/V39_Guitar4,AVAD,policy:human_k16_seed440827,batch1,9,3,105879552,106708480,828928
AVAD/V39_Guitar4,AVAD,policy:human_k16_seed440827,batch1,9,4,105879552,106708480,828928
AVAD/V39_Guitar4,AVAD,policy:human_k16_seed440827,batch1,9,5,105879552,106708480,828928
AVAD/V39_Guitar4,AVAD,policy:human_k16_seed440827,batch1,9,6,105879552,106708480,828928
AVAD/V39_Guitar4,AVAD,policy:human_k16_seed440827,batch1,9,7,105879552,106708480,828928
AVAD/V39_Guitar4,AVAD,policy:human_k16_seed440827,batch1,9,8,105879552,106708480,828928
AVAD/V39_Guitar4,AVAD,policy:human_k16_seed440827,batch1,9,9,105879552,106708480,828928
AVAD/V39_Guitar4,AVAD,policy:human_k16_seed440827,batch1,9,10,105879552,106708480,828928
AVAD/V39_Guitar4,AVAD,policy:human_k16_seed440827,batch1,9,11,105879552,106708480,828928
AVAD/V39_Guitar4,AVAD,policy:human_k16_seed440827,batch1,9,12,105879552,106708480,828928
AVAD/V39_Guitar4,AVAD,policy:human_k16_seed440827,batch1,9,13,105879552,106708480,828928
AVAD/V39_Guitar4,AVAD,policy:human_k16_seed440827,batch1,9,14,105879552,106708480,828928
AVAD/V39_Guitar4,AVAD,policy:human_k16_seed440827,batch1,9,15,105879552,106708480,828928
AVAD/V39_Guitar4,AVAD,policy:human_k16_seed440828,batch1,0,0,105879552,106708480,828928
AVAD/V39_Guitar4,AVAD,policy:human_k16_seed440828,batch1,0,1,105879552,106708480,828928
AVAD/V39_Guitar4,AVAD,policy:human_k16_seed440828,batch1,0,2,105879552,106708480,828928
AVAD/V39_Guitar4,AVAD,policy:human_k16_seed440828,batch1,0,3,105879552,106708480,828928
AVAD/V39_Guitar4,AVAD,policy:human_k16_seed440828,batch1,0,4,105879552,106708480,828928
AVAD/V39_Guitar4,AVAD,policy:human_k16_seed440828,batch1,0,5,105879552,106708480,828928
AVAD/V39_Guitar4,AVAD,policy:human_k16_seed440828,batch1,0,6,105879552,106708480,828928
AVAD/V39_Guitar4,AVAD,policy:human_k16_seed440828,batch1,0,7,105879552,106708480,828928
AVAD/V39_Guitar4,AVAD,policy:human_k16_seed440828,batch1,0,8,105879552,106708480,828928
AVAD/V39_Guitar4,AVAD,policy:human_k16_seed440828,batch1,0,9,105879552,106708480,828928
AVAD/V39_Guitar4,AVAD,policy:human_k16_seed440828,batch1,0,10,105879552,106708480,828928
AVAD/V39_Guitar4,AVAD,policy:human_k16_seed440828,batch1,0,11,105879552,106708480,828928
AVAD/V39_Guitar4,AVAD,policy:human_k16_seed440828,batch1,0,12,105879552,106708480,828928
AVAD/V39_Guitar4,AVAD,policy:human_k16_seed440828,batch1,0,13,105879552,106708480,828928
AVAD/V39_Guitar4,AVAD,policy:human_k16_seed440828,batch1,0,14,105879552,106708480,828928
AVAD/V39_Guitar4,AVAD,policy:human_k16_seed440828,batch1,0,15,105879552,106708480,828928
AVAD/V39_Guitar4,AVAD,policy:human_k16_seed440828,batch1,1,0,105879552,106708480,828928
AVAD/V39_Guitar4,AVAD,policy:human_k16_seed440828,batch1,1,1,105879552,106708480,828928
AVAD/V39_Guitar4,AVAD,policy:human_k16_seed440828,batch1,1,2,105879552,106708480,828928
AVAD/V39_Guitar4,AVAD,policy:human_k16_seed440828,batch1,1,3,105879552,106708480,828928
AVAD/V39_Guitar4,AVAD,policy:human_k16_seed440828,batch1,1,4,105879552,106708480,828928
AVAD/V39_Guitar4,AVAD,policy:human_k16_seed440828,batch1,1,5,105879552,106708480,828928
AVAD/V39_Guitar4,AVAD,policy:human_k16_seed440828,batch1,1,6,105879552,106708480,828928
AVAD/V39_Guitar4,AVAD,policy:human_k16_seed440828,batch1,1,7,105879552,106708480,828928
AVAD/V39_Guitar4,AVAD,policy:human_k16_seed440828,batch1,1,8,105879552,106708480,828928
AVAD/V39_Guitar4,AVAD,policy:human_k16_seed440828,batch1,1,9,105879552,106708480,828928
AVAD/V39_Guitar4,AVAD,policy:human_k16_seed440828,batch1,1,10,105879552,106708480,828928
AVAD/V39_Guitar4,AVAD,policy:human_k16_seed440828,batch1,1,11,105879552,106708480,828928
AVAD/V39_Guitar4,AVAD,policy:human_k16_seed440828,batch1,1,12,105879552,106708480,828928
AVAD/V39_Guitar4,AVAD,policy:human_k16_seed440828,batch1,1,13,105879552,106708480,828928
AVAD/V39_Guitar4,AVAD,policy:human_k16_seed440828,batch1,1,14,105879552,106708480,828928
AVAD/V39_Guitar4,AVAD,policy:human_k16_seed440828,batch1,1,15,105879552,106708480,828928
AVAD/V39_Guitar4,AVAD,policy:human_k16_seed440828,batch1,2,0,105879552,106708480,828928
AVAD/V39_Guitar4,AVAD,policy:human_k16_seed440828,batch1,2,1,105879552,106708480,828928
AVAD/V39_Guitar4,AVAD,policy:human_k16_seed440828,batch1,2,2,105879552,106708480,828928
AVAD/V39_Guitar4,AVAD,policy:human_k16_seed440828,batch1,2,3,105879552,106708480,828928
AVAD/V39_Guitar4,AVAD,policy:human_k16_seed440828,batch1,2,4,105879552,106708480,828928
AVAD/V39_Guitar4,AVAD,policy:human_k16_seed440828,batch1,2,5,105879552,106708480,828928
AVAD/V39_Guitar4,AVAD,policy:human_k16_seed440828,batch1,2,6,105879552,106708480,828928
AVAD/V39_Guitar4,AVAD,policy:human_k16_seed440828,batch1,2,7,105879552,106708480,828928
AVAD/V39_Guitar4,AVAD,policy:human_k16_seed440828,batch1,2,8,105879552,106708480,828928
AVAD/V39_Guitar4,AVAD,policy:human_k16_seed440828,batch1,2,9,105879552,106708480,828928
AVAD/V39_Guitar4,AVAD,policy:human_k16_seed440828,batch1,2,10,105879552,106708480,828928
AVAD/V39_Guitar4,AVAD,policy:human_k16_seed440828,batch1,2,11,105879552,106708480,828928
AVAD/V39_Guitar4,AVAD,policy:human_k16_seed440828,batch1,2,12,105879552,106708480,828928
AVAD/V39_Guitar4,AVAD,policy:human_k16_seed440828,batch1,2,13,105879552,106708480,828928
AVAD/V39_Guitar4,AVAD,policy:human_k16_seed440828,batch1,2,14,105879552,106708480,828928
AVAD/V39_Guitar4,AVAD,policy:human_k16_seed440828,batch1,2,15,105879552,106708480,828928
AVAD/V39_Guitar4,AVAD,policy:human_k16_seed440828,batch1,3,0,105879552,106708480,828928
AVAD/V39_Guitar4,AVAD,policy:human_k16_seed440828,batch1,3,1,105879552,106708480,828928
AVAD/V39_Guitar4,AVAD,policy:human_k16_seed440828,batch1,3,2,105879552,106708480,828928
AVAD/V39_Guitar4,AVAD,policy:human_k16_seed440828,batch1,3,3,105879552,106708480,828928
AVAD/V39_Guitar4,AVAD,policy:human_k16_seed440828,batch1,3,4,105879552,106708480,828928
AVAD/V39_Guitar4,AVAD,policy:human_k16_seed440828,batch1,3,5,105879552,106708480,828928
AVAD/V39_Guitar4,AVAD,policy:human_k16_seed440828,batch1,3,6,105879552,106708480,828928
AVAD/V39_Guitar4,AVAD,policy:human_k16_seed440828,batch1,3,7,105879552,106708480,828928
AVAD/V39_Guitar4,AVAD,policy:human_k16_seed440828,batch1,3,8,105879552,106708480,828928
AVAD/V39_Guitar4,AVAD,policy:human_k16_seed440828,batch1,3,9,105879552,106708480,828928
AVAD/V39_Guitar4,AVAD,policy:human_k16_seed440828,batch1,3,10,105879552,106708480,828928
AVAD/V39_Guitar4,AVAD,policy:human_k16_seed440828,batch1,3,11,105879552,106708480,828928
AVAD/V39_Guitar4,AVAD,policy:human_k16_seed440828,batch1,3,12,105879552,106708480,828928
AVAD/V39_Guitar4,AVAD,policy:human_k16_seed440828,batch1,3,13,105879552,106708480,828928
AVAD/V39_Guitar4,AVAD,policy:human_k16_seed440828,batch1,3,14,105879552,106708480,828928
AVAD/V39_Guitar4,AVAD,policy:human_k16_seed440828,batch1,3,15,105879552,106708480,828928
AVAD/V39_Guitar4,AVAD,policy:human_k16_seed440828,batch1,4,0,105879552,106708480,828928
AVAD/V39_Guitar4,AVAD,policy:human_k16_seed440828,batch1,4,1,105879552,106708480,828928
AVAD/V39_Guitar4,AVAD,policy:human_k16_seed440828,batch1,4,2,105879552,106708480,828928
AVAD/V39_Guitar4,AVAD,policy:human_k16_seed440828,batch1,4,3,105879552,106708480,828928
AVAD/V39_Guitar4,AVAD,policy:human_k16_seed440828,batch1,4,4,105879552,106708480,828928
AVAD/V39_Guitar4,AVAD,policy:human_k16_seed440828,batch1,4,5,105879552,106708480,828928
AVAD/V39_Guitar4,AVAD,policy:human_k16_seed440828,batch1,4,6,105879552,106708480,828928
AVAD/V39_Guitar4,AVAD,policy:human_k16_seed440828,batch1,4,7,105879552,106708480,828928
AVAD/V39_Guitar4,AVAD,policy:human_k16_seed440828,batch1,4,8,105879552,106708480,828928
AVAD/V39_Guitar4,AVAD,policy:human_k16_seed440828,batch1,4,9,105879552,106708480,828928
AVAD/V39_Guitar4,AVAD,policy:human_k16_seed440828,batch1,4,10,105879552,106708480,828928
AVAD/V39_Guitar4,AVAD,policy:human_k16_seed440828,batch1,4,11,105879552,106708480,828928
AVAD/V39_Guitar4,AVAD,policy:human_k16_seed440828,batch1,4,12,105879552,106708480,828928
AVAD/V39_Guitar4,AVAD,policy:human_k16_seed440828,batch1,4,13,105879552,106708480,828928
AVAD/V39_Guitar4,AVAD,policy:human_k16_seed440828,batch1,4,14,105879552,106708480,828928
AVAD/V39_Guitar4,AVAD,policy:human_k16_seed440828,batch1,4,15,105879552,106708480,828928
AVAD/V39_Guitar4,AVAD,policy:human_k16_seed440828,batch1,5,0,105879552,106708480,828928
AVAD/V39_Guitar4,AVAD,policy:human_k16_seed440828,batch1,5,1,105879552,106708480,828928
AVAD/V39_Guitar4,AVAD,policy:human_k16_seed440828,batch1,5,2,105879552,106708480,828928
AVAD/V39_Guitar4,AVAD,policy:human_k16_seed440828,batch1,5,3,105879552,106708480,828928
AVAD/V39_Guitar4,AVAD,policy:human_k16_seed440828,batch1,5,4,105879552,106708480,828928
AVAD/V39_Guitar4,AVAD,policy:human_k16_seed440828,batch1,5,5,105879552,106708480,828928
AVAD/V39_Guitar4,AVAD,policy:human_k16_seed440828,batch1,5,6,105879552,106708480,828928
AVAD/V39_Guitar4,AVAD,policy:human_k16_seed440828,batch1,5,7,105879552,106708480,828928
AVAD/V39_Guitar4,AVAD,policy:human_k16_seed440828,batch1,5,8,105879552,106708480,828928
AVAD/V39_Guitar4,AVAD,policy:human_k16_seed440828,batch1,5,9,105879552,106708480,828928
AVAD/V39_Guitar4,AVAD,policy:human_k16_seed440828,batch1,5,10,105879552,106708480,828928
AVAD/V39_Guitar4,AVAD,policy:human_k16_seed440828,batch1,5,11,105879552,106708480,828928
AVAD/V39_Guitar4,AVAD,policy:human_k16_seed440828,batch1,5,12,105879552,106708480,828928
AVAD/V39_Guitar4,AVAD,policy:human_k16_seed440828,batch1,5,13,105879552,106708480,828928
AVAD/V39_Guitar4,AVAD,policy:human_k16_seed440828,batch1,5,14,105879552,106708480,828928
AVAD/V39_Guitar4,AVAD,policy:human_k16_seed440828,batch1,5,15,105879552,106708480,828928
AVAD/V39_Guitar4,AVAD,policy:human_k16_seed440828,batch1,6,0,105879552,106708480,828928
AVAD/V39_Guitar4,AVAD,policy:human_k16_seed440828,batch1,6,1,105879552,106708480,828928
AVAD/V39_Guitar4,AVAD,policy:human_k16_seed440828,batch1,6,2,105879552,106708480,828928
AVAD/V39_Guitar4,AVAD,policy:human_k16_seed440828,batch1,6,3,105879552,106708480,828928
AVAD/V39_Guitar4,AVAD,policy:human_k16_seed440828,batch1,6,4,105879552,106708480,828928
AVAD/V39_Guitar4,AVAD,policy:human_k16_seed440828,batch1,6,5,105879552,106708480,828928
AVAD/V39_Guitar4,AVAD,policy:human_k16_seed440828,batch1,6,6,105879552,106708480,828928
AVAD/V39_Guitar4,AVAD,policy:human_k16_seed440828,batch1,6,7,105879552,106708480,828928
AVAD/V39_Guitar4,AVAD,policy:human_k16_seed440828,batch1,6,8,105879552,106708480,828928
AVAD/V39_Guitar4,AVAD,policy:human_k16_seed440828,batch1,6,9,105879552,106708480,828928
AVAD/V39_Guitar4,AVAD,policy:human_k16_seed440828,batch1,6,10,105879552,106708480,828928
AVAD/V39_Guitar4,AVAD,policy:human_k16_seed440828,batch1,6,11,105879552,106708480,828928
AVAD/V39_Guitar4,AVAD,policy:human_k16_seed440828,batch1,6,12,105879552,106708480,828928
AVAD/V39_Guitar4,AVAD,policy:human_k16_seed440828,batch1,6,13,105879552,106708480,828928
AVAD/V39_Guitar4,AVAD,policy:human_k16_seed440828,batch1,6,14,105879552,106708480,828928
AVAD/V39_Guitar4,AVAD,policy:human_k16_seed440828,batch1,6,15,105879552,106708480,828928
AVAD/V39_Guitar4,AVAD,policy:human_k16_seed440828,batch1,7,0,105879552,106708480,828928
AVAD/V39_Guitar4,AVAD,policy:human_k16_seed440828,batch1,7,1,105879552,106708480,828928
AVAD/V39_Guitar4,AVAD,policy:human_k16_seed440828,batch1,7,2,105879552,106708480,828928
AVAD/V39_Guitar4,AVAD,policy:human_k16_seed440828,batch1,7,3,105879552,106708480,828928
AVAD/V39_Guitar4,AVAD,policy:human_k16_seed440828,batch1,7,4,105879552,106708480,828928
AVAD/V39_Guitar4,AVAD,policy:human_k16_seed440828,batch1,7,5,105879552,106708480,828928
AVAD/V39_Guitar4,AVAD,policy:human_k16_seed440828,batch1,7,6,105879552,106708480,828928
AVAD/V39_Guitar4,AVAD,policy:human_k16_seed440828,batch1,7,7,105879552,106708480,828928
AVAD/V39_Guitar4,AVAD,policy:human_k16_seed440828,batch1,7,8,105879552,106708480,828928
AVAD/V39_Guitar4,AVAD,policy:human_k16_seed440828,batch1,7,9,105879552,106708480,828928
AVAD/V39_Guitar4,AVAD,policy:human_k16_seed440828,batch1,7,10,105879552,106708480,828928
AVAD/V39_Guitar4,AVAD,policy:human_k16_seed440828,batch1,7,11,105879552,106708480,828928
AVAD/V39_Guitar4,AVAD,policy:human_k16_seed440828,batch1,7,12,105879552,106708480,828928
AVAD/V39_Guitar4,AVAD,policy:human_k16_seed440828,batch1,7,13,105879552,106708480,828928
AVAD/V39_Guitar4,AVAD,policy:human_k16_seed440828,batch1,7,14,105879552,106708480,828928
AVAD/V39_Guitar4,AVAD,policy:human_k16_seed440828,batch1,7,15,105879552,106708480,828928
AVAD/V39_Guitar4,AVAD,policy:human_k16_seed440828,batch1,8,0,105879552,106708480,828928
AVAD/V39_Guitar4,AVAD,policy:human_k16_seed440828,batch1,8,1,105879552,106708480,828928
AVAD/V39_Guitar4,AVAD,policy:human_k16_seed440828,batch1,8,2,105879552,106708480,828928
AVAD/V39_Guitar4,AVAD,policy:human_k16_seed440828,batch1,8,3,105879552,106708480,828928
AVAD/V39_Guitar4,AVAD,policy:human_k16_seed440828,batch1,8,4,105879552,106708480,828928
AVAD/V39_Guitar4,AVAD,policy:human_k16_seed440828,batch1,8,5,105879552,106708480,828928
AVAD/V39_Guitar4,AVAD,policy:human_k16_seed440828,batch1,8,6,105879552,106708480,828928
AVAD/V39_Guitar4,AVAD,policy:human_k16_seed440828,batch1,8,7,105879552,106708480,828928
AVAD/V39_Guitar4,AVAD,policy:human_k16_seed440828,batch1,8,8,105879552,106708480,828928
AVAD/V39_Guitar4,AVAD,policy:human_k16_seed440828,batch1,8,9,105879552,106708480,828928
AVAD/V39_Guitar4,AVAD,policy:human_k16_seed440828,batch1,8,10,105879552,106708480,828928
AVAD/V39_Guitar4,AVAD,policy:human_k16_seed440828,batch1,8,11,105879552,106708480,828928
AVAD/V39_Guitar4,AVAD,policy:human_k16_seed440828,batch1,8,12,105879552,106708480,828928
AVAD/V39_Guitar4,AVAD,policy:human_k16_seed440828,batch1,8,13,105879552,106708480,828928
AVAD/V39_Guitar4,AVAD,policy:human_k16_seed440828,batch1,8,14,105879552,106708480,828928
AVAD/V39_Guitar4,AVAD,policy:human_k16_seed440828,batch1,8,15,105879552,106708480,828928
AVAD/V39_Guitar4,AVAD,policy:human_k16_seed440828,batch1,9,0,105879552,106708480,828928
AVAD/V39_Guitar4,AVAD,policy:human_k16_seed440828,batch1,9,1,105879552,106708480,828928
AVAD/V39_Guitar4,AVAD,policy:human_k16_seed440828,batch1,9,2,105879552,106708480,828928
AVAD/V39_Guitar4,AVAD,policy:human_k16_seed440828,batch1,9,3,105879552,106708480,828928
AVAD/V39_Guitar4,AVAD,policy:human_k16_seed440828,batch1,9,4,105879552,106708480,828928
AVAD/V39_Guitar4,AVAD,policy:human_k16_seed440828,batch1,9,5,105879552,106708480,828928
AVAD/V39_Guitar4,AVAD,policy:human_k16_seed440828,batch1,9,6,105879552,106708480,828928
AVAD/V39_Guitar4,AVAD,policy:human_k16_seed440828,batch1,9,7,105879552,106708480,828928
AVAD/V39_Guitar4,AVAD,policy:human_k16_seed440828,batch1,9,8,105879552,106708480,828928
AVAD/V39_Guitar4,AVAD,policy:human_k16_seed440828,batch1,9,9,105879552,106708480,828928
AVAD/V39_Guitar4,AVAD,policy:human_k16_seed440828,batch1,9,10,105879552,106708480,828928
AVAD/V39_Guitar4,AVAD,policy:human_k16_seed440828,batch1,9,11,105879552,106708480,828928
AVAD/V39_Guitar4,AVAD,policy:human_k16_seed440828,batch1,9,12,105879552,106708480,828928
AVAD/V39_Guitar4,AVAD,policy:human_k16_seed440828,batch1,9,13,105879552,106708480,828928
AVAD/V39_Guitar4,AVAD,policy:human_k16_seed440828,batch1,9,14,105879552,106708480,828928
AVAD/V39_Guitar4,AVAD,policy:human_k16_seed440828,batch1,9,15,105879552,106708480,828928
AVAD/V39_Guitar4,AVAD,policy:human_k16_seed440829,batch1,0,0,105879552,106708480,828928
AVAD/V39_Guitar4,AVAD,policy:human_k16_seed440829,batch1,0,1,105879552,106708480,828928
AVAD/V39_Guitar4,AVAD,policy:human_k16_seed440829,batch1,0,2,105879552,106708480,828928
AVAD/V39_Guitar4,AVAD,policy:human_k16_seed440829,batch1,0,3,105879552,106708480,828928
AVAD/V39_Guitar4,AVAD,policy:human_k16_seed440829,batch1,0,4,105879552,106708480,828928
AVAD/V39_Guitar4,AVAD,policy:human_k16_seed440829,batch1,0,5,105879552,106708480,828928
AVAD/V39_Guitar4,AVAD,policy:human_k16_seed440829,batch1,0,6,105879552,106708480,828928
AVAD/V39_Guitar4,AVAD,policy:human_k16_seed440829,batch1,0,7,105879552,106708480,828928
AVAD/V39_Guitar4,AVAD,policy:human_k16_seed440829,batch1,0,8,105879552,106708480,828928
AVAD/V39_Guitar4,AVAD,policy:human_k16_seed440829,batch1,0,9,105879552,106708480,828928
AVAD/V39_Guitar4,AVAD,policy:human_k16_seed440829,batch1,0,10,105879552,106708480,828928
AVAD/V39_Guitar4,AVAD,policy:human_k16_seed440829,batch1,0,11,105879552,106708480,828928
AVAD/V39_Guitar4,AVAD,policy:human_k16_seed440829,batch1,0,12,105879552,106708480,828928
AVAD/V39_Guitar4,AVAD,policy:human_k16_seed440829,batch1,0,13,105879552,106708480,828928
AVAD/V39_Guitar4,AVAD,policy:human_k16_seed440829,batch1,0,14,105879552,106708480,828928
AVAD/V39_Guitar4,AVAD,policy:human_k16_seed440829,batch1,0,15,105879552,106708480,828928
AVAD/V39_Guitar4,AVAD,policy:human_k16_seed440829,batch1,1,0,105879552,106708480,828928
AVAD/V39_Guitar4,AVAD,policy:human_k16_seed440829,batch1,1,1,105879552,106708480,828928
AVAD/V39_Guitar4,AVAD,policy:human_k16_seed440829,batch1,1,2,105879552,106708480,828928
AVAD/V39_Guitar4,AVAD,policy:human_k16_seed440829,batch1,1,3,105879552,106708480,828928
AVAD/V39_Guitar4,AVAD,policy:human_k16_seed440829,batch1,1,4,105879552,106708480,828928
AVAD/V39_Guitar4,AVAD,policy:human_k16_seed440829,batch1,1,5,105879552,106708480,828928
AVAD/V39_Guitar4,AVAD,policy:human_k16_seed440829,batch1,1,6,105879552,106708480,828928
AVAD/V39_Guitar4,AVAD,policy:human_k16_seed440829,batch1,1,7,105879552,106708480,828928
AVAD/V39_Guitar4,AVAD,policy:human_k16_seed440829,batch1,1,8,105879552,106708480,828928
AVAD/V39_Guitar4,AVAD,policy:human_k16_seed440829,batch1,1,9,105879552,106708480,828928
AVAD/V39_Guitar4,AVAD,policy:human_k16_seed440829,batch1,1,10,105879552,106708480,828928
AVAD/V39_Guitar4,AVAD,policy:human_k16_seed440829,batch1,1,11,105879552,106708480,828928
AVAD/V39_Guitar4,AVAD,policy:human_k16_seed440829,batch1,1,12,105879552,106708480,828928
AVAD/V39_Guitar4,AVAD,policy:human_k16_seed440829,batch1,1,13,105879552,106708480,828928
AVAD/V39_Guitar4,AVAD,policy:human_k16_seed440829,batch1,1,14,105879552,106708480,828928
AVAD/V39_Guitar4,AVAD,policy:human_k16_seed440829,batch1,1,15,105879552,106708480,828928
AVAD/V39_Guitar4,AVAD,policy:human_k16_seed440829,batch1,2,0,105879552,106708480,828928
AVAD/V39_Guitar4,AVAD,policy:human_k16_seed440829,batch1,2,1,105879552,106708480,828928
AVAD/V39_Guitar4,AVAD,policy:human_k16_seed440829,batch1,2,2,105879552,106708480,828928
AVAD/V39_Guitar4,AVAD,policy:human_k16_seed440829,batch1,2,3,105879552,106708480,828928
AVAD/V39_Guitar4,AVAD,policy:human_k16_seed440829,batch1,2,4,105879552,106708480,828928
AVAD/V39_Guitar4,AVAD,policy:human_k16_seed440829,batch1,2,5,105879552,106708480,828928
AVAD/V39_Guitar4,AVAD,policy:human_k16_seed440829,batch1,2,6,105879552,106708480,828928
AVAD/V39_Guitar4,AVAD,policy:human_k16_seed440829,batch1,2,7,105879552,106708480,828928
AVAD/V39_Guitar4,AVAD,policy:human_k16_seed440829,batch1,2,8,105879552,106708480,828928
AVAD/V39_Guitar4,AVAD,policy:human_k16_seed440829,batch1,2,9,105879552,106708480,828928
AVAD/V39_Guitar4,AVAD,policy:human_k16_seed440829,batch1,2,10,105879552,106708480,828928
AVAD/V39_Guitar4,AVAD,policy:human_k16_seed440829,batch1,2,11,105879552,106708480,828928
AVAD/V39_Guitar4,AVAD,policy:human_k16_seed440829,batch1,2,12,105879552,106708480,828928
AVAD/V39_Guitar4,AVAD,policy:human_k16_seed440829,batch1,2,13,105879552,106708480,828928
AVAD/V39_Guitar4,AVAD,policy:human_k16_seed440829,batch1,2,14,105879552,106708480,828928
AVAD/V39_Guitar4,AVAD,policy:human_k16_seed440829,batch1,2,15,105879552,106708480,828928
AVAD/V39_Guitar4,AVAD,policy:human_k16_seed440829,batch1,3,0,105879552,106708480,828928
AVAD/V39_Guitar4,AVAD,policy:human_k16_seed440829,batch1,3,1,105879552,106708480,828928
AVAD/V39_Guitar4,AVAD,policy:human_k16_seed440829,batch1,3,2,105879552,106708480,828928
AVAD/V39_Guitar4,AVAD,policy:human_k16_seed440829,batch1,3,3,105879552,106708480,828928
AVAD/V39_Guitar4,AVAD,policy:human_k16_seed440829,batch1,3,4,105879552,106708480,828928
AVAD/V39_Guitar4,AVAD,policy:human_k16_seed440829,batch1,3,5,105879552,106708480,828928
AVAD/V39_Guitar4,AVAD,policy:human_k16_seed440829,batch1,3,6,105879552,106708480,828928
AVAD/V39_Guitar4,AVAD,policy:human_k16_seed440829,batch1,3,7,105879552,106708480,828928
AVAD/V39_Guitar4,AVAD,policy:human_k16_seed440829,batch1,3,8,105879552,106708480,828928
AVAD/V39_Guitar4,AVAD,policy:human_k16_seed440829,batch1,3,9,105879552,106708480,828928
AVAD/V39_Guitar4,AVAD,policy:human_k16_seed440829,batch1,3,10,105879552,106708480,828928
AVAD/V39_Guitar4,AVAD,policy:human_k16_seed440829,batch1,3,11,105879552,106708480,828928
AVAD/V39_Guitar4,AVAD,policy:human_k16_seed440829,batch1,3,12,105879552,106708480,828928
AVAD/V39_Guitar4,AVAD,policy:human_k16_seed440829,batch1,3,13,105879552,106708480,828928
AVAD/V39_Guitar4,AVAD,policy:human_k16_seed440829,batch1,3,14,105879552,106708480,828928
AVAD/V39_Guitar4,AVAD,policy:human_k16_seed440829,batch1,3,15,105879552,106708480,828928
AVAD/V39_Guitar4,AVAD,policy:human_k16_seed440829,batch1,4,0,105879552,106708480,828928
AVAD/V39_Guitar4,AVAD,policy:human_k16_seed440829,batch1,4,1,105879552,106708480,828928
AVAD/V39_Guitar4,AVAD,policy:human_k16_seed440829,batch1,4,2,105879552,106708480,828928
AVAD/V39_Guitar4,AVAD,policy:human_k16_seed440829,batch1,4,3,105879552,106708480,828928
AVAD/V39_Guitar4,AVAD,policy:human_k16_seed440829,batch1,4,4,105879552,106708480,828928
AVAD/V39_Guitar4,AVAD,policy:human_k16_seed440829,batch1,4,5,105879552,106708480,828928
AVAD/V39_Guitar4,AVAD,policy:human_k16_seed440829,batch1,4,6,105879552,106708480,828928
AVAD/V39_Guitar4,AVAD,policy:human_k16_seed440829,batch1,4,7,105879552,106708480,828928
AVAD/V39_Guitar4,AVAD,policy:human_k16_seed440829,batch1,4,8,105879552,106708480,828928
AVAD/V39_Guitar4,AVAD,policy:human_k16_seed440829,batch1,4,9,105879552,106708480,828928
AVAD/V39_Guitar4,AVAD,policy:human_k16_seed440829,batch1,4,10,105879552,106708480,828928
AVAD/V39_Guitar4,AVAD,policy:human_k16_seed440829,batch1,4,11,105879552,106708480,828928
AVAD/V39_Guitar4,AVAD,policy:human_k16_seed440829,batch1,4,12,105879552,106708480,828928
AVAD/V39_Guitar4,AVAD,policy:human_k16_seed440829,batch1,4,13,105879552,106708480,828928
AVAD/V39_Guitar4,AVAD,policy:human_k16_seed440829,batch1,4,14,105879552,106708480,828928
AVAD/V39_Guitar4,AVAD,policy:human_k16_seed440829,batch1,4,15,105879552,106708480,828928
AVAD/V39_Guitar4,AVAD,policy:human_k16_seed440829,batch1,5,0,105879552,106708480,828928
AVAD/V39_Guitar4,AVAD,policy:human_k16_seed440829,batch1,5,1,105879552,106708480,828928
AVAD/V39_Guitar4,AVAD,policy:human_k16_seed440829,batch1,5,2,105879552,106708480,828928
AVAD/V39_Guitar4,AVAD,policy:human_k16_seed440829,batch1,5,3,105879552,106708480,828928
AVAD/V39_Guitar4,AVAD,policy:human_k16_seed440829,batch1,5,4,105879552,106708480,828928
AVAD/V39_Guitar4,AVAD,policy:human_k16_seed440829,batch1,5,5,105879552,106708480,828928
AVAD/V39_Guitar4,AVAD,policy:human_k16_seed440829,batch1,5,6,105879552,106708480,828928
AVAD/V39_Guitar4,AVAD,policy:human_k16_seed440829,batch1,5,7,105879552,106708480,828928
AVAD/V39_Guitar4,AVAD,policy:human_k16_seed440829,batch1,5,8,105879552,106708480,828928
AVAD/V39_Guitar4,AVAD,policy:human_k16_seed440829,batch1,5,9,105879552,106708480,828928
AVAD/V39_Guitar4,AVAD,policy:human_k16_seed440829,batch1,5,10,105879552,106708480,828928
AVAD/V39_Guitar4,AVAD,policy:human_k16_seed440829,batch1,5,11,105879552,106708480,828928
AVAD/V39_Guitar4,AVAD,policy:human_k16_seed440829,batch1,5,12,105879552,106708480,828928
AVAD/V39_Guitar4,AVAD,policy:human_k16_seed440829,batch1,5,13,105879552,106708480,828928
AVAD/V39_Guitar4,AVAD,policy:human_k16_seed440829,batch1,5,14,105879552,106708480,828928
AVAD/V39_Guitar4,AVAD,policy:human_k16_seed440829,batch1,5,15,105879552,106708480,828928
AVAD/V39_Guitar4,AVAD,policy:human_k16_seed440829,batch1,6,0,105879552,106708480,828928
AVAD/V39_Guitar4,AVAD,policy:human_k16_seed440829,batch1,6,1,105879552,106708480,828928
AVAD/V39_Guitar4,AVAD,policy:human_k16_seed440829,batch1,6,2,105879552,106708480,828928
AVAD/V39_Guitar4,AVAD,policy:human_k16_seed440829,batch1,6,3,105879552,106708480,828928
AVAD/V39_Guitar4,AVAD,policy:human_k16_seed440829,batch1,6,4,105879552,106708480,828928
AVAD/V39_Guitar4,AVAD,policy:human_k16_seed440829,batch1,6,5,105879552,106708480,828928
AVAD/V39_Guitar4,AVAD,policy:human_k16_seed440829,batch1,6,6,105879552,106708480,828928
AVAD/V39_Guitar4,AVAD,policy:human_k16_seed440829,batch1,6,7,105879552,106708480,828928
AVAD/V39_Guitar4,AVAD,policy:human_k16_seed440829,batch1,6,8,105879552,106708480,828928
AVAD/V39_Guitar4,AVAD,policy:human_k16_seed440829,batch1,6,9,105879552,106708480,828928
AVAD/V39_Guitar4,AVAD,policy:human_k16_seed440829,batch1,6,10,105879552,106708480,828928
AVAD/V39_Guitar4,AVAD,policy:human_k16_seed440829,batch1,6,11,105879552,106708480,828928
AVAD/V39_Guitar4,AVAD,policy:human_k16_seed440829,batch1,6,12,105879552,106708480,828928
AVAD/V39_Guitar4,AVAD,policy:human_k16_seed440829,batch1,6,13,105879552,106708480,828928
AVAD/V39_Guitar4,AVAD,policy:human_k16_seed440829,batch1,6,14,105879552,106708480,828928
AVAD/V39_Guitar4,AVAD,policy:human_k16_seed440829,batch1,6,15,105879552,106708480,828928
AVAD/V39_Guitar4,AVAD,policy:human_k16_seed440829,batch1,7,0,105879552,106708480,828928
AVAD/V39_Guitar4,AVAD,policy:human_k16_seed440829,batch1,7,1,105879552,106708480,828928
AVAD/V39_Guitar4,AVAD,policy:human_k16_seed440829,batch1,7,2,105879552,106708480,828928
AVAD/V39_Guitar4,AVAD,policy:human_k16_seed440829,batch1,7,3,105879552,106708480,828928
AVAD/V39_Guitar4,AVAD,policy:human_k16_seed440829,batch1,7,4,105879552,106708480,828928
AVAD/V39_Guitar4,AVAD,policy:human_k16_seed440829,batch1,7,5,105879552,106708480,828928
AVAD/V39_Guitar4,AVAD,policy:human_k16_seed440829,batch1,7,6,105879552,106708480,828928
AVAD/V39_Guitar4,AVAD,policy:human_k16_seed440829,batch1,7,7,105879552,106708480,828928
AVAD/V39_Guitar4,AVAD,policy:human_k16_seed440829,batch1,7,8,105879552,106708480,828928
AVAD/V39_Guitar4,AVAD,policy:human_k16_seed440829,batch1,7,9,105879552,106708480,828928
AVAD/V39_Guitar4,AVAD,policy:human_k16_seed440829,batch1,7,10,105879552,106708480,828928
AVAD/V39_Guitar4,AVAD,policy:human_k16_seed440829,batch1,7,11,105879552,106708480,828928
AVAD/V39_Guitar4,AVAD,policy:human_k16_seed440829,batch1,7,12,105879552,106708480,828928
AVAD/V39_Guitar4,AVAD,policy:human_k16_seed440829,batch1,7,13,105879552,106708480,828928
AVAD/V39_Guitar4,AVAD,policy:human_k16_seed440829,batch1,7,14,105879552,106708480,828928
AVAD/V39_Guitar4,AVAD,policy:human_k16_seed440829,batch1,7,15,105879552,106708480,828928
AVAD/V39_Guitar4,AVAD,policy:human_k16_seed440829,batch1,8,0,105879552,106708480,828928
AVAD/V39_Guitar4,AVAD,policy:human_k16_seed440829,batch1,8,1,105879552,106708480,828928
AVAD/V39_Guitar4,AVAD,policy:human_k16_seed440829,batch1,8,2,105879552,106708480,828928
AVAD/V39_Guitar4,AVAD,policy:human_k16_seed440829,batch1,8,3,105879552,106708480,828928
AVAD/V39_Guitar4,AVAD,policy:human_k16_seed440829,batch1,8,4,105879552,106708480,828928
AVAD/V39_Guitar4,AVAD,policy:human_k16_seed440829,batch1,8,5,105879552,106708480,828928
AVAD/V39_Guitar4,AVAD,policy:human_k16_seed440829,batch1,8,6,105879552,106708480,828928
AVAD/V39_Guitar4,AVAD,policy:human_k16_seed440829,batch1,8,7,105879552,106708480,828928
AVAD/V39_Guitar4,AVAD,policy:human_k16_seed440829,batch1,8,8,105879552,106708480,828928
AVAD/V39_Guitar4,AVAD,policy:human_k16_seed440829,batch1,8,9,105879552,106708480,828928
AVAD/V39_Guitar4,AVAD,policy:human_k16_seed440829,batch1,8,10,105879552,106708480,828928
AVAD/V39_Guitar4,AVAD,policy:human_k16_seed440829,batch1,8,11,105879552,106708480,828928
AVAD/V39_Guitar4,AVAD,policy:human_k16_seed440829,batch1,8,12,105879552,106708480,828928
AVAD/V39_Guitar4,AVAD,policy:human_k16_seed440829,batch1,8,13,105879552,106708480,828928
AVAD/V39_Guitar4,AVAD,policy:human_k16_seed440829,batch1,8,14,105879552,106708480,828928
AVAD/V39_Guitar4,AVAD,policy:human_k16_seed440829,batch1,8,15,105879552,106708480,828928
AVAD/V39_Guitar4,AVAD,policy:human_k16_seed440829,batch1,9,0,105879552,106708480,828928
AVAD/V39_Guitar4,AVAD,policy:human_k16_seed440829,batch1,9,1,105879552,106708480,828928
AVAD/V39_Guitar4,AVAD,policy:human_k16_seed440829,batch1,9,2,105879552,106708480,828928
AVAD/V39_Guitar4,AVAD,policy:human_k16_seed440829,batch1,9,3,105879552,106708480,828928
AVAD/V39_Guitar4,AVAD,policy:human_k16_seed440829,batch1,9,4,105879552,106708480,828928
AVAD/V39_Guitar4,AVAD,policy:human_k16_seed440829,batch1,9,5,105879552,106708480,828928
AVAD/V39_Guitar4,AVAD,policy:human_k16_seed440829,batch1,9,6,105879552,106708480,828928
AVAD/V39_Guitar4,AVAD,policy:human_k16_seed440829,batch1,9,7,105879552,106708480,828928
AVAD/V39_Guitar4,AVAD,policy:human_k16_seed440829,batch1,9,8,105879552,106708480,828928
AVAD/V39_Guitar4,AVAD,policy:human_k16_seed440829,batch1,9,9,105879552,106708480,828928
AVAD/V39_Guitar4,AVAD,policy:human_k16_seed440829,batch1,9,10,105879552,106708480,828928
AVAD/V39_Guitar4,AVAD,policy:human_k16_seed440829,batch1,9,11,105879552,106708480,828928
AVAD/V39_Guitar4,AVAD,policy:human_k16_seed440829,batch1,9,12,105879552,106708480,828928
AVAD/V39_Guitar4,AVAD,policy:human_k16_seed440829,batch1,9,13,105879552,106708480,828928
AVAD/V39_Guitar4,AVAD,policy:human_k16_seed440829,batch1,9,14,105879552,106708480,828928
AVAD/V39_Guitar4,AVAD,policy:human_k16_seed440829,batch1,9,15,105879552,106708480,828928
AVAD/V39_Guitar4,AVAD,policy:human_k16_seed440830,batch1,0,0,105879552,106708480,828928
AVAD/V39_Guitar4,AVAD,policy:human_k16_seed440830,batch1,0,1,105879552,106708480,828928
AVAD/V39_Guitar4,AVAD,policy:human_k16_seed440830,batch1,0,2,105879552,106708480,828928
AVAD/V39_Guitar4,AVAD,policy:human_k16_seed440830,batch1,0,3,105879552,106708480,828928
AVAD/V39_Guitar4,AVAD,policy:human_k16_seed440830,batch1,0,4,105879552,106708480,828928
AVAD/V39_Guitar4,AVAD,policy:human_k16_seed440830,batch1,0,5,105879552,106708480,828928
AVAD/V39_Guitar4,AVAD,policy:human_k16_seed440830,batch1,0,6,105879552,106708480,828928
AVAD/V39_Guitar4,AVAD,policy:human_k16_seed440830,batch1,0,7,105879552,106708480,828928
AVAD/V39_Guitar4,AVAD,policy:human_k16_seed440830,batch1,0,8,105879552,106708480,828928
AVAD/V39_Guitar4,AVAD,policy:human_k16_seed440830,batch1,0,9,105879552,106708480,828928
AVAD/V39_Guitar4,AVAD,policy:human_k16_seed440830,batch1,0,10,105879552,106708480,828928
AVAD/V39_Guitar4,AVAD,policy:human_k16_seed440830,batch1,0,11,105879552,106708480,828928
AVAD/V39_Guitar4,AVAD,policy:human_k16_seed440830,batch1,0,12,105879552,106708480,828928
AVAD/V39_Guitar4,AVAD,policy:human_k16_seed440830,batch1,0,13,105879552,106708480,828928
AVAD/V39_Guitar4,AVAD,policy:human_k16_seed440830,batch1,0,14,105879552,106708480,828928
AVAD/V39_Guitar4,AVAD,policy:human_k16_seed440830,batch1,0,15,105879552,106708480,828928
AVAD/V39_Guitar4,AVAD,policy:human_k16_seed440830,batch1,1,0,105879552,106708480,828928
AVAD/V39_Guitar4,AVAD,policy:human_k16_seed440830,batch1,1,1,105879552,106708480,828928
AVAD/V39_Guitar4,AVAD,policy:human_k16_seed440830,batch1,1,2,105879552,106708480,828928
AVAD/V39_Guitar4,AVAD,policy:human_k16_seed440830,batch1,1,3,105879552,106708480,828928
AVAD/V39_Guitar4,AVAD,policy:human_k16_seed440830,batch1,1,4,105879552,106708480,828928
AVAD/V39_Guitar4,AVAD,policy:human_k16_seed440830,batch1,1,5,105879552,106708480,828928
AVAD/V39_Guitar4,AVAD,policy:human_k16_seed440830,batch1,1,6,105879552,106708480,828928
AVAD/V39_Guitar4,AVAD,policy:human_k16_seed440830,batch1,1,7,105879552,106708480,828928
AVAD/V39_Guitar4,AVAD,policy:human_k16_seed440830,batch1,1,8,105879552,106708480,828928
AVAD/V39_Guitar4,AVAD,policy:human_k16_seed440830,batch1,1,9,105879552,106708480,828928
AVAD/V39_Guitar4,AVAD,policy:human_k16_seed440830,batch1,1,10,105879552,106708480,828928
AVAD/V39_Guitar4,AVAD,policy:human_k16_seed440830,batch1,1,11,105879552,106708480,828928
AVAD/V39_Guitar4,AVAD,policy:human_k16_seed440830,batch1,1,12,105879552,106708480,828928
AVAD/V39_Guitar4,AVAD,policy:human_k16_seed440830,batch1,1,13,105879552,106708480,828928
AVAD/V39_Guitar4,AVAD,policy:human_k16_seed440830,batch1,1,14,105879552,106708480,828928
AVAD/V39_Guitar4,AVAD,policy:human_k16_seed440830,batch1,1,15,105879552,106708480,828928
AVAD/V39_Guitar4,AVAD,policy:human_k16_seed440830,batch1,2,0,105879552,106708480,828928
AVAD/V39_Guitar4,AVAD,policy:human_k16_seed440830,batch1,2,1,105879552,106708480,828928
AVAD/V39_Guitar4,AVAD,policy:human_k16_seed440830,batch1,2,2,105879552,106708480,828928
AVAD/V39_Guitar4,AVAD,policy:human_k16_seed440830,batch1,2,3,105879552,106708480,828928
AVAD/V39_Guitar4,AVAD,policy:human_k16_seed440830,batch1,2,4,105879552,106708480,828928
AVAD/V39_Guitar4,AVAD,policy:human_k16_seed440830,batch1,2,5,105879552,106708480,828928
AVAD/V39_Guitar4,AVAD,policy:human_k16_seed440830,batch1,2,6,105879552,106708480,828928
AVAD/V39_Guitar4,AVAD,policy:human_k16_seed440830,batch1,2,7,105879552,106708480,828928
AVAD/V39_Guitar4,AVAD,policy:human_k16_seed440830,batch1,2,8,105879552,106708480,828928
AVAD/V39_Guitar4,AVAD,policy:human_k16_seed440830,batch1,2,9,105879552,106708480,828928
AVAD/V39_Guitar4,AVAD,policy:human_k16_seed440830,batch1,2,10,105879552,106708480,828928
AVAD/V39_Guitar4,AVAD,policy:human_k16_seed440830,batch1,2,11,105879552,106708480,828928
AVAD/V39_Guitar4,AVAD,policy:human_k16_seed440830,batch1,2,12,105879552,106708480,828928
AVAD/V39_Guitar4,AVAD,policy:human_k16_seed440830,batch1,2,13,105879552,106708480,828928
AVAD/V39_Guitar4,AVAD,policy:human_k16_seed440830,batch1,2,14,105879552,106708480,828928
AVAD/V39_Guitar4,AVAD,policy:human_k16_seed440830,batch1,2,15,105879552,106708480,828928
AVAD/V39_Guitar4,AVAD,policy:human_k16_seed440830,batch1,3,0,105879552,106708480,828928
AVAD/V39_Guitar4,AVAD,policy:human_k16_seed440830,batch1,3,1,105879552,106708480,828928
AVAD/V39_Guitar4,AVAD,policy:human_k16_seed440830,batch1,3,2,105879552,106708480,828928
AVAD/V39_Guitar4,AVAD,policy:human_k16_seed440830,batch1,3,3,105879552,106708480,828928
AVAD/V39_Guitar4,AVAD,policy:human_k16_seed440830,batch1,3,4,105879552,106708480,828928
AVAD/V39_Guitar4,AVAD,policy:human_k16_seed440830,batch1,3,5,105879552,106708480,828928
AVAD/V39_Guitar4,AVAD,policy:human_k16_seed440830,batch1,3,6,105879552,106708480,828928
AVAD/V39_Guitar4,AVAD,policy:human_k16_seed440830,batch1,3,7,105879552,106708480,828928
AVAD/V39_Guitar4,AVAD,policy:human_k16_seed440830,batch1,3,8,105879552,106708480,828928
AVAD/V39_Guitar4,AVAD,policy:human_k16_seed440830,batch1,3,9,105879552,106708480,828928
AVAD/V39_Guitar4,AVAD,policy:human_k16_seed440830,batch1,3,10,105879552,106708480,828928
AVAD/V39_Guitar4,AVAD,policy:human_k16_seed440830,batch1,3,11,105879552,106708480,828928
AVAD/V39_Guitar4,AVAD,policy:human_k16_seed440830,batch1,3,12,105879552,106708480,828928
AVAD/V39_Guitar4,AVAD,policy:human_k16_seed440830,batch1,3,13,105879552,106708480,828928
AVAD/V39_Guitar4,AVAD,policy:human_k16_seed440830,batch1,3,14,105879552,106708480,828928
AVAD/V39_Guitar4,AVAD,policy:human_k16_seed440830,batch1,3,15,105879552,106708480,828928
AVAD/V39_Guitar4,AVAD,policy:human_k16_seed440830,batch1,4,0,105879552,106708480,828928
AVAD/V39_Guitar4,AVAD,policy:human_k16_seed440830,batch1,4,1,105879552,106708480,828928
AVAD/V39_Guitar4,AVAD,policy:human_k16_seed440830,batch1,4,2,105879552,106708480,828928
AVAD/V39_Guitar4,AVAD,policy:human_k16_seed440830,batch1,4,3,105879552,106708480,828928
AVAD/V39_Guitar4,AVAD,policy:human_k16_seed440830,batch1,4,4,105879552,106708480,828928
AVAD/V39_Guitar4,AVAD,policy:human_k16_seed440830,batch1,4,5,105879552,106708480,828928
AVAD/V39_Guitar4,AVAD,policy:human_k16_seed440830,batch1,4,6,105879552,106708480,828928
AVAD/V39_Guitar4,AVAD,policy:human_k16_seed440830,batch1,4,7,105879552,106708480,828928
AVAD/V39_Guitar4,AVAD,policy:human_k16_seed440830,batch1,4,8,105879552,106708480,828928
AVAD/V39_Guitar4,AVAD,policy:human_k16_seed440830,batch1,4,9,105879552,106708480,828928
AVAD/V39_Guitar4,AVAD,policy:human_k16_seed440830,batch1,4,10,105879552,106708480,828928
AVAD/V39_Guitar4,AVAD,policy:human_k16_seed440830,batch1,4,11,105879552,106708480,828928
AVAD/V39_Guitar4,AVAD,policy:human_k16_seed440830,batch1,4,12,105879552,106708480,828928
AVAD/V39_Guitar4,AVAD,policy:human_k16_seed440830,batch1,4,13,105879552,106708480,828928
AVAD/V39_Guitar4,AVAD,policy:human_k16_seed440830,batch1,4,14,105879552,106708480,828928
AVAD/V39_Guitar4,AVAD,policy:human_k16_seed440830,batch1,4,15,105879552,106708480,828928
AVAD/V39_Guitar4,AVAD,policy:human_k16_seed440830,batch1,5,0,105879552,106708480,828928
AVAD/V39_Guitar4,AVAD,policy:human_k16_seed440830,batch1,5,1,105879552,106708480,828928
AVAD/V39_Guitar4,AVAD,policy:human_k16_seed440830,batch1,5,2,105879552,106708480,828928
AVAD/V39_Guitar4,AVAD,policy:human_k16_seed440830,batch1,5,3,105879552,106708480,828928
AVAD/V39_Guitar4,AVAD,policy:human_k16_seed440830,batch1,5,4,105879552,106708480,828928
AVAD/V39_Guitar4,AVAD,policy:human_k16_seed440830,batch1,5,5,105879552,106708480,828928
AVAD/V39_Guitar4,AVAD,policy:human_k16_seed440830,batch1,5,6,105879552,106708480,828928
AVAD/V39_Guitar4,AVAD,policy:human_k16_seed440830,batch1,5,7,105879552,106708480,828928
AVAD/V39_Guitar4,AVAD,policy:human_k16_seed440830,batch1,5,8,105879552,106708480,828928
AVAD/V39_Guitar4,AVAD,policy:human_k16_seed440830,batch1,5,9,105879552,106708480,828928
AVAD/V39_Guitar4,AVAD,policy:human_k16_seed440830,batch1,5,10,105879552,106708480,828928
AVAD/V39_Guitar4,AVAD,policy:human_k16_seed440830,batch1,5,11,105879552,106708480,828928
AVAD/V39_Guitar4,AVAD,policy:human_k16_seed440830,batch1,5,12,105879552,106708480,828928
AVAD/V39_Guitar4,AVAD,policy:human_k16_seed440830,batch1,5,13,105879552,106708480,828928
AVAD/V39_Guitar4,AVAD,policy:human_k16_seed440830,batch1,5,14,105879552,106708480,828928
AVAD/V39_Guitar4,AVAD,policy:human_k16_seed440830,batch1,5,15,105879552,106708480,828928
AVAD/V39_Guitar4,AVAD,policy:human_k16_seed440830,batch1,6,0,105879552,106708480,828928
AVAD/V39_Guitar4,AVAD,policy:human_k16_seed440830,batch1,6,1,105879552,106708480,828928
AVAD/V39_Guitar4,AVAD,policy:human_k16_seed440830,batch1,6,2,105879552,106708480,828928
AVAD/V39_Guitar4,AVAD,policy:human_k16_seed440830,batch1,6,3,105879552,106708480,828928
AVAD/V39_Guitar4,AVAD,policy:human_k16_seed440830,batch1,6,4,105879552,106708480,828928
AVAD/V39_Guitar4,AVAD,policy:human_k16_seed440830,batch1,6,5,105879552,106708480,828928
AVAD/V39_Guitar4,AVAD,policy:human_k16_seed440830,batch1,6,6,105879552,106708480,828928
AVAD/V39_Guitar4,AVAD,policy:human_k16_seed440830,batch1,6,7,105879552,106708480,828928
AVAD/V39_Guitar4,AVAD,policy:human_k16_seed440830,batch1,6,8,105879552,106708480,828928
AVAD/V39_Guitar4,AVAD,policy:human_k16_seed440830,batch1,6,9,105879552,106708480,828928
AVAD/V39_Guitar4,AVAD,policy:human_k16_seed440830,batch1,6,10,105879552,106708480,828928
AVAD/V39_Guitar4,AVAD,policy:human_k16_seed440830,batch1,6,11,105879552,106708480,828928
AVAD/V39_Guitar4,AVAD,policy:human_k16_seed440830,batch1,6,12,105879552,106708480,828928
AVAD/V39_Guitar4,AVAD,policy:human_k16_seed440830,batch1,6,13,105879552,106708480,828928
AVAD/V39_Guitar4,AVAD,policy:human_k16_seed440830,batch1,6,14,105879552,106708480,828928
AVAD/V39_Guitar4,AVAD,policy:human_k16_seed440830,batch1,6,15,105879552,106708480,828928
AVAD/V39_Guitar4,AVAD,policy:human_k16_seed440830,batch1,7,0,105879552,106708480,828928
AVAD/V39_Guitar4,AVAD,policy:human_k16_seed440830,batch1,7,1,105879552,106708480,828928
AVAD/V39_Guitar4,AVAD,policy:human_k16_seed440830,batch1,7,2,105879552,106708480,828928
AVAD/V39_Guitar4,AVAD,policy:human_k16_seed440830,batch1,7,3,105879552,106708480,828928
AVAD/V39_Guitar4,AVAD,policy:human_k16_seed440830,batch1,7,4,105879552,106708480,828928
AVAD/V39_Guitar4,AVAD,policy:human_k16_seed440830,batch1,7,5,105879552,106708480,828928
AVAD/V39_Guitar4,AVAD,policy:human_k16_seed440830,batch1,7,6,105879552,106708480,828928
AVAD/V39_Guitar4,AVAD,policy:human_k16_seed440830,batch1,7,7,105879552,106708480,828928
AVAD/V39_Guitar4,AVAD,policy:human_k16_seed440830,batch1,7,8,105879552,106708480,828928
AVAD/V39_Guitar4,AVAD,policy:human_k16_seed440830,batch1,7,9,105879552,106708480,828928
AVAD/V39_Guitar4,AVAD,policy:human_k16_seed440830,batch1,7,10,105879552,106708480,828928
AVAD/V39_Guitar4,AVAD,policy:human_k16_seed440830,batch1,7,11,105879552,106708480,828928
AVAD/V39_Guitar4,AVAD,policy:human_k16_seed440830,batch1,7,12,105879552,106708480,828928
AVAD/V39_Guitar4,AVAD,policy:human_k16_seed440830,batch1,7,13,105879552,106708480,828928
AVAD/V39_Guitar4,AVAD,policy:human_k16_seed440830,batch1,7,14,105879552,106708480,828928
AVAD/V39_Guitar4,AVAD,policy:human_k16_seed440830,batch1,7,15,105879552,106708480,828928
AVAD/V39_Guitar4,AVAD,policy:human_k16_seed440830,batch1,8,0,105879552,106708480,828928
AVAD/V39_Guitar4,AVAD,policy:human_k16_seed440830,batch1,8,1,105879552,106708480,828928
AVAD/V39_Guitar4,AVAD,policy:human_k16_seed440830,batch1,8,2,105879552,106708480,828928
AVAD/V39_Guitar4,AVAD,policy:human_k16_seed440830,batch1,8,3,105879552,106708480,828928
AVAD/V39_Guitar4,AVAD,policy:human_k16_seed440830,batch1,8,4,105879552,106708480,828928
AVAD/V39_Guitar4,AVAD,policy:human_k16_seed440830,batch1,8,5,105879552,106708480,828928
AVAD/V39_Guitar4,AVAD,policy:human_k16_seed440830,batch1,8,6,105879552,106708480,828928
AVAD/V39_Guitar4,AVAD,policy:human_k16_seed440830,batch1,8,7,105879552,106708480,828928
AVAD/V39_Guitar4,AVAD,policy:human_k16_seed440830,batch1,8,8,105879552,106708480,828928
AVAD/V39_Guitar4,AVAD,policy:human_k16_seed440830,batch1,8,9,105879552,106708480,828928
AVAD/V39_Guitar4,AVAD,policy:human_k16_seed440830,batch1,8,10,105879552,106708480,828928
AVAD/V39_Guitar4,AVAD,policy:human_k16_seed440830,batch1,8,11,105879552,106708480,828928
AVAD/V39_Guitar4,AVAD,policy:human_k16_seed440830,batch1,8,12,105879552,106708480,828928
AVAD/V39_Guitar4,AVAD,policy:human_k16_seed440830,batch1,8,13,105879552,106708480,828928
AVAD/V39_Guitar4,AVAD,policy:human_k16_seed440830,batch1,8,14,105879552,106708480,828928
AVAD/V39_Guitar4,AVAD,policy:human_k16_seed440830,batch1,8,15,105879552,106708480,828928
AVAD/V39_Guitar4,AVAD,policy:human_k16_seed440830,batch1,9,0,105879552,106708480,828928
AVAD/V39_Guitar4,AVAD,policy:human_k16_seed440830,batch1,9,1,105879552,106708480,828928
AVAD/V39_Guitar4,AVAD,policy:human_k16_seed440830,batch1,9,2,105879552,106708480,828928
AVAD/V39_Guitar4,AVAD,policy:human_k16_seed440830,batch1,9,3,105879552,106708480,828928
AVAD/V39_Guitar4,AVAD,policy:human_k16_seed440830,batch1,9,4,105879552,106708480,828928
AVAD/V39_Guitar4,AVAD,policy:human_k16_seed440830,batch1,9,5,105879552,106708480,828928
AVAD/V39_Guitar4,AVAD,policy:human_k16_seed440830,batch1,9,6,105879552,106708480,828928
AVAD/V39_Guitar4,AVAD,policy:human_k16_seed440830,batch1,9,7,105879552,106708480,828928
AVAD/V39_Guitar4,AVAD,policy:human_k16_seed440830,batch1,9,8,105879552,106708480,828928
AVAD/V39_Guitar4,AVAD,policy:human_k16_seed440830,batch1,9,9,105879552,106708480,828928
AVAD/V39_Guitar4,AVAD,policy:human_k16_seed440830,batch1,9,10,105879552,106708480,828928
AVAD/V39_Guitar4,AVAD,policy:human_k16_seed440830,batch1,9,11,105879552,106708480,828928
AVAD/V39_Guitar4,AVAD,policy:human_k16_seed440830,batch1,9,12,105879552,106708480,828928
AVAD/V39_Guitar4,AVAD,policy:human_k16_seed440830,batch1,9,13,105879552,106708480,828928
AVAD/V39_Guitar4,AVAD,policy:human_k16_seed440830,batch1,9,14,105879552,106708480,828928
AVAD/V39_Guitar4,AVAD,policy:human_k16_seed440830,batch1,9,15,105879552,106708480,828928
AVAD/V39_Guitar4,AVAD,policy:human_k16_seed440831,batch1,0,0,105879552,106708480,828928
AVAD/V39_Guitar4,AVAD,policy:human_k16_seed440831,batch1,0,1,105879552,106708480,828928
AVAD/V39_Guitar4,AVAD,policy:human_k16_seed440831,batch1,0,2,105879552,106708480,828928
AVAD/V39_Guitar4,AVAD,policy:human_k16_seed440831,batch1,0,3,105879552,106708480,828928
AVAD/V39_Guitar4,AVAD,policy:human_k16_seed440831,batch1,0,4,105879552,106708480,828928
AVAD/V39_Guitar4,AVAD,policy:human_k16_seed440831,batch1,0,5,105879552,106708480,828928
AVAD/V39_Guitar4,AVAD,policy:human_k16_seed440831,batch1,0,6,105879552,106708480,828928
AVAD/V39_Guitar4,AVAD,policy:human_k16_seed440831,batch1,0,7,105879552,106708480,828928
AVAD/V39_Guitar4,AVAD,policy:human_k16_seed440831,batch1,0,8,105879552,106708480,828928
AVAD/V39_Guitar4,AVAD,policy:human_k16_seed440831,batch1,0,9,105879552,106708480,828928
AVAD/V39_Guitar4,AVAD,policy:human_k16_seed440831,batch1,0,10,105879552,106708480,828928
AVAD/V39_Guitar4,AVAD,policy:human_k16_seed440831,batch1,0,11,105879552,106708480,828928
AVAD/V39_Guitar4,AVAD,policy:human_k16_seed440831,batch1,0,12,105879552,106708480,828928
AVAD/V39_Guitar4,AVAD,policy:human_k16_seed440831,batch1,0,13,105879552,106708480,828928
AVAD/V39_Guitar4,AVAD,policy:human_k16_seed440831,batch1,0,14,105879552,106708480,828928
AVAD/V39_Guitar4,AVAD,policy:human_k16_seed440831,batch1,0,15,105879552,106708480,828928
AVAD/V39_Guitar4,AVAD,policy:human_k16_seed440831,batch1,1,0,105879552,106708480,828928
AVAD/V39_Guitar4,AVAD,policy:human_k16_seed440831,batch1,1,1,105879552,106708480,828928
AVAD/V39_Guitar4,AVAD,policy:human_k16_seed440831,batch1,1,2,105879552,106708480,828928
AVAD/V39_Guitar4,AVAD,policy:human_k16_seed440831,batch1,1,3,105879552,106708480,828928
AVAD/V39_Guitar4,AVAD,policy:human_k16_seed440831,batch1,1,4,105879552,106708480,828928
AVAD/V39_Guitar4,AVAD,policy:human_k16_seed440831,batch1,1,5,105879552,106708480,828928
AVAD/V39_Guitar4,AVAD,policy:human_k16_seed440831,batch1,1,6,105879552,106708480,828928
AVAD/V39_Guitar4,AVAD,policy:human_k16_seed440831,batch1,1,7,105879552,106708480,828928
AVAD/V39_Guitar4,AVAD,policy:human_k16_seed440831,batch1,1,8,105879552,106708480,828928
AVAD/V39_Guitar4,AVAD,policy:human_k16_seed440831,batch1,1,9,105879552,106708480,828928
AVAD/V39_Guitar4,AVAD,policy:human_k16_seed440831,batch1,1,10,105879552,106708480,828928
AVAD/V39_Guitar4,AVAD,policy:human_k16_seed440831,batch1,1,11,105879552,106708480,828928
AVAD/V39_Guitar4,AVAD,policy:human_k16_seed440831,batch1,1,12,105879552,106708480,828928
AVAD/V39_Guitar4,AVAD,policy:human_k16_seed440831,batch1,1,13,105879552,106708480,828928
AVAD/V39_Guitar4,AVAD,policy:human_k16_seed440831,batch1,1,14,105879552,106708480,828928
AVAD/V39_Guitar4,AVAD,policy:human_k16_seed440831,batch1,1,15,105879552,106708480,828928
AVAD/V39_Guitar4,AVAD,policy:human_k16_seed440831,batch1,2,0,105879552,106708480,828928
AVAD/V39_Guitar4,AVAD,policy:human_k16_seed440831,batch1,2,1,105879552,106708480,828928
AVAD/V39_Guitar4,AVAD,policy:human_k16_seed440831,batch1,2,2,105879552,106708480,828928
AVAD/V39_Guitar4,AVAD,policy:human_k16_seed440831,batch1,2,3,105879552,106708480,828928
AVAD/V39_Guitar4,AVAD,policy:human_k16_seed440831,batch1,2,4,105879552,106708480,828928
AVAD/V39_Guitar4,AVAD,policy:human_k16_seed440831,batch1,2,5,105879552,106708480,828928
AVAD/V39_Guitar4,AVAD,policy:human_k16_seed440831,batch1,2,6,105879552,106708480,828928
AVAD/V39_Guitar4,AVAD,policy:human_k16_seed440831,batch1,2,7,105879552,106708480,828928
AVAD/V39_Guitar4,AVAD,policy:human_k16_seed440831,batch1,2,8,105879552,106708480,828928
AVAD/V39_Guitar4,AVAD,policy:human_k16_seed440831,batch1,2,9,105879552,106708480,828928
AVAD/V39_Guitar4,AVAD,policy:human_k16_seed440831,batch1,2,10,105879552,106708480,828928
AVAD/V39_Guitar4,AVAD,policy:human_k16_seed440831,batch1,2,11,105879552,106708480,828928
AVAD/V39_Guitar4,AVAD,policy:human_k16_seed440831,batch1,2,12,105879552,106708480,828928
AVAD/V39_Guitar4,AVAD,policy:human_k16_seed440831,batch1,2,13,105879552,106708480,828928
AVAD/V39_Guitar4,AVAD,policy:human_k16_seed440831,batch1,2,14,105879552,106708480,828928
AVAD/V39_Guitar4,AVAD,policy:human_k16_seed440831,batch1,2,15,105879552,106708480,828928
AVAD/V39_Guitar4,AVAD,policy:human_k16_seed440831,batch1,3,0,105879552,106708480,828928
AVAD/V39_Guitar4,AVAD,policy:human_k16_seed440831,batch1,3,1,105879552,106708480,828928
AVAD/V39_Guitar4,AVAD,policy:human_k16_seed440831,batch1,3,2,105879552,106708480,828928
AVAD/V39_Guitar4,AVAD,policy:human_k16_seed440831,batch1,3,3,105879552,106708480,828928
AVAD/V39_Guitar4,AVAD,policy:human_k16_seed440831,batch1,3,4,105879552,106708480,828928
AVAD/V39_Guitar4,AVAD,policy:human_k16_seed440831,batch1,3,5,105879552,106708480,828928
AVAD/V39_Guitar4,AVAD,policy:human_k16_seed440831,batch1,3,6,105879552,106708480,828928
AVAD/V39_Guitar4,AVAD,policy:human_k16_seed440831,batch1,3,7,105879552,106708480,828928
AVAD/V39_Guitar4,AVAD,policy:human_k16_seed440831,batch1,3,8,105879552,106708480,828928
AVAD/V39_Guitar4,AVAD,policy:human_k16_seed440831,batch1,3,9,105879552,106708480,828928
AVAD/V39_Guitar4,AVAD,policy:human_k16_seed440831,batch1,3,10,105879552,106708480,828928
AVAD/V39_Guitar4,AVAD,policy:human_k16_seed440831,batch1,3,11,105879552,106708480,828928
AVAD/V39_Guitar4,AVAD,policy:human_k16_seed440831,batch1,3,12,105879552,106708480,828928
AVAD/V39_Guitar4,AVAD,policy:human_k16_seed440831,batch1,3,13,105879552,106708480,828928
AVAD/V39_Guitar4,AVAD,policy:human_k16_seed440831,batch1,3,14,105879552,106708480,828928
AVAD/V39_Guitar4,AVAD,policy:human_k16_seed440831,batch1,3,15,105879552,106708480,828928
AVAD/V39_Guitar4,AVAD,policy:human_k16_seed440831,batch1,4,0,105879552,106708480,828928
AVAD/V39_Guitar4,AVAD,policy:human_k16_seed440831,batch1,4,1,105879552,106708480,828928
AVAD/V39_Guitar4,AVAD,policy:human_k16_seed440831,batch1,4,2,105879552,106708480,828928
AVAD/V39_Guitar4,AVAD,policy:human_k16_seed440831,batch1,4,3,105879552,106708480,828928
AVAD/V39_Guitar4,AVAD,policy:human_k16_seed440831,batch1,4,4,105879552,106708480,828928
AVAD/V39_Guitar4,AVAD,policy:human_k16_seed440831,batch1,4,5,105879552,106708480,828928
AVAD/V39_Guitar4,AVAD,policy:human_k16_seed440831,batch1,4,6,105879552,106708480,828928
AVAD/V39_Guitar4,AVAD,policy:human_k16_seed440831,batch1,4,7,105879552,106708480,828928
AVAD/V39_Guitar4,AVAD,policy:human_k16_seed440831,batch1,4,8,105879552,106708480,828928
AVAD/V39_Guitar4,AVAD,policy:human_k16_seed440831,batch1,4,9,105879552,106708480,828928
AVAD/V39_Guitar4,AVAD,policy:human_k16_seed440831,batch1,4,10,105879552,106708480,828928
AVAD/V39_Guitar4,AVAD,policy:human_k16_seed440831,batch1,4,11,105879552,106708480,828928
AVAD/V39_Guitar4,AVAD,policy:human_k16_seed440831,batch1,4,12,105879552,106708480,828928
AVAD/V39_Guitar4,AVAD,policy:human_k16_seed440831,batch1,4,13,105879552,106708480,828928
AVAD/V39_Guitar4,AVAD,policy:human_k16_seed440831,batch1,4,14,105879552,106708480,828928
AVAD/V39_Guitar4,AVAD,policy:human_k16_seed440831,batch1,4,15,105879552,106708480,828928
AVAD/V39_Guitar4,AVAD,policy:human_k16_seed440831,batch1,5,0,105879552,106708480,828928
AVAD/V39_Guitar4,AVAD,policy:human_k16_seed440831,batch1,5,1,105879552,106708480,828928
AVAD/V39_Guitar4,AVAD,policy:human_k16_seed440831,batch1,5,2,105879552,106708480,828928
AVAD/V39_Guitar4,AVAD,policy:human_k16_seed440831,batch1,5,3,105879552,106708480,828928
AVAD/V39_Guitar4,AVAD,policy:human_k16_seed440831,batch1,5,4,105879552,106708480,828928
AVAD/V39_Guitar4,AVAD,policy:human_k16_seed440831,batch1,5,5,105879552,106708480,828928
AVAD/V39_Guitar4,AVAD,policy:human_k16_seed440831,batch1,5,6,105879552,106708480,828928
AVAD/V39_Guitar4,AVAD,policy:human_k16_seed440831,batch1,5,7,105879552,106708480,828928
AVAD/V39_Guitar4,AVAD,policy:human_k16_seed440831,batch1,5,8,105879552,106708480,828928
AVAD/V39_Guitar4,AVAD,policy:human_k16_seed440831,batch1,5,9,105879552,106708480,828928
AVAD/V39_Guitar4,AVAD,policy:human_k16_seed440831,batch1,5,10,105879552,106708480,828928
AVAD/V39_Guitar4,AVAD,policy:human_k16_seed440831,batch1,5,11,105879552,106708480,828928
AVAD/V39_Guitar4,AVAD,policy:human_k16_seed440831,batch1,5,12,105879552,106708480,828928
AVAD/V39_Guitar4,AVAD,policy:human_k16_seed440831,batch1,5,13,105879552,106708480,828928
AVAD/V39_Guitar4,AVAD,policy:human_k16_seed440831,batch1,5,14,105879552,106708480,828928
AVAD/V39_Guitar4,AVAD,policy:human_k16_seed440831,batch1,5,15,105879552,106708480,828928
AVAD/V39_Guitar4,AVAD,policy:human_k16_seed440831,batch1,6,0,105879552,106708480,828928
AVAD/V39_Guitar4,AVAD,policy:human_k16_seed440831,batch1,6,1,105879552,106708480,828928
AVAD/V39_Guitar4,AVAD,policy:human_k16_seed440831,batch1,6,2,105879552,106708480,828928
AVAD/V39_Guitar4,AVAD,policy:human_k16_seed440831,batch1,6,3,105879552,106708480,828928
AVAD/V39_Guitar4,AVAD,policy:human_k16_seed440831,batch1,6,4,105879552,106708480,828928
AVAD/V39_Guitar4,AVAD,policy:human_k16_seed440831,batch1,6,5,105879552,106708480,828928
AVAD/V39_Guitar4,AVAD,policy:human_k16_seed440831,batch1,6,6,105879552,106708480,828928
AVAD/V39_Guitar4,AVAD,policy:human_k16_seed440831,batch1,6,7,105879552,106708480,828928
AVAD/V39_Guitar4,AVAD,policy:human_k16_seed440831,batch1,6,8,105879552,106708480,828928
AVAD/V39_Guitar4,AVAD,policy:human_k16_seed440831,batch1,6,9,105879552,106708480,828928
AVAD/V39_Guitar4,AVAD,policy:human_k16_seed440831,batch1,6,10,105879552,106708480,828928
AVAD/V39_Guitar4,AVAD,policy:human_k16_seed440831,batch1,6,11,105879552,106708480,828928
AVAD/V39_Guitar4,AVAD,policy:human_k16_seed440831,batch1,6,12,105879552,106708480,828928
AVAD/V39_Guitar4,AVAD,policy:human_k16_seed440831,batch1,6,13,105879552,106708480,828928
AVAD/V39_Guitar4,AVAD,policy:human_k16_seed440831,batch1,6,14,105879552,106708480,828928
AVAD/V39_Guitar4,AVAD,policy:human_k16_seed440831,batch1,6,15,105879552,106708480,828928
AVAD/V39_Guitar4,AVAD,policy:human_k16_seed440831,batch1,7,0,105879552,106708480,828928
AVAD/V39_Guitar4,AVAD,policy:human_k16_seed440831,batch1,7,1,105879552,106708480,828928
AVAD/V39_Guitar4,AVAD,policy:human_k16_seed440831,batch1,7,2,105879552,106708480,828928
AVAD/V39_Guitar4,AVAD,policy:human_k16_seed440831,batch1,7,3,105879552,106708480,828928
AVAD/V39_Guitar4,AVAD,policy:human_k16_seed440831,batch1,7,4,105879552,106708480,828928
AVAD/V39_Guitar4,AVAD,policy:human_k16_seed440831,batch1,7,5,105879552,106708480,828928
AVAD/V39_Guitar4,AVAD,policy:human_k16_seed440831,batch1,7,6,105879552,106708480,828928
AVAD/V39_Guitar4,AVAD,policy:human_k16_seed440831,batch1,7,7,105879552,106708480,828928
AVAD/V39_Guitar4,AVAD,policy:human_k16_seed440831,batch1,7,8,105879552,106708480,828928
AVAD/V39_Guitar4,AVAD,policy:human_k16_seed440831,batch1,7,9,105879552,106708480,828928
AVAD/V39_Guitar4,AVAD,policy:human_k16_seed440831,batch1,7,10,105879552,106708480,828928
AVAD/V39_Guitar4,AVAD,policy:human_k16_seed440831,batch1,7,11,105879552,106708480,828928
AVAD/V39_Guitar4,AVAD,policy:human_k16_seed440831,batch1,7,12,105879552,106708480,828928
AVAD/V39_Guitar4,AVAD,policy:human_k16_seed440831,batch1,7,13,105879552,106708480,828928
AVAD/V39_Guitar4,AVAD,policy:human_k16_seed440831,batch1,7,14,105879552,106708480,828928
AVAD/V39_Guitar4,AVAD,policy:human_k16_seed440831,batch1,7,15,105879552,106708480,828928
AVAD/V39_Guitar4,AVAD,policy:human_k16_seed440831,batch1,8,0,105879552,106708480,828928
AVAD/V39_Guitar4,AVAD,policy:human_k16_seed440831,batch1,8,1,105879552,106708480,828928
AVAD/V39_Guitar4,AVAD,policy:human_k16_seed440831,batch1,8,2,105879552,106708480,828928
AVAD/V39_Guitar4,AVAD,policy:human_k16_seed440831,batch1,8,3,105879552,106708480,828928
AVAD/V39_Guitar4,AVAD,policy:human_k16_seed440831,batch1,8,4,105879552,106708480,828928
AVAD/V39_Guitar4,AVAD,policy:human_k16_seed440831,batch1,8,5,105879552,106708480,828928
AVAD/V39_Guitar4,AVAD,policy:human_k16_seed440831,batch1,8,6,105879552,106708480,828928
AVAD/V39_Guitar4,AVAD,policy:human_k16_seed440831,batch1,8,7,105879552,106708480,828928
AVAD/V39_Guitar4,AVAD,policy:human_k16_seed440831,batch1,8,8,105879552,106708480,828928
AVAD/V39_Guitar4,AVAD,policy:human_k16_seed440831,batch1,8,9,105879552,106708480,828928
AVAD/V39_Guitar4,AVAD,policy:human_k16_seed440831,batch1,8,10,105879552,106708480,828928
AVAD/V39_Guitar4,AVAD,policy:human_k16_seed440831,batch1,8,11,105879552,106708480,828928
AVAD/V39_Guitar4,AVAD,policy:human_k16_seed440831,batch1,8,12,105879552,106708480,828928
AVAD/V39_Guitar4,AVAD,policy:human_k16_seed440831,batch1,8,13,105879552,106708480,828928
AVAD/V39_Guitar4,AVAD,policy:human_k16_seed440831,batch1,8,14,105879552,106708480,828928
AVAD/V39_Guitar4,AVAD,policy:human_k16_seed440831,batch1,8,15,105879552,106708480,828928
AVAD/V39_Guitar4,AVAD,policy:human_k16_seed440831,batch1,9,0,105879552,106708480,828928
AVAD/V39_Guitar4,AVAD,policy:human_k16_seed440831,batch1,9,1,105879552,106708480,828928
AVAD/V39_Guitar4,AVAD,policy:human_k16_seed440831,batch1,9,2,105879552,106708480,828928
AVAD/V39_Guitar4,AVAD,policy:human_k16_seed440831,batch1,9,3,105879552,106708480,828928
AVAD/V39_Guitar4,AVAD,policy:human_k16_seed440831,batch1,9,4,105879552,106708480,828928
AVAD/V39_Guitar4,AVAD,policy:human_k16_seed440831,batch1,9,5,105879552,106708480,828928
AVAD/V39_Guitar4,AVAD,policy:human_k16_seed440831,batch1,9,6,105879552,106708480,828928
AVAD/V39_Guitar4,AVAD,policy:human_k16_seed440831,batch1,9,7,105879552,106708480,828928
AVAD/V39_Guitar4,AVAD,policy:human_k16_seed440831,batch1,9,8,105879552,106708480,828928
AVAD/V39_Guitar4,AVAD,policy:human_k16_seed440831,batch1,9,9,105879552,106708480,828928
AVAD/V39_Guitar4,AVAD,policy:human_k16_seed440831,batch1,9,10,105879552,106708480,828928
AVAD/V39_Guitar4,AVAD,policy:human_k16_seed440831,batch1,9,11,105879552,106708480,828928
AVAD/V39_Guitar4,AVAD,policy:human_k16_seed440831,batch1,9,12,105879552,106708480,828928
AVAD/V39_Guitar4,AVAD,policy:human_k16_seed440831,batch1,9,13,105879552,106708480,828928
AVAD/V39_Guitar4,AVAD,policy:human_k16_seed440831,batch1,9,14,105879552,106708480,828928
AVAD/V39_Guitar4,AVAD,policy:human_k16_seed440831,batch1,9,15,105879552,106708480,828928
AVAD/V39_Guitar4,AVAD,policy:pretrained_k16,batch1,0,0,105879552,106708480,828928
AVAD/V39_Guitar4,AVAD,policy:pretrained_k16,batch1,0,1,105879552,106708480,828928
AVAD/V39_Guitar4,AVAD,policy:pretrained_k16,batch1,0,2,105879552,106708480,828928
AVAD/V39_Guitar4,AVAD,policy:pretrained_k16,batch1,0,3,105879552,106708480,828928
AVAD/V39_Guitar4,AVAD,policy:pretrained_k16,batch1,0,4,105879552,106708480,828928
AVAD/V39_Guitar4,AVAD,policy:pretrained_k16,batch1,0,5,105879552,106708480,828928
AVAD/V39_Guitar4,AVAD,policy:pretrained_k16,batch1,0,6,105879552,106708480,828928
AVAD/V39_Guitar4,AVAD,policy:pretrained_k16,batch1,0,7,105879552,106708480,828928
AVAD/V39_Guitar4,AVAD,policy:pretrained_k16,batch1,0,8,105879552,106708480,828928
AVAD/V39_Guitar4,AVAD,policy:pretrained_k16,batch1,0,9,105879552,106708480,828928
AVAD/V39_Guitar4,AVAD,policy:pretrained_k16,batch1,0,10,105879552,106708480,828928
AVAD/V39_Guitar4,AVAD,policy:pretrained_k16,batch1,0,11,105879552,106708480,828928
AVAD/V39_Guitar4,AVAD,policy:pretrained_k16,batch1,0,12,105879552,106708480,828928
AVAD/V39_Guitar4,AVAD,policy:pretrained_k16,batch1,0,13,105879552,106708480,828928
AVAD/V39_Guitar4,AVAD,policy:pretrained_k16,batch1,0,14,105879552,106708480,828928
AVAD/V39_Guitar4,AVAD,policy:pretrained_k16,batch1,0,15,105879552,106708480,828928
AVAD/V39_Guitar4,AVAD,policy:pretrained_k16,batch1,1,0,105879552,106708480,828928
AVAD/V39_Guitar4,AVAD,policy:pretrained_k16,batch1,1,1,105879552,106708480,828928
AVAD/V39_Guitar4,AVAD,policy:pretrained_k16,batch1,1,2,105879552,106708480,828928
AVAD/V39_Guitar4,AVAD,policy:pretrained_k16,batch1,1,3,105879552,106708480,828928
AVAD/V39_Guitar4,AVAD,policy:pretrained_k16,batch1,1,4,105879552,106708480,828928
AVAD/V39_Guitar4,AVAD,policy:pretrained_k16,batch1,1,5,105879552,106708480,828928
AVAD/V39_Guitar4,AVAD,policy:pretrained_k16,batch1,1,6,105879552,106708480,828928
AVAD/V39_Guitar4,AVAD,policy:pretrained_k16,batch1,1,7,105879552,106708480,828928
AVAD/V39_Guitar4,AVAD,policy:pretrained_k16,batch1,1,8,105879552,106708480,828928
AVAD/V39_Guitar4,AVAD,policy:pretrained_k16,batch1,1,9,105879552,106708480,828928
AVAD/V39_Guitar4,AVAD,policy:pretrained_k16,batch1,1,10,105879552,106708480,828928
AVAD/V39_Guitar4,AVAD,policy:pretrained_k16,batch1,1,11,105879552,106708480,828928
AVAD/V39_Guitar4,AVAD,policy:pretrained_k16,batch1,1,12,105879552,106708480,828928
AVAD/V39_Guitar4,AVAD,policy:pretrained_k16,batch1,1,13,105879552,106708480,828928
AVAD/V39_Guitar4,AVAD,policy:pretrained_k16,batch1,1,14,105879552,106708480,828928
AVAD/V39_Guitar4,AVAD,policy:pretrained_k16,batch1,1,15,105879552,106708480,828928
AVAD/V39_Guitar4,AVAD,policy:pretrained_k16,batch1,2,0,105879552,106708480,828928
AVAD/V39_Guitar4,AVAD,policy:pretrained_k16,batch1,2,1,105879552,106708480,828928
AVAD/V39_Guitar4,AVAD,policy:pretrained_k16,batch1,2,2,105879552,106708480,828928
AVAD/V39_Guitar4,AVAD,policy:pretrained_k16,batch1,2,3,105879552,106708480,828928
AVAD/V39_Guitar4,AVAD,policy:pretrained_k16,batch1,2,4,105879552,106708480,828928
AVAD/V39_Guitar4,AVAD,policy:pretrained_k16,batch1,2,5,105879552,106708480,828928
AVAD/V39_Guitar4,AVAD,policy:pretrained_k16,batch1,2,6,105879552,106708480,828928
AVAD/V39_Guitar4,AVAD,policy:pretrained_k16,batch1,2,7,105879552,106708480,828928
AVAD/V39_Guitar4,AVAD,policy:pretrained_k16,batch1,2,8,105879552,106708480,828928
AVAD/V39_Guitar4,AVAD,policy:pretrained_k16,batch1,2,9,105879552,106708480,828928
AVAD/V39_Guitar4,AVAD,policy:pretrained_k16,batch1,2,10,105879552,106708480,828928
AVAD/V39_Guitar4,AVAD,policy:pretrained_k16,batch1,2,11,105879552,106708480,828928
AVAD/V39_Guitar4,AVAD,policy:pretrained_k16,batch1,2,12,105879552,106708480,828928
AVAD/V39_Guitar4,AVAD,policy:pretrained_k16,batch1,2,13,105879552,106708480,828928
AVAD/V39_Guitar4,AVAD,policy:pretrained_k16,batch1,2,14,105879552,106708480,828928
AVAD/V39_Guitar4,AVAD,policy:pretrained_k16,batch1,2,15,105879552,106708480,828928
AVAD/V39_Guitar4,AVAD,policy:pretrained_k16,batch1,3,0,105879552,106708480,828928
AVAD/V39_Guitar4,AVAD,policy:pretrained_k16,batch1,3,1,105879552,106708480,828928
AVAD/V39_Guitar4,AVAD,policy:pretrained_k16,batch1,3,2,105879552,106708480,828928
AVAD/V39_Guitar4,AVAD,policy:pretrained_k16,batch1,3,3,105879552,106708480,828928
AVAD/V39_Guitar4,AVAD,policy:pretrained_k16,batch1,3,4,105879552,106708480,828928
AVAD/V39_Guitar4,AVAD,policy:pretrained_k16,batch1,3,5,105879552,106708480,828928
AVAD/V39_Guitar4,AVAD,policy:pretrained_k16,batch1,3,6,105879552,106708480,828928
AVAD/V39_Guitar4,AVAD,policy:pretrained_k16,batch1,3,7,105879552,106708480,828928
AVAD/V39_Guitar4,AVAD,policy:pretrained_k16,batch1,3,8,105879552,106708480,828928
AVAD/V39_Guitar4,AVAD,policy:pretrained_k16,batch1,3,9,105879552,106708480,828928
AVAD/V39_Guitar4,AVAD,policy:pretrained_k16,batch1,3,10,105879552,106708480,828928
AVAD/V39_Guitar4,AVAD,policy:pretrained_k16,batch1,3,11,105879552,106708480,828928
AVAD/V39_Guitar4,AVAD,policy:pretrained_k16,batch1,3,12,105879552,106708480,828928
AVAD/V39_Guitar4,AVAD,policy:pretrained_k16,batch1,3,13,105879552,106708480,828928
AVAD/V39_Guitar4,AVAD,policy:pretrained_k16,batch1,3,14,105879552,106708480,828928
AVAD/V39_Guitar4,AVAD,policy:pretrained_k16,batch1,3,15,105879552,106708480,828928
AVAD/V39_Guitar4,AVAD,policy:pretrained_k16,batch1,4,0,105879552,106708480,828928
AVAD/V39_Guitar4,AVAD,policy:pretrained_k16,batch1,4,1,105879552,106708480,828928
AVAD/V39_Guitar4,AVAD,policy:pretrained_k16,batch1,4,2,105879552,106708480,828928
AVAD/V39_Guitar4,AVAD,policy:pretrained_k16,batch1,4,3,105879552,106708480,828928
AVAD/V39_Guitar4,AVAD,policy:pretrained_k16,batch1,4,4,105879552,106708480,828928
AVAD/V39_Guitar4,AVAD,policy:pretrained_k16,batch1,4,5,105879552,106708480,828928
AVAD/V39_Guitar4,AVAD,policy:pretrained_k16,batch1,4,6,105879552,106708480,828928
AVAD/V39_Guitar4,AVAD,policy:pretrained_k16,batch1,4,7,105879552,106708480,828928
AVAD/V39_Guitar4,AVAD,policy:pretrained_k16,batch1,4,8,105879552,106708480,828928
AVAD/V39_Guitar4,AVAD,policy:pretrained_k16,batch1,4,9,105879552,106708480,828928
AVAD/V39_Guitar4,AVAD,policy:pretrained_k16,batch1,4,10,105879552,106708480,828928
AVAD/V39_Guitar4,AVAD,policy:pretrained_k16,batch1,4,11,105879552,106708480,828928
AVAD/V39_Guitar4,AVAD,policy:pretrained_k16,batch1,4,12,105879552,106708480,828928
AVAD/V39_Guitar4,AVAD,policy:pretrained_k16,batch1,4,13,105879552,106708480,828928
AVAD/V39_Guitar4,AVAD,policy:pretrained_k16,batch1,4,14,105879552,106708480,828928
AVAD/V39_Guitar4,AVAD,policy:pretrained_k16,batch1,4,15,105879552,106708480,828928
AVAD/V39_Guitar4,AVAD,policy:pretrained_k16,batch1,5,0,105879552,106708480,828928
AVAD/V39_Guitar4,AVAD,policy:pretrained_k16,batch1,5,1,105879552,106708480,828928
AVAD/V39_Guitar4,AVAD,policy:pretrained_k16,batch1,5,2,105879552,106708480,828928
AVAD/V39_Guitar4,AVAD,policy:pretrained_k16,batch1,5,3,105879552,106708480,828928
AVAD/V39_Guitar4,AVAD,policy:pretrained_k16,batch1,5,4,105879552,106708480,828928
AVAD/V39_Guitar4,AVAD,policy:pretrained_k16,batch1,5,5,105879552,106708480,828928
AVAD/V39_Guitar4,AVAD,policy:pretrained_k16,batch1,5,6,105879552,106708480,828928
AVAD/V39_Guitar4,AVAD,policy:pretrained_k16,batch1,5,7,105879552,106708480,828928
AVAD/V39_Guitar4,AVAD,policy:pretrained_k16,batch1,5,8,105879552,106708480,828928
AVAD/V39_Guitar4,AVAD,policy:pretrained_k16,batch1,5,9,105879552,106708480,828928
AVAD/V39_Guitar4,AVAD,policy:pretrained_k16,batch1,5,10,105879552,106708480,828928
AVAD/V39_Guitar4,AVAD,policy:pretrained_k16,batch1,5,11,105879552,106708480,828928
AVAD/V39_Guitar4,AVAD,policy:pretrained_k16,batch1,5,12,105879552,106708480,828928
AVAD/V39_Guitar4,AVAD,policy:pretrained_k16,batch1,5,13,105879552,106708480,828928
AVAD/V39_Guitar4,AVAD,policy:pretrained_k16,batch1,5,14,105879552,106708480,828928
AVAD/V39_Guitar4,AVAD,policy:pretrained_k16,batch1,5,15,105879552,106708480,828928
AVAD/V39_Guitar4,AVAD,policy:pretrained_k16,batch1,6,0,105879552,106708480,828928
AVAD/V39_Guitar4,AVAD,policy:pretrained_k16,batch1,6,1,105879552,106708480,828928
AVAD/V39_Guitar4,AVAD,policy:pretrained_k16,batch1,6,2,105879552,106708480,828928
AVAD/V39_Guitar4,AVAD,policy:pretrained_k16,batch1,6,3,105879552,106708480,828928
AVAD/V39_Guitar4,AVAD,policy:pretrained_k16,batch1,6,4,105879552,106708480,828928
AVAD/V39_Guitar4,AVAD,policy:pretrained_k16,batch1,6,5,105879552,106708480,828928
AVAD/V39_Guitar4,AVAD,policy:pretrained_k16,batch1,6,6,105879552,106708480,828928
AVAD/V39_Guitar4,AVAD,policy:pretrained_k16,batch1,6,7,105879552,106708480,828928
AVAD/V39_Guitar4,AVAD,policy:pretrained_k16,batch1,6,8,105879552,106708480,828928
AVAD/V39_Guitar4,AVAD,policy:pretrained_k16,batch1,6,9,105879552,106708480,828928
AVAD/V39_Guitar4,AVAD,policy:pretrained_k16,batch1,6,10,105879552,106708480,828928
AVAD/V39_Guitar4,AVAD,policy:pretrained_k16,batch1,6,11,105879552,106708480,828928
AVAD/V39_Guitar4,AVAD,policy:pretrained_k16,batch1,6,12,105879552,106708480,828928
AVAD/V39_Guitar4,AVAD,policy:pretrained_k16,batch1,6,13,105879552,106708480,828928
AVAD/V39_Guitar4,AVAD,policy:pretrained_k16,batch1,6,14,105879552,106708480,828928
AVAD/V39_Guitar4,AVAD,policy:pretrained_k16,batch1,6,15,105879552,106708480,828928
AVAD/V39_Guitar4,AVAD,policy:pretrained_k16,batch1,7,0,105879552,106708480,828928
AVAD/V39_Guitar4,AVAD,policy:pretrained_k16,batch1,7,1,105879552,106708480,828928
AVAD/V39_Guitar4,AVAD,policy:pretrained_k16,batch1,7,2,105879552,106708480,828928
AVAD/V39_Guitar4,AVAD,policy:pretrained_k16,batch1,7,3,105879552,106708480,828928
AVAD/V39_Guitar4,AVAD,policy:pretrained_k16,batch1,7,4,105879552,106708480,828928
AVAD/V39_Guitar4,AVAD,policy:pretrained_k16,batch1,7,5,105879552,106708480,828928
AVAD/V39_Guitar4,AVAD,policy:pretrained_k16,batch1,7,6,105879552,106708480,828928
AVAD/V39_Guitar4,AVAD,policy:pretrained_k16,batch1,7,7,105879552,106708480,828928
AVAD/V39_Guitar4,AVAD,policy:pretrained_k16,batch1,7,8,105879552,106708480,828928
AVAD/V39_Guitar4,AVAD,policy:pretrained_k16,batch1,7,9,105879552,106708480,828928
AVAD/V39_Guitar4,AVAD,policy:pretrained_k16,batch1,7,10,105879552,106708480,828928
AVAD/V39_Guitar4,AVAD,policy:pretrained_k16,batch1,7,11,105879552,106708480,828928
AVAD/V39_Guitar4,AVAD,policy:pretrained_k16,batch1,7,12,105879552,106708480,828928
AVAD/V39_Guitar4,AVAD,policy:pretrained_k16,batch1,7,13,105879552,106708480,828928
AVAD/V39_Guitar4,AVAD,policy:pretrained_k16,batch1,7,14,105879552,106708480,828928
AVAD/V39_Guitar4,AVAD,policy:pretrained_k16,batch1,7,15,105879552,106708480,828928
AVAD/V39_Guitar4,AVAD,policy:pretrained_k16,batch1,8,0,105879552,106708480,828928
AVAD/V39_Guitar4,AVAD,policy:pretrained_k16,batch1,8,1,105879552,106708480,828928
AVAD/V39_Guitar4,AVAD,policy:pretrained_k16,batch1,8,2,105879552,106708480,828928
AVAD/V39_Guitar4,AVAD,policy:pretrained_k16,batch1,8,3,105879552,106708480,828928
AVAD/V39_Guitar4,AVAD,policy:pretrained_k16,batch1,8,4,105879552,106708480,828928
AVAD/V39_Guitar4,AVAD,policy:pretrained_k16,batch1,8,5,105879552,106708480,828928
AVAD/V39_Guitar4,AVAD,policy:pretrained_k16,batch1,8,6,105879552,106708480,828928
AVAD/V39_Guitar4,AVAD,policy:pretrained_k16,batch1,8,7,105879552,106708480,828928
AVAD/V39_Guitar4,AVAD,policy:pretrained_k16,batch1,8,8,105879552,106708480,828928
AVAD/V39_Guitar4,AVAD,policy:pretrained_k16,batch1,8,9,105879552,106708480,828928
AVAD/V39_Guitar4,AVAD,policy:pretrained_k16,batch1,8,10,105879552,106708480,828928
AVAD/V39_Guitar4,AVAD,policy:pretrained_k16,batch1,8,11,105879552,106708480,828928
AVAD/V39_Guitar4,AVAD,policy:pretrained_k16,batch1,8,12,105879552,106708480,828928
AVAD/V39_Guitar4,AVAD,policy:pretrained_k16,batch1,8,13,105879552,106708480,828928
AVAD/V39_Guitar4,AVAD,policy:pretrained_k16,batch1,8,14,105879552,106708480,828928
AVAD/V39_Guitar4,AVAD,policy:pretrained_k16,batch1,8,15,105879552,106708480,828928
AVAD/V39_Guitar4,AVAD,policy:pretrained_k16,batch1,9,0,105879552,106708480,828928
AVAD/V39_Guitar4,AVAD,policy:pretrained_k16,batch1,9,1,105879552,106708480,828928
AVAD/V39_Guitar4,AVAD,policy:pretrained_k16,batch1,9,2,105879552,106708480,828928
AVAD/V39_Guitar4,AVAD,policy:pretrained_k16,batch1,9,3,105879552,106708480,828928
AVAD/V39_Guitar4,AVAD,policy:pretrained_k16,batch1,9,4,105879552,106708480,828928
AVAD/V39_Guitar4,AVAD,policy:pretrained_k16,batch1,9,5,105879552,106708480,828928
AVAD/V39_Guitar4,AVAD,policy:pretrained_k16,batch1,9,6,105879552,106708480,828928
AVAD/V39_Guitar4,AVAD,policy:pretrained_k16,batch1,9,7,105879552,106708480,828928
AVAD/V39_Guitar4,AVAD,policy:pretrained_k16,batch1,9,8,105879552,106708480,828928
AVAD/V39_Guitar4,AVAD,policy:pretrained_k16,batch1,9,9,105879552,106708480,828928
AVAD/V39_Guitar4,AVAD,policy:pretrained_k16,batch1,9,10,105879552,106708480,828928
AVAD/V39_Guitar4,AVAD,policy:pretrained_k16,batch1,9,11,105879552,106708480,828928
AVAD/V39_Guitar4,AVAD,policy:pretrained_k16,batch1,9,12,105879552,106708480,828928
AVAD/V39_Guitar4,AVAD,policy:pretrained_k16,batch1,9,13,105879552,106708480,828928
AVAD/V39_Guitar4,AVAD,policy:pretrained_k16,batch1,9,14,105879552,106708480,828928
AVAD/V39_Guitar4,AVAD,policy:pretrained_k16,batch1,9,15,105879552,106708480,828928
AVAD/V39_Guitar4,AVAD,tome_r5,batch1,0,0,107059200,111883776,4824576
AVAD/V39_Guitar4,AVAD,tome_r5,batch1,0,1,107059200,111883776,4824576
AVAD/V39_Guitar4,AVAD,tome_r5,batch1,0,2,107059200,111883776,4824576
AVAD/V39_Guitar4,AVAD,tome_r5,batch1,0,3,107059200,111883776,4824576
AVAD/V39_Guitar4,AVAD,tome_r5,batch1,0,4,107059200,111883776,4824576
AVAD/V39_Guitar4,AVAD,tome_r5,batch1,0,5,107059200,111883776,4824576
AVAD/V39_Guitar4,AVAD,tome_r5,batch1,0,6,107059200,111883776,4824576
AVAD/V39_Guitar4,AVAD,tome_r5,batch1,0,7,107059200,111883776,4824576
AVAD/V39_Guitar4,AVAD,tome_r5,batch1,0,8,107059200,111883776,4824576
AVAD/V39_Guitar4,AVAD,tome_r5,batch1,0,9,107059200,111883776,4824576
AVAD/V39_Guitar4,AVAD,tome_r5,batch1,0,10,107059200,111883776,4824576
AVAD/V39_Guitar4,AVAD,tome_r5,batch1,0,11,107059200,111883776,4824576
AVAD/V39_Guitar4,AVAD,tome_r5,batch1,0,12,107059200,111883776,4824576
AVAD/V39_Guitar4,AVAD,tome_r5,batch1,0,13,107059200,111883776,4824576
AVAD/V39_Guitar4,AVAD,tome_r5,batch1,0,14,107059200,111883776,4824576
AVAD/V39_Guitar4,AVAD,tome_r5,batch1,0,15,107059200,111883776,4824576
AVAD/V39_Guitar4,AVAD,tome_r5,batch1,1,0,107059200,111883776,4824576
AVAD/V39_Guitar4,AVAD,tome_r5,batch1,1,1,107059200,111883776,4824576
AVAD/V39_Guitar4,AVAD,tome_r5,batch1,1,2,107059200,111883776,4824576
AVAD/V39_Guitar4,AVAD,tome_r5,batch1,1,3,107059200,111883776,4824576
AVAD/V39_Guitar4,AVAD,tome_r5,batch1,1,4,107059200,111883776,4824576
AVAD/V39_Guitar4,AVAD,tome_r5,batch1,1,5,107059200,111883776,4824576
AVAD/V39_Guitar4,AVAD,tome_r5,batch1,1,6,107059200,111883776,4824576
AVAD/V39_Guitar4,AVAD,tome_r5,batch1,1,7,107059200,111883776,4824576
AVAD/V39_Guitar4,AVAD,tome_r5,batch1,1,8,107059200,111883776,4824576
AVAD/V39_Guitar4,AVAD,tome_r5,batch1,1,9,107059200,111883776,4824576
AVAD/V39_Guitar4,AVAD,tome_r5,batch1,1,10,107059200,111883776,4824576
AVAD/V39_Guitar4,AVAD,tome_r5,batch1,1,11,107059200,111883776,4824576
AVAD/V39_Guitar4,AVAD,tome_r5,batch1,1,12,107059200,111883776,4824576
AVAD/V39_Guitar4,AVAD,tome_r5,batch1,1,13,107059200,111883776,4824576
AVAD/V39_Guitar4,AVAD,tome_r5,batch1,1,14,107059200,111883776,4824576
AVAD/V39_Guitar4,AVAD,tome_r5,batch1,1,15,107059200,111883776,4824576
AVAD/V39_Guitar4,AVAD,tome_r5,batch1,2,0,107059200,111883776,4824576
AVAD/V39_Guitar4,AVAD,tome_r5,batch1,2,1,107059200,111883776,4824576
AVAD/V39_Guitar4,AVAD,tome_r5,batch1,2,2,107059200,111883776,4824576
AVAD/V39_Guitar4,AVAD,tome_r5,batch1,2,3,107059200,111883776,4824576
AVAD/V39_Guitar4,AVAD,tome_r5,batch1,2,4,107059200,111883776,4824576
AVAD/V39_Guitar4,AVAD,tome_r5,batch1,2,5,107059200,111883776,4824576
AVAD/V39_Guitar4,AVAD,tome_r5,batch1,2,6,107059200,111883776,4824576
AVAD/V39_Guitar4,AVAD,tome_r5,batch1,2,7,107059200,111883776,4824576
AVAD/V39_Guitar4,AVAD,tome_r5,batch1,2,8,107059200,111883776,4824576
AVAD/V39_Guitar4,AVAD,tome_r5,batch1,2,9,107059200,111883776,4824576
AVAD/V39_Guitar4,AVAD,tome_r5,batch1,2,10,107059200,111883776,4824576
AVAD/V39_Guitar4,AVAD,tome_r5,batch1,2,11,107059200,111883776,4824576
AVAD/V39_Guitar4,AVAD,tome_r5,batch1,2,12,107059200,111883776,4824576
AVAD/V39_Guitar4,AVAD,tome_r5,batch1,2,13,107059200,111883776,4824576
AVAD/V39_Guitar4,AVAD,tome_r5,batch1,2,14,107059200,111883776,4824576
AVAD/V39_Guitar4,AVAD,tome_r5,batch1,2,15,107059200,111883776,4824576
AVAD/V39_Guitar4,AVAD,tome_r5,batch1,3,0,107059200,111883776,4824576
AVAD/V39_Guitar4,AVAD,tome_r5,batch1,3,1,107059200,111883776,4824576
AVAD/V39_Guitar4,AVAD,tome_r5,batch1,3,2,107059200,111883776,4824576
AVAD/V39_Guitar4,AVAD,tome_r5,batch1,3,3,107059200,111883776,4824576
AVAD/V39_Guitar4,AVAD,tome_r5,batch1,3,4,107059200,111883776,4824576
AVAD/V39_Guitar4,AVAD,tome_r5,batch1,3,5,107059200,111883776,4824576
AVAD/V39_Guitar4,AVAD,tome_r5,batch1,3,6,107059200,111883776,4824576
AVAD/V39_Guitar4,AVAD,tome_r5,batch1,3,7,107059200,111883776,4824576
AVAD/V39_Guitar4,AVAD,tome_r5,batch1,3,8,107059200,111883776,4824576
AVAD/V39_Guitar4,AVAD,tome_r5,batch1,3,9,107059200,111883776,4824576
AVAD/V39_Guitar4,AVAD,tome_r5,batch1,3,10,107059200,111883776,4824576
AVAD/V39_Guitar4,AVAD,tome_r5,batch1,3,11,107059200,111883776,4824576
AVAD/V39_Guitar4,AVAD,tome_r5,batch1,3,12,107059200,111883776,4824576
AVAD/V39_Guitar4,AVAD,tome_r5,batch1,3,13,107059200,111883776,4824576
AVAD/V39_Guitar4,AVAD,tome_r5,batch1,3,14,107059200,111883776,4824576
AVAD/V39_Guitar4,AVAD,tome_r5,batch1,3,15,107059200,111883776,4824576
AVAD/V39_Guitar4,AVAD,tome_r5,batch1,4,0,107059200,111883776,4824576
AVAD/V39_Guitar4,AVAD,tome_r5,batch1,4,1,107059200,111883776,4824576
AVAD/V39_Guitar4,AVAD,tome_r5,batch1,4,2,107059200,111883776,4824576
AVAD/V39_Guitar4,AVAD,tome_r5,batch1,4,3,107059200,111883776,4824576
AVAD/V39_Guitar4,AVAD,tome_r5,batch1,4,4,107059200,111883776,4824576
AVAD/V39_Guitar4,AVAD,tome_r5,batch1,4,5,107059200,111883776,4824576
AVAD/V39_Guitar4,AVAD,tome_r5,batch1,4,6,107059200,111883776,4824576
AVAD/V39_Guitar4,AVAD,tome_r5,batch1,4,7,107059200,111883776,4824576
AVAD/V39_Guitar4,AVAD,tome_r5,batch1,4,8,107059200,111883776,4824576
AVAD/V39_Guitar4,AVAD,tome_r5,batch1,4,9,107059200,111883776,4824576
AVAD/V39_Guitar4,AVAD,tome_r5,batch1,4,10,107059200,111883776,4824576
AVAD/V39_Guitar4,AVAD,tome_r5,batch1,4,11,107059200,111883776,4824576
AVAD/V39_Guitar4,AVAD,tome_r5,batch1,4,12,107059200,111883776,4824576
AVAD/V39_Guitar4,AVAD,tome_r5,batch1,4,13,107059200,111883776,4824576
AVAD/V39_Guitar4,AVAD,tome_r5,batch1,4,14,107059200,111883776,4824576
AVAD/V39_Guitar4,AVAD,tome_r5,batch1,4,15,107059200,111883776,4824576
AVAD/V39_Guitar4,AVAD,tome_r5,batch1,5,0,107059200,111883776,4824576
AVAD/V39_Guitar4,AVAD,tome_r5,batch1,5,1,107059200,111883776,4824576
AVAD/V39_Guitar4,AVAD,tome_r5,batch1,5,2,107059200,111883776,4824576
AVAD/V39_Guitar4,AVAD,tome_r5,batch1,5,3,107059200,111883776,4824576
AVAD/V39_Guitar4,AVAD,tome_r5,batch1,5,4,107059200,111883776,4824576
AVAD/V39_Guitar4,AVAD,tome_r5,batch1,5,5,107059200,111883776,4824576
AVAD/V39_Guitar4,AVAD,tome_r5,batch1,5,6,107059200,111883776,4824576
AVAD/V39_Guitar4,AVAD,tome_r5,batch1,5,7,107059200,111883776,4824576
AVAD/V39_Guitar4,AVAD,tome_r5,batch1,5,8,107059200,111883776,4824576
AVAD/V39_Guitar4,AVAD,tome_r5,batch1,5,9,107059200,111883776,4824576
AVAD/V39_Guitar4,AVAD,tome_r5,batch1,5,10,107059200,111883776,4824576
AVAD/V39_Guitar4,AVAD,tome_r5,batch1,5,11,107059200,111883776,4824576
AVAD/V39_Guitar4,AVAD,tome_r5,batch1,5,12,107059200,111883776,4824576
AVAD/V39_Guitar4,AVAD,tome_r5,batch1,5,13,107059200,111883776,4824576
AVAD/V39_Guitar4,AVAD,tome_r5,batch1,5,14,107059200,111883776,4824576
AVAD/V39_Guitar4,AVAD,tome_r5,batch1,5,15,107059200,111883776,4824576
AVAD/V39_Guitar4,AVAD,tome_r5,batch1,6,0,107059200,111883776,4824576
AVAD/V39_Guitar4,AVAD,tome_r5,batch1,6,1,107059200,111883776,4824576
AVAD/V39_Guitar4,AVAD,tome_r5,batch1,6,2,107059200,111883776,4824576
AVAD/V39_Guitar4,AVAD,tome_r5,batch1,6,3,107059200,111883776,4824576
AVAD/V39_Guitar4,AVAD,tome_r5,batch1,6,4,107059200,111883776,4824576
AVAD/V39_Guitar4,AVAD,tome_r5,batch1,6,5,107059200,111883776,4824576
AVAD/V39_Guitar4,AVAD,tome_r5,batch1,6,6,107059200,111883776,4824576
AVAD/V39_Guitar4,AVAD,tome_r5,batch1,6,7,107059200,111883776,4824576
AVAD/V39_Guitar4,AVAD,tome_r5,batch1,6,8,107059200,111883776,4824576
AVAD/V39_Guitar4,AVAD,tome_r5,batch1,6,9,107059200,111883776,4824576
AVAD/V39_Guitar4,AVAD,tome_r5,batch1,6,10,107059200,111883776,4824576
AVAD/V39_Guitar4,AVAD,tome_r5,batch1,6,11,107059200,111883776,4824576
AVAD/V39_Guitar4,AVAD,tome_r5,batch1,6,12,107059200,111883776,4824576
AVAD/V39_Guitar4,AVAD,tome_r5,batch1,6,13,107059200,111883776,4824576
AVAD/V39_Guitar4,AVAD,tome_r5,batch1,6,14,107059200,111883776,4824576
AVAD/V39_Guitar4,AVAD,tome_r5,batch1,6,15,107059200,111883776,4824576
AVAD/V39_Guitar4,AVAD,tome_r5,batch1,7,0,107059200,111883776,4824576
AVAD/V39_Guitar4,AVAD,tome_r5,batch1,7,1,107059200,111883776,4824576
AVAD/V39_Guitar4,AVAD,tome_r5,batch1,7,2,107059200,111883776,4824576
AVAD/V39_Guitar4,AVAD,tome_r5,batch1,7,3,107059200,111883776,4824576
AVAD/V39_Guitar4,AVAD,tome_r5,batch1,7,4,107059200,111883776,4824576
AVAD/V39_Guitar4,AVAD,tome_r5,batch1,7,5,107059200,111883776,4824576
AVAD/V39_Guitar4,AVAD,tome_r5,batch1,7,6,107059200,111883776,4824576
AVAD/V39_Guitar4,AVAD,tome_r5,batch1,7,7,107059200,111883776,4824576
AVAD/V39_Guitar4,AVAD,tome_r5,batch1,7,8,107059200,111883776,4824576
AVAD/V39_Guitar4,AVAD,tome_r5,batch1,7,9,107059200,111883776,4824576
AVAD/V39_Guitar4,AVAD,tome_r5,batch1,7,10,107059200,111883776,4824576
AVAD/V39_Guitar4,AVAD,tome_r5,batch1,7,11,107059200,111883776,4824576
AVAD/V39_Guitar4,AVAD,tome_r5,batch1,7,12,107059200,111883776,4824576
AVAD/V39_Guitar4,AVAD,tome_r5,batch1,7,13,107059200,111883776,4824576
AVAD/V39_Guitar4,AVAD,tome_r5,batch1,7,14,107059200,111883776,4824576
AVAD/V39_Guitar4,AVAD,tome_r5,batch1,7,15,107059200,111883776,4824576
AVAD/V39_Guitar4,AVAD,tome_r5,batch1,8,0,107059200,111883776,4824576
AVAD/V39_Guitar4,AVAD,tome_r5,batch1,8,1,107059200,111883776,4824576
AVAD/V39_Guitar4,AVAD,tome_r5,batch1,8,2,107059200,111883776,4824576
AVAD/V39_Guitar4,AVAD,tome_r5,batch1,8,3,107059200,111883776,4824576
AVAD/V39_Guitar4,AVAD,tome_r5,batch1,8,4,107059200,111883776,4824576
AVAD/V39_Guitar4,AVAD,tome_r5,batch1,8,5,107059200,111883776,4824576
AVAD/V39_Guitar4,AVAD,tome_r5,batch1,8,6,107059200,111883776,4824576
AVAD/V39_Guitar4,AVAD,tome_r5,batch1,8,7,107059200,111883776,4824576
AVAD/V39_Guitar4,AVAD,tome_r5,batch1,8,8,107059200,111883776,4824576
AVAD/V39_Guitar4,AVAD,tome_r5,batch1,8,9,107059200,111883776,4824576
AVAD/V39_Guitar4,AVAD,tome_r5,batch1,8,10,107059200,111883776,4824576
AVAD/V39_Guitar4,AVAD,tome_r5,batch1,8,11,107059200,111883776,4824576
AVAD/V39_Guitar4,AVAD,tome_r5,batch1,8,12,107059200,111883776,4824576
AVAD/V39_Guitar4,AVAD,tome_r5,batch1,8,13,107059200,111883776,4824576
AVAD/V39_Guitar4,AVAD,tome_r5,batch1,8,14,107059200,111883776,4824576
AVAD/V39_Guitar4,AVAD,tome_r5,batch1,8,15,107059200,111883776,4824576
AVAD/V39_Guitar4,AVAD,tome_r5,batch1,9,0,107059200,111883776,4824576
AVAD/V39_Guitar4,AVAD,tome_r5,batch1,9,1,107059200,111883776,4824576
AVAD/V39_Guitar4,AVAD,tome_r5,batch1,9,2,107059200,111883776,4824576
AVAD/V39_Guitar4,AVAD,tome_r5,batch1,9,3,107059200,111883776,4824576
AVAD/V39_Guitar4,AVAD,tome_r5,batch1,9,4,107059200,111883776,4824576
AVAD/V39_Guitar4,AVAD,tome_r5,batch1,9,5,107059200,111883776,4824576
AVAD/V39_Guitar4,AVAD,tome_r5,batch1,9,6,107059200,111883776,4824576
AVAD/V39_Guitar4,AVAD,tome_r5,batch1,9,7,107059200,111883776,4824576
AVAD/V39_Guitar4,AVAD,tome_r5,batch1,9,8,107059200,111883776,4824576
AVAD/V39_Guitar4,AVAD,tome_r5,batch1,9,9,107059200,111883776,4824576
AVAD/V39_Guitar4,AVAD,tome_r5,batch1,9,10,107059200,111883776,4824576
AVAD/V39_Guitar4,AVAD,tome_r5,batch1,9,11,107059200,111883776,4824576
AVAD/V39_Guitar4,AVAD,tome_r5,batch1,9,12,107059200,111883776,4824576
AVAD/V39_Guitar4,AVAD,tome_r5,batch1,9,13,107059200,111883776,4824576
AVAD/V39_Guitar4,AVAD,tome_r5,batch1,9,14,107059200,111883776,4824576
AVAD/V39_Guitar4,AVAD,tome_r5,batch1,9,15,107059200,111883776,4824576
AVAD/V39_Guitar4,AVAD,tome_r10,batch1,0,0,107059200,111821824,4762624
AVAD/V39_Guitar4,AVAD,tome_r10,batch1,0,1,107059200,111821824,4762624
AVAD/V39_Guitar4,AVAD,tome_r10,batch1,0,2,107059200,111821824,4762624
AVAD/V39_Guitar4,AVAD,tome_r10,batch1,0,3,107059200,111821824,4762624
AVAD/V39_Guitar4,AVAD,tome_r10,batch1,0,4,107059200,111821824,4762624
AVAD/V39_Guitar4,AVAD,tome_r10,batch1,0,5,107059200,111821824,4762624
AVAD/V39_Guitar4,AVAD,tome_r10,batch1,0,6,107059200,111821824,4762624
AVAD/V39_Guitar4,AVAD,tome_r10,batch1,0,7,107059200,111821824,4762624
AVAD/V39_Guitar4,AVAD,tome_r10,batch1,0,8,107059200,111821824,4762624
AVAD/V39_Guitar4,AVAD,tome_r10,batch1,0,9,107059200,111821824,4762624
AVAD/V39_Guitar4,AVAD,tome_r10,batch1,0,10,107059200,111821824,4762624
AVAD/V39_Guitar4,AVAD,tome_r10,batch1,0,11,107059200,111821824,4762624
AVAD/V39_Guitar4,AVAD,tome_r10,batch1,0,12,107059200,111821824,4762624
AVAD/V39_Guitar4,AVAD,tome_r10,batch1,0,13,107059200,111821824,4762624
AVAD/V39_Guitar4,AVAD,tome_r10,batch1,0,14,107059200,111821824,4762624
AVAD/V39_Guitar4,AVAD,tome_r10,batch1,0,15,107059200,111821824,4762624
AVAD/V39_Guitar4,AVAD,tome_r10,batch1,1,0,107059200,111821824,4762624
AVAD/V39_Guitar4,AVAD,tome_r10,batch1,1,1,107059200,111821824,4762624
AVAD/V39_Guitar4,AVAD,tome_r10,batch1,1,2,107059200,111821824,4762624
AVAD/V39_Guitar4,AVAD,tome_r10,batch1,1,3,107059200,111821824,4762624
AVAD/V39_Guitar4,AVAD,tome_r10,batch1,1,4,107059200,111821824,4762624
AVAD/V39_Guitar4,AVAD,tome_r10,batch1,1,5,107059200,111821824,4762624
AVAD/V39_Guitar4,AVAD,tome_r10,batch1,1,6,107059200,111821824,4762624
AVAD/V39_Guitar4,AVAD,tome_r10,batch1,1,7,107059200,111821824,4762624
AVAD/V39_Guitar4,AVAD,tome_r10,batch1,1,8,107059200,111821824,4762624
AVAD/V39_Guitar4,AVAD,tome_r10,batch1,1,9,107059200,111821824,4762624
AVAD/V39_Guitar4,AVAD,tome_r10,batch1,1,10,107059200,111821824,4762624
AVAD/V39_Guitar4,AVAD,tome_r10,batch1,1,11,107059200,111821824,4762624
AVAD/V39_Guitar4,AVAD,tome_r10,batch1,1,12,107059200,111821824,4762624
AVAD/V39_Guitar4,AVAD,tome_r10,batch1,1,13,107059200,111821824,4762624
AVAD/V39_Guitar4,AVAD,tome_r10,batch1,1,14,107059200,111821824,4762624
AVAD/V39_Guitar4,AVAD,tome_r10,batch1,1,15,107059200,111821824,4762624
AVAD/V39_Guitar4,AVAD,tome_r10,batch1,2,0,107059200,111821824,4762624
AVAD/V39_Guitar4,AVAD,tome_r10,batch1,2,1,107059200,111821824,4762624
AVAD/V39_Guitar4,AVAD,tome_r10,batch1,2,2,107059200,111821824,4762624
AVAD/V39_Guitar4,AVAD,tome_r10,batch1,2,3,107059200,111821824,4762624
AVAD/V39_Guitar4,AVAD,tome_r10,batch1,2,4,107059200,111821824,4762624
AVAD/V39_Guitar4,AVAD,tome_r10,batch1,2,5,107059200,111821824,4762624
AVAD/V39_Guitar4,AVAD,tome_r10,batch1,2,6,107059200,111821824,4762624
AVAD/V39_Guitar4,AVAD,tome_r10,batch1,2,7,107059200,111821824,4762624
AVAD/V39_Guitar4,AVAD,tome_r10,batch1,2,8,107059200,111821824,4762624
AVAD/V39_Guitar4,AVAD,tome_r10,batch1,2,9,107059200,111821824,4762624
AVAD/V39_Guitar4,AVAD,tome_r10,batch1,2,10,107059200,111821824,4762624
AVAD/V39_Guitar4,AVAD,tome_r10,batch1,2,11,107059200,111821824,4762624
AVAD/V39_Guitar4,AVAD,tome_r10,batch1,2,12,107059200,111821824,4762624
AVAD/V39_Guitar4,AVAD,tome_r10,batch1,2,13,107059200,111821824,4762624
AVAD/V39_Guitar4,AVAD,tome_r10,batch1,2,14,107059200,111821824,4762624
AVAD/V39_Guitar4,AVAD,tome_r10,batch1,2,15,107059200,111821824,4762624
AVAD/V39_Guitar4,AVAD,tome_r10,batch1,3,0,107059200,111821824,4762624
AVAD/V39_Guitar4,AVAD,tome_r10,batch1,3,1,107059200,111821824,4762624
AVAD/V39_Guitar4,AVAD,tome_r10,batch1,3,2,107059200,111821824,4762624
AVAD/V39_Guitar4,AVAD,tome_r10,batch1,3,3,107059200,111821824,4762624
AVAD/V39_Guitar4,AVAD,tome_r10,batch1,3,4,107059200,111821824,4762624
AVAD/V39_Guitar4,AVAD,tome_r10,batch1,3,5,107059200,111821824,4762624
AVAD/V39_Guitar4,AVAD,tome_r10,batch1,3,6,107059200,111821824,4762624
AVAD/V39_Guitar4,AVAD,tome_r10,batch1,3,7,107059200,111821824,4762624
AVAD/V39_Guitar4,AVAD,tome_r10,batch1,3,8,107059200,111821824,4762624
AVAD/V39_Guitar4,AVAD,tome_r10,batch1,3,9,107059200,111821824,4762624
AVAD/V39_Guitar4,AVAD,tome_r10,batch1,3,10,107059200,111821824,4762624
AVAD/V39_Guitar4,AVAD,tome_r10,batch1,3,11,107059200,111821824,4762624
AVAD/V39_Guitar4,AVAD,tome_r10,batch1,3,12,107059200,111821824,4762624
AVAD/V39_Guitar4,AVAD,tome_r10,batch1,3,13,107059200,111821824,4762624
AVAD/V39_Guitar4,AVAD,tome_r10,batch1,3,14,107059200,111821824,4762624
AVAD/V39_Guitar4,AVAD,tome_r10,batch1,3,15,107059200,111821824,4762624
AVAD/V39_Guitar4,AVAD,tome_r10,batch1,4,0,107059200,111821824,4762624
AVAD/V39_Guitar4,AVAD,tome_r10,batch1,4,1,107059200,111821824,4762624
AVAD/V39_Guitar4,AVAD,tome_r10,batch1,4,2,107059200,111821824,4762624
AVAD/V39_Guitar4,AVAD,tome_r10,batch1,4,3,107059200,111821824,4762624
AVAD/V39_Guitar4,AVAD,tome_r10,batch1,4,4,107059200,111821824,4762624
AVAD/V39_Guitar4,AVAD,tome_r10,batch1,4,5,107059200,111821824,4762624
AVAD/V39_Guitar4,AVAD,tome_r10,batch1,4,6,107059200,111821824,4762624
AVAD/V39_Guitar4,AVAD,tome_r10,batch1,4,7,107059200,111821824,4762624
AVAD/V39_Guitar4,AVAD,tome_r10,batch1,4,8,107059200,111821824,4762624
AVAD/V39_Guitar4,AVAD,tome_r10,batch1,4,9,107059200,111821824,4762624
AVAD/V39_Guitar4,AVAD,tome_r10,batch1,4,10,107059200,111821824,4762624
AVAD/V39_Guitar4,AVAD,tome_r10,batch1,4,11,107059200,111821824,4762624
AVAD/V39_Guitar4,AVAD,tome_r10,batch1,4,12,107059200,111821824,4762624
AVAD/V39_Guitar4,AVAD,tome_r10,batch1,4,13,107059200,111821824,4762624
AVAD/V39_Guitar4,AVAD,tome_r10,batch1,4,14,107059200,111821824,4762624
AVAD/V39_Guitar4,AVAD,tome_r10,batch1,4,15,107059200,111821824,4762624
AVAD/V39_Guitar4,AVAD,tome_r10,batch1,5,0,107059200,111821824,4762624
AVAD/V39_Guitar4,AVAD,tome_r10,batch1,5,1,107059200,111821824,4762624
AVAD/V39_Guitar4,AVAD,tome_r10,batch1,5,2,107059200,111821824,4762624
AVAD/V39_Guitar4,AVAD,tome_r10,batch1,5,3,107059200,111821824,4762624
AVAD/V39_Guitar4,AVAD,tome_r10,batch1,5,4,107059200,111821824,4762624
AVAD/V39_Guitar4,AVAD,tome_r10,batch1,5,5,107059200,111821824,4762624
AVAD/V39_Guitar4,AVAD,tome_r10,batch1,5,6,107059200,111821824,4762624
AVAD/V39_Guitar4,AVAD,tome_r10,batch1,5,7,107059200,111821824,4762624
AVAD/V39_Guitar4,AVAD,tome_r10,batch1,5,8,107059200,111821824,4762624
AVAD/V39_Guitar4,AVAD,tome_r10,batch1,5,9,107059200,111821824,4762624
AVAD/V39_Guitar4,AVAD,tome_r10,batch1,5,10,107059200,111821824,4762624
AVAD/V39_Guitar4,AVAD,tome_r10,batch1,5,11,107059200,111821824,4762624
AVAD/V39_Guitar4,AVAD,tome_r10,batch1,5,12,107059200,111821824,4762624
AVAD/V39_Guitar4,AVAD,tome_r10,batch1,5,13,107059200,111821824,4762624
AVAD/V39_Guitar4,AVAD,tome_r10,batch1,5,14,107059200,111821824,4762624
AVAD/V39_Guitar4,AVAD,tome_r10,batch1,5,15,107059200,111821824,4762624
AVAD/V39_Guitar4,AVAD,tome_r10,batch1,6,0,107059200,111821824,4762624
AVAD/V39_Guitar4,AVAD,tome_r10,batch1,6,1,107059200,111821824,4762624
AVAD/V39_Guitar4,AVAD,tome_r10,batch1,6,2,107059200,111821824,4762624
AVAD/V39_Guitar4,AVAD,tome_r10,batch1,6,3,107059200,111821824,4762624
AVAD/V39_Guitar4,AVAD,tome_r10,batch1,6,4,107059200,111821824,4762624
AVAD/V39_Guitar4,AVAD,tome_r10,batch1,6,5,107059200,111821824,4762624
AVAD/V39_Guitar4,AVAD,tome_r10,batch1,6,6,107059200,111821824,4762624
AVAD/V39_Guitar4,AVAD,tome_r10,batch1,6,7,107059200,111821824,4762624
AVAD/V39_Guitar4,AVAD,tome_r10,batch1,6,8,107059200,111821824,4762624
AVAD/V39_Guitar4,AVAD,tome_r10,batch1,6,9,107059200,111821824,4762624
AVAD/V39_Guitar4,AVAD,tome_r10,batch1,6,10,107059200,111821824,4762624
AVAD/V39_Guitar4,AVAD,tome_r10,batch1,6,11,107059200,111821824,4762624
AVAD/V39_Guitar4,AVAD,tome_r10,batch1,6,12,107059200,111821824,4762624
AVAD/V39_Guitar4,AVAD,tome_r10,batch1,6,13,107059200,111821824,4762624
AVAD/V39_Guitar4,AVAD,tome_r10,batch1,6,14,107059200,111821824,4762624
AVAD/V39_Guitar4,AVAD,tome_r10,batch1,6,15,107059200,111821824,4762624
AVAD/V39_Guitar4,AVAD,tome_r10,batch1,7,0,107059200,111821824,4762624
AVAD/V39_Guitar4,AVAD,tome_r10,batch1,7,1,107059200,111821824,4762624
AVAD/V39_Guitar4,AVAD,tome_r10,batch1,7,2,107059200,111821824,4762624
AVAD/V39_Guitar4,AVAD,tome_r10,batch1,7,3,107059200,111821824,4762624
AVAD/V39_Guitar4,AVAD,tome_r10,batch1,7,4,107059200,111821824,4762624
AVAD/V39_Guitar4,AVAD,tome_r10,batch1,7,5,107059200,111821824,4762624
AVAD/V39_Guitar4,AVAD,tome_r10,batch1,7,6,107059200,111821824,4762624
AVAD/V39_Guitar4,AVAD,tome_r10,batch1,7,7,107059200,111821824,4762624
AVAD/V39_Guitar4,AVAD,tome_r10,batch1,7,8,107059200,111821824,4762624
AVAD/V39_Guitar4,AVAD,tome_r10,batch1,7,9,107059200,111821824,4762624
AVAD/V39_Guitar4,AVAD,tome_r10,batch1,7,10,107059200,111821824,4762624
AVAD/V39_Guitar4,AVAD,tome_r10,batch1,7,11,107059200,111821824,4762624
AVAD/V39_Guitar4,AVAD,tome_r10,batch1,7,12,107059200,111821824,4762624
AVAD/V39_Guitar4,AVAD,tome_r10,batch1,7,13,107059200,111821824,4762624
AVAD/V39_Guitar4,AVAD,tome_r10,batch1,7,14,107059200,111821824,4762624
AVAD/V39_Guitar4,AVAD,tome_r10,batch1,7,15,107059200,111821824,4762624
AVAD/V39_Guitar4,AVAD,tome_r10,batch1,8,0,107059200,111821824,4762624
AVAD/V39_Guitar4,AVAD,tome_r10,batch1,8,1,107059200,111821824,4762624
AVAD/V39_Guitar4,AVAD,tome_r10,batch1,8,2,107059200,111821824,4762624
AVAD/V39_Guitar4,AVAD,tome_r10,batch1,8,3,107059200,111821824,4762624
AVAD/V39_Guitar4,AVAD,tome_r10,batch1,8,4,107059200,111821824,4762624
AVAD/V39_Guitar4,AVAD,tome_r10,batch1,8,5,107059200,111821824,4762624
AVAD/V39_Guitar4,AVAD,tome_r10,batch1,8,6,107059200,111821824,4762624
AVAD/V39_Guitar4,AVAD,tome_r10,batch1,8,7,107059200,111821824,4762624
AVAD/V39_Guitar4,AVAD,tome_r10,batch1,8,8,107059200,111821824,4762624
AVAD/V39_Guitar4,AVAD,tome_r10,batch1,8,9,107059200,111821824,4762624
AVAD/V39_Guitar4,AVAD,tome_r10,batch1,8,10,107059200,111821824,4762624
AVAD/V39_Guitar4,AVAD,tome_r10,batch1,8,11,107059200,111821824,4762624
AVAD/V39_Guitar4,AVAD,tome_r10,batch1,8,12,107059200,111821824,4762624
AVAD/V39_Guitar4,AVAD,tome_r10,batch1,8,13,107059200,111821824,4762624
AVAD/V39_Guitar4,AVAD,tome_r10,batch1,8,14,107059200,111821824,4762624
AVAD/V39_Guitar4,AVAD,tome_r10,batch1,8,15,107059200,111821824,4762624
AVAD/V39_Guitar4,AVAD,tome_r10,batch1,9,0,107059200,111821824,4762624
AVAD/V39_Guitar4,AVAD,tome_r10,batch1,9,1,107059200,111821824,4762624
AVAD/V39_Guitar4,AVAD,tome_r10,batch1,9,2,107059200,111821824,4762624
AVAD/V39_Guitar4,AVAD,tome_r10,batch1,9,3,107059200,111821824,4762624
AVAD/V39_Guitar4,AVAD,tome_r10,batch1,9,4,107059200,111821824,4762624
AVAD/V39_Guitar4,AVAD,tome_r10,batch1,9,5,107059200,111821824,4762624
AVAD/V39_Guitar4,AVAD,tome_r10,batch1,9,6,107059200,111821824,4762624
AVAD/V39_Guitar4,AVAD,tome_r10,batch1,9,7,107059200,111821824,4762624
AVAD/V39_Guitar4,AVAD,tome_r10,batch1,9,8,107059200,111821824,4762624
AVAD/V39_Guitar4,AVAD,tome_r10,batch1,9,9,107059200,111821824,4762624
AVAD/V39_Guitar4,AVAD,tome_r10,batch1,9,10,107059200,111821824,4762624
AVAD/V39_Guitar4,AVAD,tome_r10,batch1,9,11,107059200,111821824,4762624
AVAD/V39_Guitar4,AVAD,tome_r10,batch1,9,12,107059200,111821824,4762624
AVAD/V39_Guitar4,AVAD,tome_r10,batch1,9,13,107059200,111821824,4762624
AVAD/V39_Guitar4,AVAD,tome_r10,batch1,9,14,107059200,111821824,4762624
AVAD/V39_Guitar4,AVAD,tome_r10,batch1,9,15,107059200,111821824,4762624
AVAD/V39_Guitar4,AVAD,tome_r15,batch1,0,0,107059200,111758336,4699136
AVAD/V39_Guitar4,AVAD,tome_r15,batch1,0,1,107059200,111758336,4699136
AVAD/V39_Guitar4,AVAD,tome_r15,batch1,0,2,107059200,111758336,4699136
AVAD/V39_Guitar4,AVAD,tome_r15,batch1,0,3,107059200,111758336,4699136
AVAD/V39_Guitar4,AVAD,tome_r15,batch1,0,4,107059200,111758336,4699136
AVAD/V39_Guitar4,AVAD,tome_r15,batch1,0,5,107059200,111758336,4699136
AVAD/V39_Guitar4,AVAD,tome_r15,batch1,0,6,107059200,111758336,4699136
AVAD/V39_Guitar4,AVAD,tome_r15,batch1,0,7,107059200,111758336,4699136
AVAD/V39_Guitar4,AVAD,tome_r15,batch1,0,8,107059200,111758336,4699136
AVAD/V39_Guitar4,AVAD,tome_r15,batch1,0,9,107059200,111758336,4699136
AVAD/V39_Guitar4,AVAD,tome_r15,batch1,0,10,107059200,111758336,4699136
AVAD/V39_Guitar4,AVAD,tome_r15,batch1,0,11,107059200,111758336,4699136
AVAD/V39_Guitar4,AVAD,tome_r15,batch1,0,12,107059200,111758336,4699136
AVAD/V39_Guitar4,AVAD,tome_r15,batch1,0,13,107059200,111758336,4699136
AVAD/V39_Guitar4,AVAD,tome_r15,batch1,0,14,107059200,111758336,4699136
AVAD/V39_Guitar4,AVAD,tome_r15,batch1,0,15,107059200,111758336,4699136
AVAD/V39_Guitar4,AVAD,tome_r15,batch1,1,0,107059200,111758336,4699136
AVAD/V39_Guitar4,AVAD,tome_r15,batch1,1,1,107059200,111758336,4699136
AVAD/V39_Guitar4,AVAD,tome_r15,batch1,1,2,107059200,111758336,4699136
AVAD/V39_Guitar4,AVAD,tome_r15,batch1,1,3,107059200,111758336,4699136
AVAD/V39_Guitar4,AVAD,tome_r15,batch1,1,4,107059200,111758336,4699136
AVAD/V39_Guitar4,AVAD,tome_r15,batch1,1,5,107059200,111758336,4699136
AVAD/V39_Guitar4,AVAD,tome_r15,batch1,1,6,107059200,111758336,4699136
AVAD/V39_Guitar4,AVAD,tome_r15,batch1,1,7,107059200,111758336,4699136
AVAD/V39_Guitar4,AVAD,tome_r15,batch1,1,8,107059200,111758336,4699136
AVAD/V39_Guitar4,AVAD,tome_r15,batch1,1,9,107059200,111758336,4699136
AVAD/V39_Guitar4,AVAD,tome_r15,batch1,1,10,107059200,111758336,4699136
AVAD/V39_Guitar4,AVAD,tome_r15,batch1,1,11,107059200,111758336,4699136
AVAD/V39_Guitar4,AVAD,tome_r15,batch1,1,12,107059200,111758336,4699136
AVAD/V39_Guitar4,AVAD,tome_r15,batch1,1,13,107059200,111758336,4699136
AVAD/V39_Guitar4,AVAD,tome_r15,batch1,1,14,107059200,111758336,4699136
AVAD/V39_Guitar4,AVAD,tome_r15,batch1,1,15,107059200,111758336,4699136
AVAD/V39_Guitar4,AVAD,tome_r15,batch1,2,0,107059200,111758336,4699136
AVAD/V39_Guitar4,AVAD,tome_r15,batch1,2,1,107059200,111758336,4699136
AVAD/V39_Guitar4,AVAD,tome_r15,batch1,2,2,107059200,111758336,4699136
AVAD/V39_Guitar4,AVAD,tome_r15,batch1,2,3,107059200,111758336,4699136
AVAD/V39_Guitar4,AVAD,tome_r15,batch1,2,4,107059200,111758336,4699136
AVAD/V39_Guitar4,AVAD,tome_r15,batch1,2,5,107059200,111758336,4699136
AVAD/V39_Guitar4,AVAD,tome_r15,batch1,2,6,107059200,111758336,4699136
AVAD/V39_Guitar4,AVAD,tome_r15,batch1,2,7,107059200,111758336,4699136
AVAD/V39_Guitar4,AVAD,tome_r15,batch1,2,8,107059200,111758336,4699136
AVAD/V39_Guitar4,AVAD,tome_r15,batch1,2,9,107059200,111758336,4699136
AVAD/V39_Guitar4,AVAD,tome_r15,batch1,2,10,107059200,111758336,4699136
AVAD/V39_Guitar4,AVAD,tome_r15,batch1,2,11,107059200,111758336,4699136
AVAD/V39_Guitar4,AVAD,tome_r15,batch1,2,12,107059200,111758336,4699136
AVAD/V39_Guitar4,AVAD,tome_r15,batch1,2,13,107059200,111758336,4699136
AVAD/V39_Guitar4,AVAD,tome_r15,batch1,2,14,107059200,111758336,4699136
AVAD/V39_Guitar4,AVAD,tome_r15,batch1,2,15,107059200,111758336,4699136
AVAD/V39_Guitar4,AVAD,tome_r15,batch1,3,0,107059200,111758336,4699136
AVAD/V39_Guitar4,AVAD,tome_r15,batch1,3,1,107059200,111758336,4699136
AVAD/V39_Guitar4,AVAD,tome_r15,batch1,3,2,107059200,111758336,4699136
AVAD/V39_Guitar4,AVAD,tome_r15,batch1,3,3,107059200,111758336,4699136
AVAD/V39_Guitar4,AVAD,tome_r15,batch1,3,4,107059200,111758336,4699136
AVAD/V39_Guitar4,AVAD,tome_r15,batch1,3,5,107059200,111758336,4699136
AVAD/V39_Guitar4,AVAD,tome_r15,batch1,3,6,107059200,111758336,4699136
AVAD/V39_Guitar4,AVAD,tome_r15,batch1,3,7,107059200,111758336,4699136
AVAD/V39_Guitar4,AVAD,tome_r15,batch1,3,8,107059200,111758336,4699136
AVAD/V39_Guitar4,AVAD,tome_r15,batch1,3,9,107059200,111758336,4699136
AVAD/V39_Guitar4,AVAD,tome_r15,batch1,3,10,107059200,111758336,4699136
AVAD/V39_Guitar4,AVAD,tome_r15,batch1,3,11,107059200,111758336,4699136
AVAD/V39_Guitar4,AVAD,tome_r15,batch1,3,12,107059200,111758336,4699136
AVAD/V39_Guitar4,AVAD,tome_r15,batch1,3,13,107059200,111758336,4699136
AVAD/V39_Guitar4,AVAD,tome_r15,batch1,3,14,107059200,111758336,4699136
AVAD/V39_Guitar4,AVAD,tome_r15,batch1,3,15,107059200,111758336,4699136
AVAD/V39_Guitar4,AVAD,tome_r15,batch1,4,0,107059200,111758336,4699136
AVAD/V39_Guitar4,AVAD,tome_r15,batch1,4,1,107059200,111758336,4699136
AVAD/V39_Guitar4,AVAD,tome_r15,batch1,4,2,107059200,111758336,4699136
AVAD/V39_Guitar4,AVAD,tome_r15,batch1,4,3,107059200,111758336,4699136
AVAD/V39_Guitar4,AVAD,tome_r15,batch1,4,4,107059200,111758336,4699136
AVAD/V39_Guitar4,AVAD,tome_r15,batch1,4,5,107059200,111758336,4699136
AVAD/V39_Guitar4,AVAD,tome_r15,batch1,4,6,107059200,111758336,4699136
AVAD/V39_Guitar4,AVAD,tome_r15,batch1,4,7,107059200,111758336,4699136
AVAD/V39_Guitar4,AVAD,tome_r15,batch1,4,8,107059200,111758336,4699136
AVAD/V39_Guitar4,AVAD,tome_r15,batch1,4,9,107059200,111758336,4699136
AVAD/V39_Guitar4,AVAD,tome_r15,batch1,4,10,107059200,111758336,4699136
AVAD/V39_Guitar4,AVAD,tome_r15,batch1,4,11,107059200,111758336,4699136
AVAD/V39_Guitar4,AVAD,tome_r15,batch1,4,12,107059200,111758336,4699136
AVAD/V39_Guitar4,AVAD,tome_r15,batch1,4,13,107059200,111758336,4699136
AVAD/V39_Guitar4,AVAD,tome_r15,batch1,4,14,107059200,111758336,4699136
AVAD/V39_Guitar4,AVAD,tome_r15,batch1,4,15,107059200,111758336,4699136
AVAD/V39_Guitar4,AVAD,tome_r15,batch1,5,0,107059200,111758336,4699136
AVAD/V39_Guitar4,AVAD,tome_r15,batch1,5,1,107059200,111758336,4699136
AVAD/V39_Guitar4,AVAD,tome_r15,batch1,5,2,107059200,111758336,4699136
AVAD/V39_Guitar4,AVAD,tome_r15,batch1,5,3,107059200,111758336,4699136
AVAD/V39_Guitar4,AVAD,tome_r15,batch1,5,4,107059200,111758336,4699136
AVAD/V39_Guitar4,AVAD,tome_r15,batch1,5,5,107059200,111758336,4699136
AVAD/V39_Guitar4,AVAD,tome_r15,batch1,5,6,107059200,111758336,4699136
AVAD/V39_Guitar4,AVAD,tome_r15,batch1,5,7,107059200,111758336,4699136
AVAD/V39_Guitar4,AVAD,tome_r15,batch1,5,8,107059200,111758336,4699136
AVAD/V39_Guitar4,AVAD,tome_r15,batch1,5,9,107059200,111758336,4699136
AVAD/V39_Guitar4,AVAD,tome_r15,batch1,5,10,107059200,111758336,4699136
AVAD/V39_Guitar4,AVAD,tome_r15,batch1,5,11,107059200,111758336,4699136
AVAD/V39_Guitar4,AVAD,tome_r15,batch1,5,12,107059200,111758336,4699136
AVAD/V39_Guitar4,AVAD,tome_r15,batch1,5,13,107059200,111758336,4699136
AVAD/V39_Guitar4,AVAD,tome_r15,batch1,5,14,107059200,111758336,4699136
AVAD/V39_Guitar4,AVAD,tome_r15,batch1,5,15,107059200,111758336,4699136
AVAD/V39_Guitar4,AVAD,tome_r15,batch1,6,0,107059200,111758336,4699136
AVAD/V39_Guitar4,AVAD,tome_r15,batch1,6,1,107059200,111758336,4699136
AVAD/V39_Guitar4,AVAD,tome_r15,batch1,6,2,107059200,111758336,4699136
AVAD/V39_Guitar4,AVAD,tome_r15,batch1,6,3,107059200,111758336,4699136
AVAD/V39_Guitar4,AVAD,tome_r15,batch1,6,4,107059200,111758336,4699136
AVAD/V39_Guitar4,AVAD,tome_r15,batch1,6,5,107059200,111758336,4699136
AVAD/V39_Guitar4,AVAD,tome_r15,batch1,6,6,107059200,111758336,4699136
AVAD/V39_Guitar4,AVAD,tome_r15,batch1,6,7,107059200,111758336,4699136
AVAD/V39_Guitar4,AVAD,tome_r15,batch1,6,8,107059200,111758336,4699136
AVAD/V39_Guitar4,AVAD,tome_r15,batch1,6,9,107059200,111758336,4699136
AVAD/V39_Guitar4,AVAD,tome_r15,batch1,6,10,107059200,111758336,4699136
AVAD/V39_Guitar4,AVAD,tome_r15,batch1,6,11,107059200,111758336,4699136
AVAD/V39_Guitar4,AVAD,tome_r15,batch1,6,12,107059200,111758336,4699136
AVAD/V39_Guitar4,AVAD,tome_r15,batch1,6,13,107059200,111758336,4699136
AVAD/V39_Guitar4,AVAD,tome_r15,batch1,6,14,107059200,111758336,4699136
AVAD/V39_Guitar4,AVAD,tome_r15,batch1,6,15,107059200,111758336,4699136
AVAD/V39_Guitar4,AVAD,tome_r15,batch1,7,0,107059200,111758336,4699136
AVAD/V39_Guitar4,AVAD,tome_r15,batch1,7,1,107059200,111758336,4699136
AVAD/V39_Guitar4,AVAD,tome_r15,batch1,7,2,107059200,111758336,4699136
AVAD/V39_Guitar4,AVAD,tome_r15,batch1,7,3,107059200,111758336,4699136
AVAD/V39_Guitar4,AVAD,tome_r15,batch1,7,4,107059200,111758336,4699136
AVAD/V39_Guitar4,AVAD,tome_r15,batch1,7,5,107059200,111758336,4699136
AVAD/V39_Guitar4,AVAD,tome_r15,batch1,7,6,107059200,111758336,4699136
AVAD/V39_Guitar4,AVAD,tome_r15,batch1,7,7,107059200,111758336,4699136
AVAD/V39_Guitar4,AVAD,tome_r15,batch1,7,8,107059200,111758336,4699136
AVAD/V39_Guitar4,AVAD,tome_r15,batch1,7,9,107059200,111758336,4699136
AVAD/V39_Guitar4,AVAD,tome_r15,batch1,7,10,107059200,111758336,4699136
AVAD/V39_Guitar4,AVAD,tome_r15,batch1,7,11,107059200,111758336,4699136
AVAD/V39_Guitar4,AVAD,tome_r15,batch1,7,12,107059200,111758336,4699136
AVAD/V39_Guitar4,AVAD,tome_r15,batch1,7,13,107059200,111758336,4699136
AVAD/V39_Guitar4,AVAD,tome_r15,batch1,7,14,107059200,111758336,4699136
AVAD/V39_Guitar4,AVAD,tome_r15,batch1,7,15,107059200,111758336,4699136
AVAD/V39_Guitar4,AVAD,tome_r15,batch1,8,0,107059200,111758336,4699136
AVAD/V39_Guitar4,AVAD,tome_r15,batch1,8,1,107059200,111758336,4699136
AVAD/V39_Guitar4,AVAD,tome_r15,batch1,8,2,107059200,111758336,4699136
AVAD/V39_Guitar4,AVAD,tome_r15,batch1,8,3,107059200,111758336,4699136
AVAD/V39_Guitar4,AVAD,tome_r15,batch1,8,4,107059200,111758336,4699136
AVAD/V39_Guitar4,AVAD,tome_r15,batch1,8,5,107059200,111758336,4699136
AVAD/V39_Guitar4,AVAD,tome_r15,batch1,8,6,107059200,111758336,4699136
AVAD/V39_Guitar4,AVAD,tome_r15,batch1,8,7,107059200,111758336,4699136
AVAD/V39_Guitar4,AVAD,tome_r15,batch1,8,8,107059200,111758336,4699136
AVAD/V39_Guitar4,AVAD,tome_r15,batch1,8,9,107059200,111758336,4699136
AVAD/V39_Guitar4,AVAD,tome_r15,batch1,8,10,107059200,111758336,4699136
AVAD/V39_Guitar4,AVAD,tome_r15,batch1,8,11,107059200,111758336,4699136
AVAD/V39_Guitar4,AVAD,tome_r15,batch1,8,12,107059200,111758336,4699136
AVAD/V39_Guitar4,AVAD,tome_r15,batch1,8,13,107059200,111758336,4699136
AVAD/V39_Guitar4,AVAD,tome_r15,batch1,8,14,107059200,111758336,4699136
AVAD/V39_Guitar4,AVAD,tome_r15,batch1,8,15,107059200,111758336,4699136
AVAD/V39_Guitar4,AVAD,tome_r15,batch1,9,0,107059200,111758336,4699136
AVAD/V39_Guitar4,AVAD,tome_r15,batch1,9,1,107059200,111758336,4699136
AVAD/V39_Guitar4,AVAD,tome_r15,batch1,9,2,107059200,111758336,4699136
AVAD/V39_Guitar4,AVAD,tome_r15,batch1,9,3,107059200,111758336,4699136
AVAD/V39_Guitar4,AVAD,tome_r15,batch1,9,4,107059200,111758336,4699136
AVAD/V39_Guitar4,AVAD,tome_r15,batch1,9,5,107059200,111758336,4699136
AVAD/V39_Guitar4,AVAD,tome_r15,batch1,9,6,107059200,111758336,4699136
AVAD/V39_Guitar4,AVAD,tome_r15,batch1,9,7,107059200,111758336,4699136
AVAD/V39_Guitar4,AVAD,tome_r15,batch1,9,8,107059200,111758336,4699136
AVAD/V39_Guitar4,AVAD,tome_r15,batch1,9,9,107059200,111758336,4699136
AVAD/V39_Guitar4,AVAD,tome_r15,batch1,9,10,107059200,111758336,4699136
AVAD/V39_Guitar4,AVAD,tome_r15,batch1,9,11,107059200,111758336,4699136
AVAD/V39_Guitar4,AVAD,tome_r15,batch1,9,12,107059200,111758336,4699136
AVAD/V39_Guitar4,AVAD,tome_r15,batch1,9,13,107059200,111758336,4699136
AVAD/V39_Guitar4,AVAD,tome_r15,batch1,9,14,107059200,111758336,4699136
AVAD/V39_Guitar4,AVAD,tome_r15,batch1,9,15,107059200,111758336,4699136
AVAD/V39_Guitar4,AVAD,spatial_block_r15,batch1,0,0,107059200,112201728,5142528
AVAD/V39_Guitar4,AVAD,spatial_block_r15,batch1,0,1,107059200,112201728,5142528
AVAD/V39_Guitar4,AVAD,spatial_block_r15,batch1,0,2,107059200,112201728,5142528
AVAD/V39_Guitar4,AVAD,spatial_block_r15,batch1,0,3,107059200,112201728,5142528
AVAD/V39_Guitar4,AVAD,spatial_block_r15,batch1,0,4,107059200,112201728,5142528
AVAD/V39_Guitar4,AVAD,spatial_block_r15,batch1,0,5,107059200,112201728,5142528
AVAD/V39_Guitar4,AVAD,spatial_block_r15,batch1,0,6,107059200,112201728,5142528
AVAD/V39_Guitar4,AVAD,spatial_block_r15,batch1,0,7,107059200,112201728,5142528
AVAD/V39_Guitar4,AVAD,spatial_block_r15,batch1,0,8,107059200,112201728,5142528
AVAD/V39_Guitar4,AVAD,spatial_block_r15,batch1,0,9,107059200,112201728,5142528
AVAD/V39_Guitar4,AVAD,spatial_block_r15,batch1,0,10,107059200,112201728,5142528
AVAD/V39_Guitar4,AVAD,spatial_block_r15,batch1,0,11,107059200,112201728,5142528
AVAD/V39_Guitar4,AVAD,spatial_block_r15,batch1,0,12,107059200,112201728,5142528
AVAD/V39_Guitar4,AVAD,spatial_block_r15,batch1,0,13,107059200,112201728,5142528
AVAD/V39_Guitar4,AVAD,spatial_block_r15,batch1,0,14,107059200,112201728,5142528
AVAD/V39_Guitar4,AVAD,spatial_block_r15,batch1,0,15,107059200,112201728,5142528
AVAD/V39_Guitar4,AVAD,spatial_block_r15,batch1,1,0,107059200,112201728,5142528
AVAD/V39_Guitar4,AVAD,spatial_block_r15,batch1,1,1,107059200,112201728,5142528
AVAD/V39_Guitar4,AVAD,spatial_block_r15,batch1,1,2,107059200,112201728,5142528
AVAD/V39_Guitar4,AVAD,spatial_block_r15,batch1,1,3,107059200,112201728,5142528
AVAD/V39_Guitar4,AVAD,spatial_block_r15,batch1,1,4,107059200,112201728,5142528
AVAD/V39_Guitar4,AVAD,spatial_block_r15,batch1,1,5,107059200,112201728,5142528
AVAD/V39_Guitar4,AVAD,spatial_block_r15,batch1,1,6,107059200,112201728,5142528
AVAD/V39_Guitar4,AVAD,spatial_block_r15,batch1,1,7,107059200,112201728,5142528
AVAD/V39_Guitar4,AVAD,spatial_block_r15,batch1,1,8,107059200,112201728,5142528
AVAD/V39_Guitar4,AVAD,spatial_block_r15,batch1,1,9,107059200,112201728,5142528
AVAD/V39_Guitar4,AVAD,spatial_block_r15,batch1,1,10,107059200,112201728,5142528
AVAD/V39_Guitar4,AVAD,spatial_block_r15,batch1,1,11,107059200,112201728,5142528
AVAD/V39_Guitar4,AVAD,spatial_block_r15,batch1,1,12,107059200,112201728,5142528
AVAD/V39_Guitar4,AVAD,spatial_block_r15,batch1,1,13,107059200,112201728,5142528
AVAD/V39_Guitar4,AVAD,spatial_block_r15,batch1,1,14,107059200,112201728,5142528
AVAD/V39_Guitar4,AVAD,spatial_block_r15,batch1,1,15,107059200,112201728,5142528
AVAD/V39_Guitar4,AVAD,spatial_block_r15,batch1,2,0,107059200,112201728,5142528
AVAD/V39_Guitar4,AVAD,spatial_block_r15,batch1,2,1,107059200,112201728,5142528
AVAD/V39_Guitar4,AVAD,spatial_block_r15,batch1,2,2,107059200,112201728,5142528
AVAD/V39_Guitar4,AVAD,spatial_block_r15,batch1,2,3,107059200,112201728,5142528
AVAD/V39_Guitar4,AVAD,spatial_block_r15,batch1,2,4,107059200,112201728,5142528
AVAD/V39_Guitar4,AVAD,spatial_block_r15,batch1,2,5,107059200,112201728,5142528
AVAD/V39_Guitar4,AVAD,spatial_block_r15,batch1,2,6,107059200,112201728,5142528
AVAD/V39_Guitar4,AVAD,spatial_block_r15,batch1,2,7,107059200,112201728,5142528
AVAD/V39_Guitar4,AVAD,spatial_block_r15,batch1,2,8,107059200,112201728,5142528
AVAD/V39_Guitar4,AVAD,spatial_block_r15,batch1,2,9,107059200,112201728,5142528
AVAD/V39_Guitar4,AVAD,spatial_block_r15,batch1,2,10,107059200,112201728,5142528
AVAD/V39_Guitar4,AVAD,spatial_block_r15,batch1,2,11,107059200,112201728,5142528
AVAD/V39_Guitar4,AVAD,spatial_block_r15,batch1,2,12,107059200,112201728,5142528
AVAD/V39_Guitar4,AVAD,spatial_block_r15,batch1,2,13,107059200,112201728,5142528
AVAD/V39_Guitar4,AVAD,spatial_block_r15,batch1,2,14,107059200,112201728,5142528
AVAD/V39_Guitar4,AVAD,spatial_block_r15,batch1,2,15,107059200,112201728,5142528
AVAD/V39_Guitar4,AVAD,spatial_block_r15,batch1,3,0,107059200,112201728,5142528
AVAD/V39_Guitar4,AVAD,spatial_block_r15,batch1,3,1,107059200,112201728,5142528
AVAD/V39_Guitar4,AVAD,spatial_block_r15,batch1,3,2,107059200,112201728,5142528
AVAD/V39_Guitar4,AVAD,spatial_block_r15,batch1,3,3,107059200,112201728,5142528
AVAD/V39_Guitar4,AVAD,spatial_block_r15,batch1,3,4,107059200,112201728,5142528
AVAD/V39_Guitar4,AVAD,spatial_block_r15,batch1,3,5,107059200,112201728,5142528
AVAD/V39_Guitar4,AVAD,spatial_block_r15,batch1,3,6,107059200,112201728,5142528
AVAD/V39_Guitar4,AVAD,spatial_block_r15,batch1,3,7,107059200,112201728,5142528
AVAD/V39_Guitar4,AVAD,spatial_block_r15,batch1,3,8,107059200,112201728,5142528
AVAD/V39_Guitar4,AVAD,spatial_block_r15,batch1,3,9,107059200,112201728,5142528
AVAD/V39_Guitar4,AVAD,spatial_block_r15,batch1,3,10,107059200,112201728,5142528
AVAD/V39_Guitar4,AVAD,spatial_block_r15,batch1,3,11,107059200,112201728,5142528
AVAD/V39_Guitar4,AVAD,spatial_block_r15,batch1,3,12,107059200,112201728,5142528
AVAD/V39_Guitar4,AVAD,spatial_block_r15,batch1,3,13,107059200,112201728,5142528
AVAD/V39_Guitar4,AVAD,spatial_block_r15,batch1,3,14,107059200,112201728,5142528
AVAD/V39_Guitar4,AVAD,spatial_block_r15,batch1,3,15,107059200,112201728,5142528
AVAD/V39_Guitar4,AVAD,spatial_block_r15,batch1,4,0,107059200,112201728,5142528
AVAD/V39_Guitar4,AVAD,spatial_block_r15,batch1,4,1,107059200,112201728,5142528
AVAD/V39_Guitar4,AVAD,spatial_block_r15,batch1,4,2,107059200,112201728,5142528
AVAD/V39_Guitar4,AVAD,spatial_block_r15,batch1,4,3,107059200,112201728,5142528
AVAD/V39_Guitar4,AVAD,spatial_block_r15,batch1,4,4,107059200,112201728,5142528
AVAD/V39_Guitar4,AVAD,spatial_block_r15,batch1,4,5,107059200,112201728,5142528
AVAD/V39_Guitar4,AVAD,spatial_block_r15,batch1,4,6,107059200,112201728,5142528
AVAD/V39_Guitar4,AVAD,spatial_block_r15,batch1,4,7,107059200,112201728,5142528
AVAD/V39_Guitar4,AVAD,spatial_block_r15,batch1,4,8,107059200,112201728,5142528
AVAD/V39_Guitar4,AVAD,spatial_block_r15,batch1,4,9,107059200,112201728,5142528
AVAD/V39_Guitar4,AVAD,spatial_block_r15,batch1,4,10,107059200,112201728,5142528
AVAD/V39_Guitar4,AVAD,spatial_block_r15,batch1,4,11,107059200,112201728,5142528
AVAD/V39_Guitar4,AVAD,spatial_block_r15,batch1,4,12,107059200,112201728,5142528
AVAD/V39_Guitar4,AVAD,spatial_block_r15,batch1,4,13,107059200,112201728,5142528
AVAD/V39_Guitar4,AVAD,spatial_block_r15,batch1,4,14,107059200,112201728,5142528
AVAD/V39_Guitar4,AVAD,spatial_block_r15,batch1,4,15,107059200,112201728,5142528
AVAD/V39_Guitar4,AVAD,spatial_block_r15,batch1,5,0,107059200,112201728,5142528
AVAD/V39_Guitar4,AVAD,spatial_block_r15,batch1,5,1,107059200,112201728,5142528
AVAD/V39_Guitar4,AVAD,spatial_block_r15,batch1,5,2,107059200,112201728,5142528
AVAD/V39_Guitar4,AVAD,spatial_block_r15,batch1,5,3,107059200,112201728,5142528
AVAD/V39_Guitar4,AVAD,spatial_block_r15,batch1,5,4,107059200,112201728,5142528
AVAD/V39_Guitar4,AVAD,spatial_block_r15,batch1,5,5,107059200,112201728,5142528
AVAD/V39_Guitar4,AVAD,spatial_block_r15,batch1,5,6,107059200,112201728,5142528
AVAD/V39_Guitar4,AVAD,spatial_block_r15,batch1,5,7,107059200,112201728,5142528
AVAD/V39_Guitar4,AVAD,spatial_block_r15,batch1,5,8,107059200,112201728,5142528
AVAD/V39_Guitar4,AVAD,spatial_block_r15,batch1,5,9,107059200,112201728,5142528
AVAD/V39_Guitar4,AVAD,spatial_block_r15,batch1,5,10,107059200,112201728,5142528
AVAD/V39_Guitar4,AVAD,spatial_block_r15,batch1,5,11,107059200,112201728,5142528
AVAD/V39_Guitar4,AVAD,spatial_block_r15,batch1,5,12,107059200,112201728,5142528
AVAD/V39_Guitar4,AVAD,spatial_block_r15,batch1,5,13,107059200,112201728,5142528
AVAD/V39_Guitar4,AVAD,spatial_block_r15,batch1,5,14,107059200,112201728,5142528
AVAD/V39_Guitar4,AVAD,spatial_block_r15,batch1,5,15,107059200,112201728,5142528
AVAD/V39_Guitar4,AVAD,spatial_block_r15,batch1,6,0,107059200,112201728,5142528
AVAD/V39_Guitar4,AVAD,spatial_block_r15,batch1,6,1,107059200,112201728,5142528
AVAD/V39_Guitar4,AVAD,spatial_block_r15,batch1,6,2,107059200,112201728,5142528
AVAD/V39_Guitar4,AVAD,spatial_block_r15,batch1,6,3,107059200,112201728,5142528
AVAD/V39_Guitar4,AVAD,spatial_block_r15,batch1,6,4,107059200,112201728,5142528
AVAD/V39_Guitar4,AVAD,spatial_block_r15,batch1,6,5,107059200,112201728,5142528
AVAD/V39_Guitar4,AVAD,spatial_block_r15,batch1,6,6,107059200,112201728,5142528
AVAD/V39_Guitar4,AVAD,spatial_block_r15,batch1,6,7,107059200,112201728,5142528
AVAD/V39_Guitar4,AVAD,spatial_block_r15,batch1,6,8,107059200,112201728,5142528
AVAD/V39_Guitar4,AVAD,spatial_block_r15,batch1,6,9,107059200,112201728,5142528
AVAD/V39_Guitar4,AVAD,spatial_block_r15,batch1,6,10,107059200,112201728,5142528
AVAD/V39_Guitar4,AVAD,spatial_block_r15,batch1,6,11,107059200,112201728,5142528
AVAD/V39_Guitar4,AVAD,spatial_block_r15,batch1,6,12,107059200,112201728,5142528
AVAD/V39_Guitar4,AVAD,spatial_block_r15,batch1,6,13,107059200,112201728,5142528
AVAD/V39_Guitar4,AVAD,spatial_block_r15,batch1,6,14,107059200,112201728,5142528
AVAD/V39_Guitar4,AVAD,spatial_block_r15,batch1,6,15,107059200,112201728,5142528
AVAD/V39_Guitar4,AVAD,spatial_block_r15,batch1,7,0,107059200,112201728,5142528
AVAD/V39_Guitar4,AVAD,spatial_block_r15,batch1,7,1,107059200,112201728,5142528
AVAD/V39_Guitar4,AVAD,spatial_block_r15,batch1,7,2,107059200,112201728,5142528
AVAD/V39_Guitar4,AVAD,spatial_block_r15,batch1,7,3,107059200,112201728,5142528
AVAD/V39_Guitar4,AVAD,spatial_block_r15,batch1,7,4,107059200,112201728,5142528
AVAD/V39_Guitar4,AVAD,spatial_block_r15,batch1,7,5,107059200,112201728,5142528
AVAD/V39_Guitar4,AVAD,spatial_block_r15,batch1,7,6,107059200,112201728,5142528
AVAD/V39_Guitar4,AVAD,spatial_block_r15,batch1,7,7,107059200,112201728,5142528
AVAD/V39_Guitar4,AVAD,spatial_block_r15,batch1,7,8,107059200,112201728,5142528
AVAD/V39_Guitar4,AVAD,spatial_block_r15,batch1,7,9,107059200,112201728,5142528
AVAD/V39_Guitar4,AVAD,spatial_block_r15,batch1,7,10,107059200,112201728,5142528
AVAD/V39_Guitar4,AVAD,spatial_block_r15,batch1,7,11,107059200,112201728,5142528
AVAD/V39_Guitar4,AVAD,spatial_block_r15,batch1,7,12,107059200,112201728,5142528
AVAD/V39_Guitar4,AVAD,spatial_block_r15,batch1,7,13,107059200,112201728,5142528
AVAD/V39_Guitar4,AVAD,spatial_block_r15,batch1,7,14,107059200,112201728,5142528
AVAD/V39_Guitar4,AVAD,spatial_block_r15,batch1,7,15,107059200,112201728,5142528
AVAD/V39_Guitar4,AVAD,spatial_block_r15,batch1,8,0,107059200,112201728,5142528
AVAD/V39_Guitar4,AVAD,spatial_block_r15,batch1,8,1,107059200,112201728,5142528
AVAD/V39_Guitar4,AVAD,spatial_block_r15,batch1,8,2,107059200,112201728,5142528
AVAD/V39_Guitar4,AVAD,spatial_block_r15,batch1,8,3,107059200,112201728,5142528
AVAD/V39_Guitar4,AVAD,spatial_block_r15,batch1,8,4,107059200,112201728,5142528
AVAD/V39_Guitar4,AVAD,spatial_block_r15,batch1,8,5,107059200,112201728,5142528
AVAD/V39_Guitar4,AVAD,spatial_block_r15,batch1,8,6,107059200,112201728,5142528
AVAD/V39_Guitar4,AVAD,spatial_block_r15,batch1,8,7,107059200,112201728,5142528
AVAD/V39_Guitar4,AVAD,spatial_block_r15,batch1,8,8,107059200,112201728,5142528
AVAD/V39_Guitar4,AVAD,spatial_block_r15,batch1,8,9,107059200,112201728,5142528
AVAD/V39_Guitar4,AVAD,spatial_block_r15,batch1,8,10,107059200,112201728,5142528
AVAD/V39_Guitar4,AVAD,spatial_block_r15,batch1,8,11,107059200,112201728,5142528
AVAD/V39_Guitar4,AVAD,spatial_block_r15,batch1,8,12,107059200,112201728,5142528
AVAD/V39_Guitar4,AVAD,spatial_block_r15,batch1,8,13,107059200,112201728,5142528
AVAD/V39_Guitar4,AVAD,spatial_block_r15,batch1,8,14,107059200,112201728,5142528
AVAD/V39_Guitar4,AVAD,spatial_block_r15,batch1,8,15,107059200,112201728,5142528
AVAD/V39_Guitar4,AVAD,spatial_block_r15,batch1,9,0,107059200,112201728,5142528
AVAD/V39_Guitar4,AVAD,spatial_block_r15,batch1,9,1,107059200,112201728,5142528
AVAD/V39_Guitar4,AVAD,spatial_block_r15,batch1,9,2,107059200,112201728,5142528
AVAD/V39_Guitar4,AVAD,spatial_block_r15,batch1,9,3,107059200,112201728,5142528
AVAD/V39_Guitar4,AVAD,spatial_block_r15,batch1,9,4,107059200,112201728,5142528
AVAD/V39_Guitar4,AVAD,spatial_block_r15,batch1,9,5,107059200,112201728,5142528
AVAD/V39_Guitar4,AVAD,spatial_block_r15,batch1,9,6,107059200,112201728,5142528
AVAD/V39_Guitar4,AVAD,spatial_block_r15,batch1,9,7,107059200,112201728,5142528
AVAD/V39_Guitar4,AVAD,spatial_block_r15,batch1,9,8,107059200,112201728,5142528
AVAD/V39_Guitar4,AVAD,spatial_block_r15,batch1,9,9,107059200,112201728,5142528
AVAD/V39_Guitar4,AVAD,spatial_block_r15,batch1,9,10,107059200,112201728,5142528
AVAD/V39_Guitar4,AVAD,spatial_block_r15,batch1,9,11,107059200,112201728,5142528
AVAD/V39_Guitar4,AVAD,spatial_block_r15,batch1,9,12,107059200,112201728,5142528
AVAD/V39_Guitar4,AVAD,spatial_block_r15,batch1,9,13,107059200,112201728,5142528
AVAD/V39_Guitar4,AVAD,spatial_block_r15,batch1,9,14,107059200,112201728,5142528
AVAD/V39_Guitar4,AVAD,spatial_block_r15,batch1,9,15,107059200,112201728,5142528
SumMe/Kids_playing_in_leaves,SumMe,dense,batch1,0,0,106403840,110509056,4105216
SumMe/Kids_playing_in_leaves,SumMe,dense,batch1,0,1,106403840,110509056,4105216
SumMe/Kids_playing_in_leaves,SumMe,dense,batch1,0,2,106403840,110509056,4105216
SumMe/Kids_playing_in_leaves,SumMe,dense,batch1,0,3,106403840,110509056,4105216
SumMe/Kids_playing_in_leaves,SumMe,dense,batch1,0,4,106403840,110509056,4105216
SumMe/Kids_playing_in_leaves,SumMe,dense,batch1,0,5,106403840,110509056,4105216
SumMe/Kids_playing_in_leaves,SumMe,dense,batch1,0,6,106403840,110509056,4105216
SumMe/Kids_playing_in_leaves,SumMe,dense,batch1,0,7,106403840,110509056,4105216
SumMe/Kids_playing_in_leaves,SumMe,dense,batch1,0,8,106403840,110509056,4105216
SumMe/Kids_playing_in_leaves,SumMe,dense,batch1,0,9,106403840,110509056,4105216
SumMe/Kids_playing_in_leaves,SumMe,dense,batch1,0,10,106403840,110509056,4105216
SumMe/Kids_playing_in_leaves,SumMe,dense,batch1,0,11,106403840,110509056,4105216
SumMe/Kids_playing_in_leaves,SumMe,dense,batch1,0,12,106403840,110509056,4105216
SumMe/Kids_playing_in_leaves,SumMe,dense,batch1,0,13,106403840,110509056,4105216
SumMe/Kids_playing_in_leaves,SumMe,dense,batch1,0,14,106403840,110509056,4105216
SumMe/Kids_playing_in_leaves,SumMe,dense,batch1,0,15,106403840,110509056,4105216
SumMe/Kids_playing_in_leaves,SumMe,dense,batch1,1,0,106403840,110509056,4105216
SumMe/Kids_playing_in_leaves,SumMe,dense,batch1,1,1,106403840,110509056,4105216
SumMe/Kids_playing_in_leaves,SumMe,dense,batch1,1,2,106403840,110509056,4105216
SumMe/Kids_playing_in_leaves,SumMe,dense,batch1,1,3,106403840,110509056,4105216
SumMe/Kids_playing_in_leaves,SumMe,dense,batch1,1,4,106403840,110509056,4105216
SumMe/Kids_playing_in_leaves,SumMe,dense,batch1,1,5,106403840,110509056,4105216
SumMe/Kids_playing_in_leaves,SumMe,dense,batch1,1,6,106403840,110509056,4105216
SumMe/Kids_playing_in_leaves,SumMe,dense,batch1,1,7,106403840,110509056,4105216
SumMe/Kids_playing_in_leaves,SumMe,dense,batch1,1,8,106403840,110509056,4105216
SumMe/Kids_playing_in_leaves,SumMe,dense,batch1,1,9,106403840,110509056,4105216
SumMe/Kids_playing_in_leaves,SumMe,dense,batch1,1,10,106403840,110509056,4105216
SumMe/Kids_playing_in_leaves,SumMe,dense,batch1,1,11,106403840,110509056,4105216
SumMe/Kids_playing_in_leaves,SumMe,dense,batch1,1,12,106403840,110509056,4105216
SumMe/Kids_playing_in_leaves,SumMe,dense,batch1,1,13,106403840,110509056,4105216
SumMe/Kids_playing_in_leaves,SumMe,dense,batch1,1,14,106403840,110509056,4105216
SumMe/Kids_playing_in_leaves,SumMe,dense,batch1,1,15,106403840,110509056,4105216
SumMe/Kids_playing_in_leaves,SumMe,dense,batch1,2,0,106403840,110509056,4105216
SumMe/Kids_playing_in_leaves,SumMe,dense,batch1,2,1,106403840,110509056,4105216
SumMe/Kids_playing_in_leaves,SumMe,dense,batch1,2,2,106403840,110509056,4105216
SumMe/Kids_playing_in_leaves,SumMe,dense,batch1,2,3,106403840,110509056,4105216
SumMe/Kids_playing_in_leaves,SumMe,dense,batch1,2,4,106403840,110509056,4105216
SumMe/Kids_playing_in_leaves,SumMe,dense,batch1,2,5,106403840,110509056,4105216
SumMe/Kids_playing_in_leaves,SumMe,dense,batch1,2,6,106403840,110509056,4105216
SumMe/Kids_playing_in_leaves,SumMe,dense,batch1,2,7,106403840,110509056,4105216
SumMe/Kids_playing_in_leaves,SumMe,dense,batch1,2,8,106403840,110509056,4105216
SumMe/Kids_playing_in_leaves,SumMe,dense,batch1,2,9,106403840,110509056,4105216
SumMe/Kids_playing_in_leaves,SumMe,dense,batch1,2,10,106403840,110509056,4105216
SumMe/Kids_playing_in_leaves,SumMe,dense,batch1,2,11,106403840,110509056,4105216
SumMe/Kids_playing_in_leaves,SumMe,dense,batch1,2,12,106403840,110509056,4105216
SumMe/Kids_playing_in_leaves,SumMe,dense,batch1,2,13,106403840,110509056,4105216
SumMe/Kids_playing_in_leaves,SumMe,dense,batch1,2,14,106403840,110509056,4105216
SumMe/Kids_playing_in_leaves,SumMe,dense,batch1,2,15,106403840,110509056,4105216
SumMe/Kids_playing_in_leaves,SumMe,dense,batch1,3,0,106403840,110509056,4105216
SumMe/Kids_playing_in_leaves,SumMe,dense,batch1,3,1,106403840,110509056,4105216
SumMe/Kids_playing_in_leaves,SumMe,dense,batch1,3,2,106403840,110509056,4105216
SumMe/Kids_playing_in_leaves,SumMe,dense,batch1,3,3,106403840,110509056,4105216
SumMe/Kids_playing_in_leaves,SumMe,dense,batch1,3,4,106403840,110509056,4105216
SumMe/Kids_playing_in_leaves,SumMe,dense,batch1,3,5,106403840,110509056,4105216
SumMe/Kids_playing_in_leaves,SumMe,dense,batch1,3,6,106403840,110509056,4105216
SumMe/Kids_playing_in_leaves,SumMe,dense,batch1,3,7,106403840,110509056,4105216
SumMe/Kids_playing_in_leaves,SumMe,dense,batch1,3,8,106403840,110509056,4105216
SumMe/Kids_playing_in_leaves,SumMe,dense,batch1,3,9,106403840,110509056,4105216
SumMe/Kids_playing_in_leaves,SumMe,dense,batch1,3,10,106403840,110509056,4105216
SumMe/Kids_playing_in_leaves,SumMe,dense,batch1,3,11,106403840,110509056,4105216
SumMe/Kids_playing_in_leaves,SumMe,dense,batch1,3,12,106403840,110509056,4105216
SumMe/Kids_playing_in_leaves,SumMe,dense,batch1,3,13,106403840,110509056,4105216
SumMe/Kids_playing_in_leaves,SumMe,dense,batch1,3,14,106403840,110509056,4105216
SumMe/Kids_playing_in_leaves,SumMe,dense,batch1,3,15,106403840,110509056,4105216
SumMe/Kids_playing_in_leaves,SumMe,dense,batch1,4,0,106403840,110509056,4105216
SumMe/Kids_playing_in_leaves,SumMe,dense,batch1,4,1,106403840,110509056,4105216
SumMe/Kids_playing_in_leaves,SumMe,dense,batch1,4,2,106403840,110509056,4105216
SumMe/Kids_playing_in_leaves,SumMe,dense,batch1,4,3,106403840,110509056,4105216
SumMe/Kids_playing_in_leaves,SumMe,dense,batch1,4,4,106403840,110509056,4105216
SumMe/Kids_playing_in_leaves,SumMe,dense,batch1,4,5,106403840,110509056,4105216
SumMe/Kids_playing_in_leaves,SumMe,dense,batch1,4,6,106403840,110509056,4105216
SumMe/Kids_playing_in_leaves,SumMe,dense,batch1,4,7,106403840,110509056,4105216
SumMe/Kids_playing_in_leaves,SumMe,dense,batch1,4,8,106403840,110509056,4105216
SumMe/Kids_playing_in_leaves,SumMe,dense,batch1,4,9,106403840,110509056,4105216
SumMe/Kids_playing_in_leaves,SumMe,dense,batch1,4,10,106403840,110509056,4105216
SumMe/Kids_playing_in_leaves,SumMe,dense,batch1,4,11,106403840,110509056,4105216
SumMe/Kids_playing_in_leaves,SumMe,dense,batch1,4,12,106403840,110509056,4105216
SumMe/Kids_playing_in_leaves,SumMe,dense,batch1,4,13,106403840,110509056,4105216
SumMe/Kids_playing_in_leaves,SumMe,dense,batch1,4,14,106403840,110509056,4105216
SumMe/Kids_playing_in_leaves,SumMe,dense,batch1,4,15,106403840,110509056,4105216
SumMe/Kids_playing_in_leaves,SumMe,dense,batch1,5,0,106403840,110509056,4105216
SumMe/Kids_playing_in_leaves,SumMe,dense,batch1,5,1,106403840,110509056,4105216
SumMe/Kids_playing_in_leaves,SumMe,dense,batch1,5,2,106403840,110509056,4105216
SumMe/Kids_playing_in_leaves,SumMe,dense,batch1,5,3,106403840,110509056,4105216
SumMe/Kids_playing_in_leaves,SumMe,dense,batch1,5,4,106403840,110509056,4105216
SumMe/Kids_playing_in_leaves,SumMe,dense,batch1,5,5,106403840,110509056,4105216
SumMe/Kids_playing_in_leaves,SumMe,dense,batch1,5,6,106403840,110509056,4105216
SumMe/Kids_playing_in_leaves,SumMe,dense,batch1,5,7,106403840,110509056,4105216
SumMe/Kids_playing_in_leaves,SumMe,dense,batch1,5,8,106403840,110509056,4105216
SumMe/Kids_playing_in_leaves,SumMe,dense,batch1,5,9,106403840,110509056,4105216
SumMe/Kids_playing_in_leaves,SumMe,dense,batch1,5,10,106403840,110509056,4105216
SumMe/Kids_playing_in_leaves,SumMe,dense,batch1,5,11,106403840,110509056,4105216
SumMe/Kids_playing_in_leaves,SumMe,dense,batch1,5,12,106403840,110509056,4105216
SumMe/Kids_playing_in_leaves,SumMe,dense,batch1,5,13,106403840,110509056,4105216
SumMe/Kids_playing_in_leaves,SumMe,dense,batch1,5,14,106403840,110509056,4105216
SumMe/Kids_playing_in_leaves,SumMe,dense,batch1,5,15,106403840,110509056,4105216
SumMe/Kids_playing_in_leaves,SumMe,dense,batch1,6,0,106403840,110509056,4105216
SumMe/Kids_playing_in_leaves,SumMe,dense,batch1,6,1,106403840,110509056,4105216
SumMe/Kids_playing_in_leaves,SumMe,dense,batch1,6,2,106403840,110509056,4105216
SumMe/Kids_playing_in_leaves,SumMe,dense,batch1,6,3,106403840,110509056,4105216
SumMe/Kids_playing_in_leaves,SumMe,dense,batch1,6,4,106403840,110509056,4105216
SumMe/Kids_playing_in_leaves,SumMe,dense,batch1,6,5,106403840,110509056,4105216
SumMe/Kids_playing_in_leaves,SumMe,dense,batch1,6,6,106403840,110509056,4105216
SumMe/Kids_playing_in_leaves,SumMe,dense,batch1,6,7,106403840,110509056,4105216
SumMe/Kids_playing_in_leaves,SumMe,dense,batch1,6,8,106403840,110509056,4105216
SumMe/Kids_playing_in_leaves,SumMe,dense,batch1,6,9,106403840,110509056,4105216
SumMe/Kids_playing_in_leaves,SumMe,dense,batch1,6,10,106403840,110509056,4105216
SumMe/Kids_playing_in_leaves,SumMe,dense,batch1,6,11,106403840,110509056,4105216
SumMe/Kids_playing_in_leaves,SumMe,dense,batch1,6,12,106403840,110509056,4105216
SumMe/Kids_playing_in_leaves,SumMe,dense,batch1,6,13,106403840,110509056,4105216
SumMe/Kids_playing_in_leaves,SumMe,dense,batch1,6,14,106403840,110509056,4105216
SumMe/Kids_playing_in_leaves,SumMe,dense,batch1,6,15,106403840,110509056,4105216
SumMe/Kids_playing_in_leaves,SumMe,dense,batch1,7,0,106403840,110509056,4105216
SumMe/Kids_playing_in_leaves,SumMe,dense,batch1,7,1,106403840,110509056,4105216
SumMe/Kids_playing_in_leaves,SumMe,dense,batch1,7,2,106403840,110509056,4105216
SumMe/Kids_playing_in_leaves,SumMe,dense,batch1,7,3,106403840,110509056,4105216
SumMe/Kids_playing_in_leaves,SumMe,dense,batch1,7,4,106403840,110509056,4105216
SumMe/Kids_playing_in_leaves,SumMe,dense,batch1,7,5,106403840,110509056,4105216
SumMe/Kids_playing_in_leaves,SumMe,dense,batch1,7,6,106403840,110509056,4105216
SumMe/Kids_playing_in_leaves,SumMe,dense,batch1,7,7,106403840,110509056,4105216
SumMe/Kids_playing_in_leaves,SumMe,dense,batch1,7,8,106403840,110509056,4105216
SumMe/Kids_playing_in_leaves,SumMe,dense,batch1,7,9,106403840,110509056,4105216
SumMe/Kids_playing_in_leaves,SumMe,dense,batch1,7,10,106403840,110509056,4105216
SumMe/Kids_playing_in_leaves,SumMe,dense,batch1,7,11,106403840,110509056,4105216
SumMe/Kids_playing_in_leaves,SumMe,dense,batch1,7,12,106403840,110509056,4105216
SumMe/Kids_playing_in_leaves,SumMe,dense,batch1,7,13,106403840,110509056,4105216
SumMe/Kids_playing_in_leaves,SumMe,dense,batch1,7,14,106403840,110509056,4105216
SumMe/Kids_playing_in_leaves,SumMe,dense,batch1,7,15,106403840,110509056,4105216
SumMe/Kids_playing_in_leaves,SumMe,dense,batch1,8,0,106403840,110509056,4105216
SumMe/Kids_playing_in_leaves,SumMe,dense,batch1,8,1,106403840,110509056,4105216
SumMe/Kids_playing_in_leaves,SumMe,dense,batch1,8,2,106403840,110509056,4105216
SumMe/Kids_playing_in_leaves,SumMe,dense,batch1,8,3,106403840,110509056,4105216
SumMe/Kids_playing_in_leaves,SumMe,dense,batch1,8,4,106403840,110509056,4105216
SumMe/Kids_playing_in_leaves,SumMe,dense,batch1,8,5,106403840,110509056,4105216
SumMe/Kids_playing_in_leaves,SumMe,dense,batch1,8,6,106403840,110509056,4105216
SumMe/Kids_playing_in_leaves,SumMe,dense,batch1,8,7,106403840,110509056,4105216
SumMe/Kids_playing_in_leaves,SumMe,dense,batch1,8,8,106403840,110509056,4105216
SumMe/Kids_playing_in_leaves,SumMe,dense,batch1,8,9,106403840,110509056,4105216
SumMe/Kids_playing_in_leaves,SumMe,dense,batch1,8,10,106403840,110509056,4105216
SumMe/Kids_playing_in_leaves,SumMe,dense,batch1,8,11,106403840,110509056,4105216
SumMe/Kids_playing_in_leaves,SumMe,dense,batch1,8,12,106403840,110509056,4105216
SumMe/Kids_playing_in_leaves,SumMe,dense,batch1,8,13,106403840,110509056,4105216
SumMe/Kids_playing_in_leaves,SumMe,dense,batch1,8,14,106403840,110509056,4105216
SumMe/Kids_playing_in_leaves,SumMe,dense,batch1,8,15,106403840,110509056,4105216
SumMe/Kids_playing_in_leaves,SumMe,dense,batch1,9,0,106403840,110509056,4105216
SumMe/Kids_playing_in_leaves,SumMe,dense,batch1,9,1,106403840,110509056,4105216
SumMe/Kids_playing_in_leaves,SumMe,dense,batch1,9,2,106403840,110509056,4105216
SumMe/Kids_playing_in_leaves,SumMe,dense,batch1,9,3,106403840,110509056,4105216
SumMe/Kids_playing_in_leaves,SumMe,dense,batch1,9,4,106403840,110509056,4105216
SumMe/Kids_playing_in_leaves,SumMe,dense,batch1,9,5,106403840,110509056,4105216
SumMe/Kids_playing_in_leaves,SumMe,dense,batch1,9,6,106403840,110509056,4105216
SumMe/Kids_playing_in_leaves,SumMe,dense,batch1,9,7,106403840,110509056,4105216
SumMe/Kids_playing_in_leaves,SumMe,dense,batch1,9,8,106403840,110509056,4105216
SumMe/Kids_playing_in_leaves,SumMe,dense,batch1,9,9,106403840,110509056,4105216
SumMe/Kids_playing_in_leaves,SumMe,dense,batch1,9,10,106403840,110509056,4105216
SumMe/Kids_playing_in_leaves,SumMe,dense,batch1,9,11,106403840,110509056,4105216
SumMe/Kids_playing_in_leaves,SumMe,dense,batch1,9,12,106403840,110509056,4105216
SumMe/Kids_playing_in_leaves,SumMe,dense,batch1,9,13,106403840,110509056,4105216
SumMe/Kids_playing_in_leaves,SumMe,dense,batch1,9,14,106403840,110509056,4105216
SumMe/Kids_playing_in_leaves,SumMe,dense,batch1,9,15,106403840,110509056,4105216
SumMe/Kids_playing_in_leaves,SumMe,central_k16,batch1,0,0,106403840,107232768,828928
SumMe/Kids_playing_in_leaves,SumMe,central_k16,batch1,0,1,106403840,107232768,828928
SumMe/Kids_playing_in_leaves,SumMe,central_k16,batch1,0,2,106403840,107232768,828928
SumMe/Kids_playing_in_leaves,SumMe,central_k16,batch1,0,3,106403840,107232768,828928
SumMe/Kids_playing_in_leaves,SumMe,central_k16,batch1,0,4,106403840,107232768,828928
SumMe/Kids_playing_in_leaves,SumMe,central_k16,batch1,0,5,106403840,107232768,828928
SumMe/Kids_playing_in_leaves,SumMe,central_k16,batch1,0,6,106403840,107232768,828928
SumMe/Kids_playing_in_leaves,SumMe,central_k16,batch1,0,7,106403840,107232768,828928
SumMe/Kids_playing_in_leaves,SumMe,central_k16,batch1,0,8,106403840,107232768,828928
SumMe/Kids_playing_in_leaves,SumMe,central_k16,batch1,0,9,106403840,107232768,828928
SumMe/Kids_playing_in_leaves,SumMe,central_k16,batch1,0,10,106403840,107232768,828928
SumMe/Kids_playing_in_leaves,SumMe,central_k16,batch1,0,11,106403840,107232768,828928
SumMe/Kids_playing_in_leaves,SumMe,central_k16,batch1,0,12,106403840,107232768,828928
SumMe/Kids_playing_in_leaves,SumMe,central_k16,batch1,0,13,106403840,107232768,828928
SumMe/Kids_playing_in_leaves,SumMe,central_k16,batch1,0,14,106403840,107232768,828928
SumMe/Kids_playing_in_leaves,SumMe,central_k16,batch1,0,15,106403840,107232768,828928
SumMe/Kids_playing_in_leaves,SumMe,central_k16,batch1,1,0,106403840,107232768,828928
SumMe/Kids_playing_in_leaves,SumMe,central_k16,batch1,1,1,106403840,107232768,828928
SumMe/Kids_playing_in_leaves,SumMe,central_k16,batch1,1,2,106403840,107232768,828928
SumMe/Kids_playing_in_leaves,SumMe,central_k16,batch1,1,3,106403840,107232768,828928
SumMe/Kids_playing_in_leaves,SumMe,central_k16,batch1,1,4,106403840,107232768,828928
SumMe/Kids_playing_in_leaves,SumMe,central_k16,batch1,1,5,106403840,107232768,828928
SumMe/Kids_playing_in_leaves,SumMe,central_k16,batch1,1,6,106403840,107232768,828928
SumMe/Kids_playing_in_leaves,SumMe,central_k16,batch1,1,7,106403840,107232768,828928
SumMe/Kids_playing_in_leaves,SumMe,central_k16,batch1,1,8,106403840,107232768,828928
SumMe/Kids_playing_in_leaves,SumMe,central_k16,batch1,1,9,106403840,107232768,828928
SumMe/Kids_playing_in_leaves,SumMe,central_k16,batch1,1,10,106403840,107232768,828928
SumMe/Kids_playing_in_leaves,SumMe,central_k16,batch1,1,11,106403840,107232768,828928
SumMe/Kids_playing_in_leaves,SumMe,central_k16,batch1,1,12,106403840,107232768,828928
SumMe/Kids_playing_in_leaves,SumMe,central_k16,batch1,1,13,106403840,107232768,828928
SumMe/Kids_playing_in_leaves,SumMe,central_k16,batch1,1,14,106403840,107232768,828928
SumMe/Kids_playing_in_leaves,SumMe,central_k16,batch1,1,15,106403840,107232768,828928
SumMe/Kids_playing_in_leaves,SumMe,central_k16,batch1,2,0,106403840,107232768,828928
SumMe/Kids_playing_in_leaves,SumMe,central_k16,batch1,2,1,106403840,107232768,828928
SumMe/Kids_playing_in_leaves,SumMe,central_k16,batch1,2,2,106403840,107232768,828928
SumMe/Kids_playing_in_leaves,SumMe,central_k16,batch1,2,3,106403840,107232768,828928
SumMe/Kids_playing_in_leaves,SumMe,central_k16,batch1,2,4,106403840,107232768,828928
SumMe/Kids_playing_in_leaves,SumMe,central_k16,batch1,2,5,106403840,107232768,828928
SumMe/Kids_playing_in_leaves,SumMe,central_k16,batch1,2,6,106403840,107232768,828928
SumMe/Kids_playing_in_leaves,SumMe,central_k16,batch1,2,7,106403840,107232768,828928
SumMe/Kids_playing_in_leaves,SumMe,central_k16,batch1,2,8,106403840,107232768,828928
SumMe/Kids_playing_in_leaves,SumMe,central_k16,batch1,2,9,106403840,107232768,828928
SumMe/Kids_playing_in_leaves,SumMe,central_k16,batch1,2,10,106403840,107232768,828928
SumMe/Kids_playing_in_leaves,SumMe,central_k16,batch1,2,11,106403840,107232768,828928
SumMe/Kids_playing_in_leaves,SumMe,central_k16,batch1,2,12,106403840,107232768,828928
SumMe/Kids_playing_in_leaves,SumMe,central_k16,batch1,2,13,106403840,107232768,828928
SumMe/Kids_playing_in_leaves,SumMe,central_k16,batch1,2,14,106403840,107232768,828928
SumMe/Kids_playing_in_leaves,SumMe,central_k16,batch1,2,15,106403840,107232768,828928
SumMe/Kids_playing_in_leaves,SumMe,central_k16,batch1,3,0,106403840,107232768,828928
SumMe/Kids_playing_in_leaves,SumMe,central_k16,batch1,3,1,106403840,107232768,828928
SumMe/Kids_playing_in_leaves,SumMe,central_k16,batch1,3,2,106403840,107232768,828928
SumMe/Kids_playing_in_leaves,SumMe,central_k16,batch1,3,3,106403840,107232768,828928
SumMe/Kids_playing_in_leaves,SumMe,central_k16,batch1,3,4,106403840,107232768,828928
SumMe/Kids_playing_in_leaves,SumMe,central_k16,batch1,3,5,106403840,107232768,828928
SumMe/Kids_playing_in_leaves,SumMe,central_k16,batch1,3,6,106403840,107232768,828928
SumMe/Kids_playing_in_leaves,SumMe,central_k16,batch1,3,7,106403840,107232768,828928
SumMe/Kids_playing_in_leaves,SumMe,central_k16,batch1,3,8,106403840,107232768,828928
SumMe/Kids_playing_in_leaves,SumMe,central_k16,batch1,3,9,106403840,107232768,828928
SumMe/Kids_playing_in_leaves,SumMe,central_k16,batch1,3,10,106403840,107232768,828928
SumMe/Kids_playing_in_leaves,SumMe,central_k16,batch1,3,11,106403840,107232768,828928
SumMe/Kids_playing_in_leaves,SumMe,central_k16,batch1,3,12,106403840,107232768,828928
SumMe/Kids_playing_in_leaves,SumMe,central_k16,batch1,3,13,106403840,107232768,828928
SumMe/Kids_playing_in_leaves,SumMe,central_k16,batch1,3,14,106403840,107232768,828928
SumMe/Kids_playing_in_leaves,SumMe,central_k16,batch1,3,15,106403840,107232768,828928
SumMe/Kids_playing_in_leaves,SumMe,central_k16,batch1,4,0,106403840,107232768,828928
SumMe/Kids_playing_in_leaves,SumMe,central_k16,batch1,4,1,106403840,107232768,828928
SumMe/Kids_playing_in_leaves,SumMe,central_k16,batch1,4,2,106403840,107232768,828928
SumMe/Kids_playing_in_leaves,SumMe,central_k16,batch1,4,3,106403840,107232768,828928
SumMe/Kids_playing_in_leaves,SumMe,central_k16,batch1,4,4,106403840,107232768,828928
SumMe/Kids_playing_in_leaves,SumMe,central_k16,batch1,4,5,106403840,107232768,828928
SumMe/Kids_playing_in_leaves,SumMe,central_k16,batch1,4,6,106403840,107232768,828928
SumMe/Kids_playing_in_leaves,SumMe,central_k16,batch1,4,7,106403840,107232768,828928
SumMe/Kids_playing_in_leaves,SumMe,central_k16,batch1,4,8,106403840,107232768,828928
SumMe/Kids_playing_in_leaves,SumMe,central_k16,batch1,4,9,106403840,107232768,828928
SumMe/Kids_playing_in_leaves,SumMe,central_k16,batch1,4,10,106403840,107232768,828928
SumMe/Kids_playing_in_leaves,SumMe,central_k16,batch1,4,11,106403840,107232768,828928
SumMe/Kids_playing_in_leaves,SumMe,central_k16,batch1,4,12,106403840,107232768,828928
SumMe/Kids_playing_in_leaves,SumMe,central_k16,batch1,4,13,106403840,107232768,828928
SumMe/Kids_playing_in_leaves,SumMe,central_k16,batch1,4,14,106403840,107232768,828928
SumMe/Kids_playing_in_leaves,SumMe,central_k16,batch1,4,15,106403840,107232768,828928
SumMe/Kids_playing_in_leaves,SumMe,central_k16,batch1,5,0,106403840,107232768,828928
SumMe/Kids_playing_in_leaves,SumMe,central_k16,batch1,5,1,106403840,107232768,828928
SumMe/Kids_playing_in_leaves,SumMe,central_k16,batch1,5,2,106403840,107232768,828928
SumMe/Kids_playing_in_leaves,SumMe,central_k16,batch1,5,3,106403840,107232768,828928
SumMe/Kids_playing_in_leaves,SumMe,central_k16,batch1,5,4,106403840,107232768,828928
SumMe/Kids_playing_in_leaves,SumMe,central_k16,batch1,5,5,106403840,107232768,828928
SumMe/Kids_playing_in_leaves,SumMe,central_k16,batch1,5,6,106403840,107232768,828928
SumMe/Kids_playing_in_leaves,SumMe,central_k16,batch1,5,7,106403840,107232768,828928
SumMe/Kids_playing_in_leaves,SumMe,central_k16,batch1,5,8,106403840,107232768,828928
SumMe/Kids_playing_in_leaves,SumMe,central_k16,batch1,5,9,106403840,107232768,828928
SumMe/Kids_playing_in_leaves,SumMe,central_k16,batch1,5,10,106403840,107232768,828928
SumMe/Kids_playing_in_leaves,SumMe,central_k16,batch1,5,11,106403840,107232768,828928
SumMe/Kids_playing_in_leaves,SumMe,central_k16,batch1,5,12,106403840,107232768,828928
SumMe/Kids_playing_in_leaves,SumMe,central_k16,batch1,5,13,106403840,107232768,828928
SumMe/Kids_playing_in_leaves,SumMe,central_k16,batch1,5,14,106403840,107232768,828928
SumMe/Kids_playing_in_leaves,SumMe,central_k16,batch1,5,15,106403840,107232768,828928
SumMe/Kids_playing_in_leaves,SumMe,central_k16,batch1,6,0,106403840,107232768,828928
SumMe/Kids_playing_in_leaves,SumMe,central_k16,batch1,6,1,106403840,107232768,828928
SumMe/Kids_playing_in_leaves,SumMe,central_k16,batch1,6,2,106403840,107232768,828928
SumMe/Kids_playing_in_leaves,SumMe,central_k16,batch1,6,3,106403840,107232768,828928
SumMe/Kids_playing_in_leaves,SumMe,central_k16,batch1,6,4,106403840,107232768,828928
SumMe/Kids_playing_in_leaves,SumMe,central_k16,batch1,6,5,106403840,107232768,828928
SumMe/Kids_playing_in_leaves,SumMe,central_k16,batch1,6,6,106403840,107232768,828928
SumMe/Kids_playing_in_leaves,SumMe,central_k16,batch1,6,7,106403840,107232768,828928
SumMe/Kids_playing_in_leaves,SumMe,central_k16,batch1,6,8,106403840,107232768,828928
SumMe/Kids_playing_in_leaves,SumMe,central_k16,batch1,6,9,106403840,107232768,828928
SumMe/Kids_playing_in_leaves,SumMe,central_k16,batch1,6,10,106403840,107232768,828928
SumMe/Kids_playing_in_leaves,SumMe,central_k16,batch1,6,11,106403840,107232768,828928
SumMe/Kids_playing_in_leaves,SumMe,central_k16,batch1,6,12,106403840,107232768,828928
SumMe/Kids_playing_in_leaves,SumMe,central_k16,batch1,6,13,106403840,107232768,828928
SumMe/Kids_playing_in_leaves,SumMe,central_k16,batch1,6,14,106403840,107232768,828928
SumMe/Kids_playing_in_leaves,SumMe,central_k16,batch1,6,15,106403840,107232768,828928
SumMe/Kids_playing_in_leaves,SumMe,central_k16,batch1,7,0,106403840,107232768,828928
SumMe/Kids_playing_in_leaves,SumMe,central_k16,batch1,7,1,106403840,107232768,828928
SumMe/Kids_playing_in_leaves,SumMe,central_k16,batch1,7,2,106403840,107232768,828928
SumMe/Kids_playing_in_leaves,SumMe,central_k16,batch1,7,3,106403840,107232768,828928
SumMe/Kids_playing_in_leaves,SumMe,central_k16,batch1,7,4,106403840,107232768,828928
SumMe/Kids_playing_in_leaves,SumMe,central_k16,batch1,7,5,106403840,107232768,828928
SumMe/Kids_playing_in_leaves,SumMe,central_k16,batch1,7,6,106403840,107232768,828928
SumMe/Kids_playing_in_leaves,SumMe,central_k16,batch1,7,7,106403840,107232768,828928
SumMe/Kids_playing_in_leaves,SumMe,central_k16,batch1,7,8,106403840,107232768,828928
SumMe/Kids_playing_in_leaves,SumMe,central_k16,batch1,7,9,106403840,107232768,828928
SumMe/Kids_playing_in_leaves,SumMe,central_k16,batch1,7,10,106403840,107232768,828928
SumMe/Kids_playing_in_leaves,SumMe,central_k16,batch1,7,11,106403840,107232768,828928
SumMe/Kids_playing_in_leaves,SumMe,central_k16,batch1,7,12,106403840,107232768,828928
SumMe/Kids_playing_in_leaves,SumMe,central_k16,batch1,7,13,106403840,107232768,828928
SumMe/Kids_playing_in_leaves,SumMe,central_k16,batch1,7,14,106403840,107232768,828928
SumMe/Kids_playing_in_leaves,SumMe,central_k16,batch1,7,15,106403840,107232768,828928
SumMe/Kids_playing_in_leaves,SumMe,central_k16,batch1,8,0,106403840,107232768,828928
SumMe/Kids_playing_in_leaves,SumMe,central_k16,batch1,8,1,106403840,107232768,828928
SumMe/Kids_playing_in_leaves,SumMe,central_k16,batch1,8,2,106403840,107232768,828928
SumMe/Kids_playing_in_leaves,SumMe,central_k16,batch1,8,3,106403840,107232768,828928
SumMe/Kids_playing_in_leaves,SumMe,central_k16,batch1,8,4,106403840,107232768,828928
SumMe/Kids_playing_in_leaves,SumMe,central_k16,batch1,8,5,106403840,107232768,828928
SumMe/Kids_playing_in_leaves,SumMe,central_k16,batch1,8,6,106403840,107232768,828928
SumMe/Kids_playing_in_leaves,SumMe,central_k16,batch1,8,7,106403840,107232768,828928
SumMe/Kids_playing_in_leaves,SumMe,central_k16,batch1,8,8,106403840,107232768,828928
SumMe/Kids_playing_in_leaves,SumMe,central_k16,batch1,8,9,106403840,107232768,828928
SumMe/Kids_playing_in_leaves,SumMe,central_k16,batch1,8,10,106403840,107232768,828928
SumMe/Kids_playing_in_leaves,SumMe,central_k16,batch1,8,11,106403840,107232768,828928
SumMe/Kids_playing_in_leaves,SumMe,central_k16,batch1,8,12,106403840,107232768,828928
SumMe/Kids_playing_in_leaves,SumMe,central_k16,batch1,8,13,106403840,107232768,828928
SumMe/Kids_playing_in_leaves,SumMe,central_k16,batch1,8,14,106403840,107232768,828928
SumMe/Kids_playing_in_leaves,SumMe,central_k16,batch1,8,15,106403840,107232768,828928
SumMe/Kids_playing_in_leaves,SumMe,central_k16,batch1,9,0,106403840,107232768,828928
SumMe/Kids_playing_in_leaves,SumMe,central_k16,batch1,9,1,106403840,107232768,828928
SumMe/Kids_playing_in_leaves,SumMe,central_k16,batch1,9,2,106403840,107232768,828928
SumMe/Kids_playing_in_leaves,SumMe,central_k16,batch1,9,3,106403840,107232768,828928
SumMe/Kids_playing_in_leaves,SumMe,central_k16,batch1,9,4,106403840,107232768,828928
SumMe/Kids_playing_in_leaves,SumMe,central_k16,batch1,9,5,106403840,107232768,828928
SumMe/Kids_playing_in_leaves,SumMe,central_k16,batch1,9,6,106403840,107232768,828928
SumMe/Kids_playing_in_leaves,SumMe,central_k16,batch1,9,7,106403840,107232768,828928
SumMe/Kids_playing_in_leaves,SumMe,central_k16,batch1,9,8,106403840,107232768,828928
SumMe/Kids_playing_in_leaves,SumMe,central_k16,batch1,9,9,106403840,107232768,828928
SumMe/Kids_playing_in_leaves,SumMe,central_k16,batch1,9,10,106403840,107232768,828928
SumMe/Kids_playing_in_leaves,SumMe,central_k16,batch1,9,11,106403840,107232768,828928
SumMe/Kids_playing_in_leaves,SumMe,central_k16,batch1,9,12,106403840,107232768,828928
SumMe/Kids_playing_in_leaves,SumMe,central_k16,batch1,9,13,106403840,107232768,828928
SumMe/Kids_playing_in_leaves,SumMe,central_k16,batch1,9,14,106403840,107232768,828928
SumMe/Kids_playing_in_leaves,SumMe,central_k16,batch1,9,15,106403840,107232768,828928
SumMe/Kids_playing_in_leaves,SumMe,random_k16_seed2026090900,batch1,0,0,106403840,107232768,828928
SumMe/Kids_playing_in_leaves,SumMe,random_k16_seed2026090900,batch1,0,1,106403840,107232768,828928
SumMe/Kids_playing_in_leaves,SumMe,random_k16_seed2026090900,batch1,0,2,106403840,107232768,828928
SumMe/Kids_playing_in_leaves,SumMe,random_k16_seed2026090900,batch1,0,3,106403840,107232768,828928
SumMe/Kids_playing_in_leaves,SumMe,random_k16_seed2026090900,batch1,0,4,106403840,107232768,828928
SumMe/Kids_playing_in_leaves,SumMe,random_k16_seed2026090900,batch1,0,5,106403840,107232768,828928
SumMe/Kids_playing_in_leaves,SumMe,random_k16_seed2026090900,batch1,0,6,106403840,107232768,828928
SumMe/Kids_playing_in_leaves,SumMe,random_k16_seed2026090900,batch1,0,7,106403840,107232768,828928
SumMe/Kids_playing_in_leaves,SumMe,random_k16_seed2026090900,batch1,0,8,106403840,107232768,828928
SumMe/Kids_playing_in_leaves,SumMe,random_k16_seed2026090900,batch1,0,9,106403840,107232768,828928
SumMe/Kids_playing_in_leaves,SumMe,random_k16_seed2026090900,batch1,0,10,106403840,107232768,828928
SumMe/Kids_playing_in_leaves,SumMe,random_k16_seed2026090900,batch1,0,11,106403840,107232768,828928
SumMe/Kids_playing_in_leaves,SumMe,random_k16_seed2026090900,batch1,0,12,106403840,107232768,828928
SumMe/Kids_playing_in_leaves,SumMe,random_k16_seed2026090900,batch1,0,13,106403840,107232768,828928
SumMe/Kids_playing_in_leaves,SumMe,random_k16_seed2026090900,batch1,0,14,106403840,107232768,828928
SumMe/Kids_playing_in_leaves,SumMe,random_k16_seed2026090900,batch1,0,15,106403840,107232768,828928
SumMe/Kids_playing_in_leaves,SumMe,random_k16_seed2026090900,batch1,1,0,106403840,107232768,828928
SumMe/Kids_playing_in_leaves,SumMe,random_k16_seed2026090900,batch1,1,1,106403840,107232768,828928
SumMe/Kids_playing_in_leaves,SumMe,random_k16_seed2026090900,batch1,1,2,106403840,107232768,828928
SumMe/Kids_playing_in_leaves,SumMe,random_k16_seed2026090900,batch1,1,3,106403840,107232768,828928
SumMe/Kids_playing_in_leaves,SumMe,random_k16_seed2026090900,batch1,1,4,106403840,107232768,828928
SumMe/Kids_playing_in_leaves,SumMe,random_k16_seed2026090900,batch1,1,5,106403840,107232768,828928
SumMe/Kids_playing_in_leaves,SumMe,random_k16_seed2026090900,batch1,1,6,106403840,107232768,828928
SumMe/Kids_playing_in_leaves,SumMe,random_k16_seed2026090900,batch1,1,7,106403840,107232768,828928
SumMe/Kids_playing_in_leaves,SumMe,random_k16_seed2026090900,batch1,1,8,106403840,107232768,828928
SumMe/Kids_playing_in_leaves,SumMe,random_k16_seed2026090900,batch1,1,9,106403840,107232768,828928
SumMe/Kids_playing_in_leaves,SumMe,random_k16_seed2026090900,batch1,1,10,106403840,107232768,828928
SumMe/Kids_playing_in_leaves,SumMe,random_k16_seed2026090900,batch1,1,11,106403840,107232768,828928
SumMe/Kids_playing_in_leaves,SumMe,random_k16_seed2026090900,batch1,1,12,106403840,107232768,828928
SumMe/Kids_playing_in_leaves,SumMe,random_k16_seed2026090900,batch1,1,13,106403840,107232768,828928
SumMe/Kids_playing_in_leaves,SumMe,random_k16_seed2026090900,batch1,1,14,106403840,107232768,828928
SumMe/Kids_playing_in_leaves,SumMe,random_k16_seed2026090900,batch1,1,15,106403840,107232768,828928
SumMe/Kids_playing_in_leaves,SumMe,random_k16_seed2026090900,batch1,2,0,106403840,107232768,828928
SumMe/Kids_playing_in_leaves,SumMe,random_k16_seed2026090900,batch1,2,1,106403840,107232768,828928
SumMe/Kids_playing_in_leaves,SumMe,random_k16_seed2026090900,batch1,2,2,106403840,107232768,828928
SumMe/Kids_playing_in_leaves,SumMe,random_k16_seed2026090900,batch1,2,3,106403840,107232768,828928
SumMe/Kids_playing_in_leaves,SumMe,random_k16_seed2026090900,batch1,2,4,106403840,107232768,828928
SumMe/Kids_playing_in_leaves,SumMe,random_k16_seed2026090900,batch1,2,5,106403840,107232768,828928
SumMe/Kids_playing_in_leaves,SumMe,random_k16_seed2026090900,batch1,2,6,106403840,107232768,828928
SumMe/Kids_playing_in_leaves,SumMe,random_k16_seed2026090900,batch1,2,7,106403840,107232768,828928
SumMe/Kids_playing_in_leaves,SumMe,random_k16_seed2026090900,batch1,2,8,106403840,107232768,828928
SumMe/Kids_playing_in_leaves,SumMe,random_k16_seed2026090900,batch1,2,9,106403840,107232768,828928
SumMe/Kids_playing_in_leaves,SumMe,random_k16_seed2026090900,batch1,2,10,106403840,107232768,828928
SumMe/Kids_playing_in_leaves,SumMe,random_k16_seed2026090900,batch1,2,11,106403840,107232768,828928
SumMe/Kids_playing_in_leaves,SumMe,random_k16_seed2026090900,batch1,2,12,106403840,107232768,828928
SumMe/Kids_playing_in_leaves,SumMe,random_k16_seed2026090900,batch1,2,13,106403840,107232768,828928
SumMe/Kids_playing_in_leaves,SumMe,random_k16_seed2026090900,batch1,2,14,106403840,107232768,828928
SumMe/Kids_playing_in_leaves,SumMe,random_k16_seed2026090900,batch1,2,15,106403840,107232768,828928
SumMe/Kids_playing_in_leaves,SumMe,random_k16_seed2026090900,batch1,3,0,106403840,107232768,828928
SumMe/Kids_playing_in_leaves,SumMe,random_k16_seed2026090900,batch1,3,1,106403840,107232768,828928
SumMe/Kids_playing_in_leaves,SumMe,random_k16_seed2026090900,batch1,3,2,106403840,107232768,828928
SumMe/Kids_playing_in_leaves,SumMe,random_k16_seed2026090900,batch1,3,3,106403840,107232768,828928
SumMe/Kids_playing_in_leaves,SumMe,random_k16_seed2026090900,batch1,3,4,106403840,107232768,828928
SumMe/Kids_playing_in_leaves,SumMe,random_k16_seed2026090900,batch1,3,5,106403840,107232768,828928
SumMe/Kids_playing_in_leaves,SumMe,random_k16_seed2026090900,batch1,3,6,106403840,107232768,828928
SumMe/Kids_playing_in_leaves,SumMe,random_k16_seed2026090900,batch1,3,7,106403840,107232768,828928
SumMe/Kids_playing_in_leaves,SumMe,random_k16_seed2026090900,batch1,3,8,106403840,107232768,828928
SumMe/Kids_playing_in_leaves,SumMe,random_k16_seed2026090900,batch1,3,9,106403840,107232768,828928
SumMe/Kids_playing_in_leaves,SumMe,random_k16_seed2026090900,batch1,3,10,106403840,107232768,828928
SumMe/Kids_playing_in_leaves,SumMe,random_k16_seed2026090900,batch1,3,11,106403840,107232768,828928
SumMe/Kids_playing_in_leaves,SumMe,random_k16_seed2026090900,batch1,3,12,106403840,107232768,828928
SumMe/Kids_playing_in_leaves,SumMe,random_k16_seed2026090900,batch1,3,13,106403840,107232768,828928
SumMe/Kids_playing_in_leaves,SumMe,random_k16_seed2026090900,batch1,3,14,106403840,107232768,828928
SumMe/Kids_playing_in_leaves,SumMe,random_k16_seed2026090900,batch1,3,15,106403840,107232768,828928
SumMe/Kids_playing_in_leaves,SumMe,random_k16_seed2026090900,batch1,4,0,106403840,107232768,828928
SumMe/Kids_playing_in_leaves,SumMe,random_k16_seed2026090900,batch1,4,1,106403840,107232768,828928
SumMe/Kids_playing_in_leaves,SumMe,random_k16_seed2026090900,batch1,4,2,106403840,107232768,828928
SumMe/Kids_playing_in_leaves,SumMe,random_k16_seed2026090900,batch1,4,3,106403840,107232768,828928
SumMe/Kids_playing_in_leaves,SumMe,random_k16_seed2026090900,batch1,4,4,106403840,107232768,828928
SumMe/Kids_playing_in_leaves,SumMe,random_k16_seed2026090900,batch1,4,5,106403840,107232768,828928
SumMe/Kids_playing_in_leaves,SumMe,random_k16_seed2026090900,batch1,4,6,106403840,107232768,828928
SumMe/Kids_playing_in_leaves,SumMe,random_k16_seed2026090900,batch1,4,7,106403840,107232768,828928
SumMe/Kids_playing_in_leaves,SumMe,random_k16_seed2026090900,batch1,4,8,106403840,107232768,828928
SumMe/Kids_playing_in_leaves,SumMe,random_k16_seed2026090900,batch1,4,9,106403840,107232768,828928
SumMe/Kids_playing_in_leaves,SumMe,random_k16_seed2026090900,batch1,4,10,106403840,107232768,828928
SumMe/Kids_playing_in_leaves,SumMe,random_k16_seed2026090900,batch1,4,11,106403840,107232768,828928
SumMe/Kids_playing_in_leaves,SumMe,random_k16_seed2026090900,batch1,4,12,106403840,107232768,828928
SumMe/Kids_playing_in_leaves,SumMe,random_k16_seed2026090900,batch1,4,13,106403840,107232768,828928
SumMe/Kids_playing_in_leaves,SumMe,random_k16_seed2026090900,batch1,4,14,106403840,107232768,828928
SumMe/Kids_playing_in_leaves,SumMe,random_k16_seed2026090900,batch1,4,15,106403840,107232768,828928
SumMe/Kids_playing_in_leaves,SumMe,random_k16_seed2026090900,batch1,5,0,106403840,107232768,828928
SumMe/Kids_playing_in_leaves,SumMe,random_k16_seed2026090900,batch1,5,1,106403840,107232768,828928
SumMe/Kids_playing_in_leaves,SumMe,random_k16_seed2026090900,batch1,5,2,106403840,107232768,828928
SumMe/Kids_playing_in_leaves,SumMe,random_k16_seed2026090900,batch1,5,3,106403840,107232768,828928
SumMe/Kids_playing_in_leaves,SumMe,random_k16_seed2026090900,batch1,5,4,106403840,107232768,828928
SumMe/Kids_playing_in_leaves,SumMe,random_k16_seed2026090900,batch1,5,5,106403840,107232768,828928
SumMe/Kids_playing_in_leaves,SumMe,random_k16_seed2026090900,batch1,5,6,106403840,107232768,828928
SumMe/Kids_playing_in_leaves,SumMe,random_k16_seed2026090900,batch1,5,7,106403840,107232768,828928
SumMe/Kids_playing_in_leaves,SumMe,random_k16_seed2026090900,batch1,5,8,106403840,107232768,828928
SumMe/Kids_playing_in_leaves,SumMe,random_k16_seed2026090900,batch1,5,9,106403840,107232768,828928
SumMe/Kids_playing_in_leaves,SumMe,random_k16_seed2026090900,batch1,5,10,106403840,107232768,828928
SumMe/Kids_playing_in_leaves,SumMe,random_k16_seed2026090900,batch1,5,11,106403840,107232768,828928
SumMe/Kids_playing_in_leaves,SumMe,random_k16_seed2026090900,batch1,5,12,106403840,107232768,828928
SumMe/Kids_playing_in_leaves,SumMe,random_k16_seed2026090900,batch1,5,13,106403840,107232768,828928
SumMe/Kids_playing_in_leaves,SumMe,random_k16_seed2026090900,batch1,5,14,106403840,107232768,828928
SumMe/Kids_playing_in_leaves,SumMe,random_k16_seed2026090900,batch1,5,15,106403840,107232768,828928
SumMe/Kids_playing_in_leaves,SumMe,random_k16_seed2026090900,batch1,6,0,106403840,107232768,828928
SumMe/Kids_playing_in_leaves,SumMe,random_k16_seed2026090900,batch1,6,1,106403840,107232768,828928
SumMe/Kids_playing_in_leaves,SumMe,random_k16_seed2026090900,batch1,6,2,106403840,107232768,828928
SumMe/Kids_playing_in_leaves,SumMe,random_k16_seed2026090900,batch1,6,3,106403840,107232768,828928
SumMe/Kids_playing_in_leaves,SumMe,random_k16_seed2026090900,batch1,6,4,106403840,107232768,828928
SumMe/Kids_playing_in_leaves,SumMe,random_k16_seed2026090900,batch1,6,5,106403840,107232768,828928
SumMe/Kids_playing_in_leaves,SumMe,random_k16_seed2026090900,batch1,6,6,106403840,107232768,828928
SumMe/Kids_playing_in_leaves,SumMe,random_k16_seed2026090900,batch1,6,7,106403840,107232768,828928
SumMe/Kids_playing_in_leaves,SumMe,random_k16_seed2026090900,batch1,6,8,106403840,107232768,828928
SumMe/Kids_playing_in_leaves,SumMe,random_k16_seed2026090900,batch1,6,9,106403840,107232768,828928
SumMe/Kids_playing_in_leaves,SumMe,random_k16_seed2026090900,batch1,6,10,106403840,107232768,828928
SumMe/Kids_playing_in_leaves,SumMe,random_k16_seed2026090900,batch1,6,11,106403840,107232768,828928
SumMe/Kids_playing_in_leaves,SumMe,random_k16_seed2026090900,batch1,6,12,106403840,107232768,828928
SumMe/Kids_playing_in_leaves,SumMe,random_k16_seed2026090900,batch1,6,13,106403840,107232768,828928
SumMe/Kids_playing_in_leaves,SumMe,random_k16_seed2026090900,batch1,6,14,106403840,107232768,828928
SumMe/Kids_playing_in_leaves,SumMe,random_k16_seed2026090900,batch1,6,15,106403840,107232768,828928
SumMe/Kids_playing_in_leaves,SumMe,random_k16_seed2026090900,batch1,7,0,106403840,107232768,828928
SumMe/Kids_playing_in_leaves,SumMe,random_k16_seed2026090900,batch1,7,1,106403840,107232768,828928
SumMe/Kids_playing_in_leaves,SumMe,random_k16_seed2026090900,batch1,7,2,106403840,107232768,828928
SumMe/Kids_playing_in_leaves,SumMe,random_k16_seed2026090900,batch1,7,3,106403840,107232768,828928
SumMe/Kids_playing_in_leaves,SumMe,random_k16_seed2026090900,batch1,7,4,106403840,107232768,828928
SumMe/Kids_playing_in_leaves,SumMe,random_k16_seed2026090900,batch1,7,5,106403840,107232768,828928
SumMe/Kids_playing_in_leaves,SumMe,random_k16_seed2026090900,batch1,7,6,106403840,107232768,828928
SumMe/Kids_playing_in_leaves,SumMe,random_k16_seed2026090900,batch1,7,7,106403840,107232768,828928
SumMe/Kids_playing_in_leaves,SumMe,random_k16_seed2026090900,batch1,7,8,106403840,107232768,828928
SumMe/Kids_playing_in_leaves,SumMe,random_k16_seed2026090900,batch1,7,9,106403840,107232768,828928
SumMe/Kids_playing_in_leaves,SumMe,random_k16_seed2026090900,batch1,7,10,106403840,107232768,828928
SumMe/Kids_playing_in_leaves,SumMe,random_k16_seed2026090900,batch1,7,11,106403840,107232768,828928
SumMe/Kids_playing_in_leaves,SumMe,random_k16_seed2026090900,batch1,7,12,106403840,107232768,828928
SumMe/Kids_playing_in_leaves,SumMe,random_k16_seed2026090900,batch1,7,13,106403840,107232768,828928
SumMe/Kids_playing_in_leaves,SumMe,random_k16_seed2026090900,batch1,7,14,106403840,107232768,828928
SumMe/Kids_playing_in_leaves,SumMe,random_k16_seed2026090900,batch1,7,15,106403840,107232768,828928
SumMe/Kids_playing_in_leaves,SumMe,random_k16_seed2026090900,batch1,8,0,106403840,107232768,828928
SumMe/Kids_playing_in_leaves,SumMe,random_k16_seed2026090900,batch1,8,1,106403840,107232768,828928
SumMe/Kids_playing_in_leaves,SumMe,random_k16_seed2026090900,batch1,8,2,106403840,107232768,828928
SumMe/Kids_playing_in_leaves,SumMe,random_k16_seed2026090900,batch1,8,3,106403840,107232768,828928
SumMe/Kids_playing_in_leaves,SumMe,random_k16_seed2026090900,batch1,8,4,106403840,107232768,828928
SumMe/Kids_playing_in_leaves,SumMe,random_k16_seed2026090900,batch1,8,5,106403840,107232768,828928
SumMe/Kids_playing_in_leaves,SumMe,random_k16_seed2026090900,batch1,8,6,106403840,107232768,828928
SumMe/Kids_playing_in_leaves,SumMe,random_k16_seed2026090900,batch1,8,7,106403840,107232768,828928
SumMe/Kids_playing_in_leaves,SumMe,random_k16_seed2026090900,batch1,8,8,106403840,107232768,828928
SumMe/Kids_playing_in_leaves,SumMe,random_k16_seed2026090900,batch1,8,9,106403840,107232768,828928
SumMe/Kids_playing_in_leaves,SumMe,random_k16_seed2026090900,batch1,8,10,106403840,107232768,828928
SumMe/Kids_playing_in_leaves,SumMe,random_k16_seed2026090900,batch1,8,11,106403840,107232768,828928
SumMe/Kids_playing_in_leaves,SumMe,random_k16_seed2026090900,batch1,8,12,106403840,107232768,828928
SumMe/Kids_playing_in_leaves,SumMe,random_k16_seed2026090900,batch1,8,13,106403840,107232768,828928
SumMe/Kids_playing_in_leaves,SumMe,random_k16_seed2026090900,batch1,8,14,106403840,107232768,828928
SumMe/Kids_playing_in_leaves,SumMe,random_k16_seed2026090900,batch1,8,15,106403840,107232768,828928
SumMe/Kids_playing_in_leaves,SumMe,random_k16_seed2026090900,batch1,9,0,106403840,107232768,828928
SumMe/Kids_playing_in_leaves,SumMe,random_k16_seed2026090900,batch1,9,1,106403840,107232768,828928
SumMe/Kids_playing_in_leaves,SumMe,random_k16_seed2026090900,batch1,9,2,106403840,107232768,828928
SumMe/Kids_playing_in_leaves,SumMe,random_k16_seed2026090900,batch1,9,3,106403840,107232768,828928
SumMe/Kids_playing_in_leaves,SumMe,random_k16_seed2026090900,batch1,9,4,106403840,107232768,828928
SumMe/Kids_playing_in_leaves,SumMe,random_k16_seed2026090900,batch1,9,5,106403840,107232768,828928
SumMe/Kids_playing_in_leaves,SumMe,random_k16_seed2026090900,batch1,9,6,106403840,107232768,828928
SumMe/Kids_playing_in_leaves,SumMe,random_k16_seed2026090900,batch1,9,7,106403840,107232768,828928
SumMe/Kids_playing_in_leaves,SumMe,random_k16_seed2026090900,batch1,9,8,106403840,107232768,828928
SumMe/Kids_playing_in_leaves,SumMe,random_k16_seed2026090900,batch1,9,9,106403840,107232768,828928
SumMe/Kids_playing_in_leaves,SumMe,random_k16_seed2026090900,batch1,9,10,106403840,107232768,828928
SumMe/Kids_playing_in_leaves,SumMe,random_k16_seed2026090900,batch1,9,11,106403840,107232768,828928
SumMe/Kids_playing_in_leaves,SumMe,random_k16_seed2026090900,batch1,9,12,106403840,107232768,828928
SumMe/Kids_playing_in_leaves,SumMe,random_k16_seed2026090900,batch1,9,13,106403840,107232768,828928
SumMe/Kids_playing_in_leaves,SumMe,random_k16_seed2026090900,batch1,9,14,106403840,107232768,828928
SumMe/Kids_playing_in_leaves,SumMe,random_k16_seed2026090900,batch1,9,15,106403840,107232768,828928
SumMe/Kids_playing_in_leaves,SumMe,policy:human_k16_seed440826,batch1,0,0,106403840,107232768,828928
SumMe/Kids_playing_in_leaves,SumMe,policy:human_k16_seed440826,batch1,0,1,106403840,107232768,828928
SumMe/Kids_playing_in_leaves,SumMe,policy:human_k16_seed440826,batch1,0,2,106403840,107232768,828928
SumMe/Kids_playing_in_leaves,SumMe,policy:human_k16_seed440826,batch1,0,3,106403840,107232768,828928
SumMe/Kids_playing_in_leaves,SumMe,policy:human_k16_seed440826,batch1,0,4,106403840,107232768,828928
SumMe/Kids_playing_in_leaves,SumMe,policy:human_k16_seed440826,batch1,0,5,106403840,107232768,828928
SumMe/Kids_playing_in_leaves,SumMe,policy:human_k16_seed440826,batch1,0,6,106403840,107232768,828928
SumMe/Kids_playing_in_leaves,SumMe,policy:human_k16_seed440826,batch1,0,7,106403840,107232768,828928
SumMe/Kids_playing_in_leaves,SumMe,policy:human_k16_seed440826,batch1,0,8,106403840,107232768,828928
SumMe/Kids_playing_in_leaves,SumMe,policy:human_k16_seed440826,batch1,0,9,106403840,107232768,828928
SumMe/Kids_playing_in_leaves,SumMe,policy:human_k16_seed440826,batch1,0,10,106403840,107232768,828928
SumMe/Kids_playing_in_leaves,SumMe,policy:human_k16_seed440826,batch1,0,11,106403840,107232768,828928
SumMe/Kids_playing_in_leaves,SumMe,policy:human_k16_seed440826,batch1,0,12,106403840,107232768,828928
SumMe/Kids_playing_in_leaves,SumMe,policy:human_k16_seed440826,batch1,0,13,106403840,107232768,828928
SumMe/Kids_playing_in_leaves,SumMe,policy:human_k16_seed440826,batch1,0,14,106403840,107232768,828928
SumMe/Kids_playing_in_leaves,SumMe,policy:human_k16_seed440826,batch1,0,15,106403840,107232768,828928
SumMe/Kids_playing_in_leaves,SumMe,policy:human_k16_seed440826,batch1,1,0,106403840,107232768,828928
SumMe/Kids_playing_in_leaves,SumMe,policy:human_k16_seed440826,batch1,1,1,106403840,107232768,828928
SumMe/Kids_playing_in_leaves,SumMe,policy:human_k16_seed440826,batch1,1,2,106403840,107232768,828928
SumMe/Kids_playing_in_leaves,SumMe,policy:human_k16_seed440826,batch1,1,3,106403840,107232768,828928
SumMe/Kids_playing_in_leaves,SumMe,policy:human_k16_seed440826,batch1,1,4,106403840,107232768,828928
SumMe/Kids_playing_in_leaves,SumMe,policy:human_k16_seed440826,batch1,1,5,106403840,107232768,828928
SumMe/Kids_playing_in_leaves,SumMe,policy:human_k16_seed440826,batch1,1,6,106403840,107232768,828928
SumMe/Kids_playing_in_leaves,SumMe,policy:human_k16_seed440826,batch1,1,7,106403840,107232768,828928
SumMe/Kids_playing_in_leaves,SumMe,policy:human_k16_seed440826,batch1,1,8,106403840,107232768,828928
SumMe/Kids_playing_in_leaves,SumMe,policy:human_k16_seed440826,batch1,1,9,106403840,107232768,828928
SumMe/Kids_playing_in_leaves,SumMe,policy:human_k16_seed440826,batch1,1,10,106403840,107232768,828928
SumMe/Kids_playing_in_leaves,SumMe,policy:human_k16_seed440826,batch1,1,11,106403840,107232768,828928
SumMe/Kids_playing_in_leaves,SumMe,policy:human_k16_seed440826,batch1,1,12,106403840,107232768,828928
SumMe/Kids_playing_in_leaves,SumMe,policy:human_k16_seed440826,batch1,1,13,106403840,107232768,828928
SumMe/Kids_playing_in_leaves,SumMe,policy:human_k16_seed440826,batch1,1,14,106403840,107232768,828928
SumMe/Kids_playing_in_leaves,SumMe,policy:human_k16_seed440826,batch1,1,15,106403840,107232768,828928
SumMe/Kids_playing_in_leaves,SumMe,policy:human_k16_seed440826,batch1,2,0,106403840,107232768,828928
SumMe/Kids_playing_in_leaves,SumMe,policy:human_k16_seed440826,batch1,2,1,106403840,107232768,828928
SumMe/Kids_playing_in_leaves,SumMe,policy:human_k16_seed440826,batch1,2,2,106403840,107232768,828928
SumMe/Kids_playing_in_leaves,SumMe,policy:human_k16_seed440826,batch1,2,3,106403840,107232768,828928
SumMe/Kids_playing_in_leaves,SumMe,policy:human_k16_seed440826,batch1,2,4,106403840,107232768,828928
SumMe/Kids_playing_in_leaves,SumMe,policy:human_k16_seed440826,batch1,2,5,106403840,107232768,828928
SumMe/Kids_playing_in_leaves,SumMe,policy:human_k16_seed440826,batch1,2,6,106403840,107232768,828928
SumMe/Kids_playing_in_leaves,SumMe,policy:human_k16_seed440826,batch1,2,7,106403840,107232768,828928
SumMe/Kids_playing_in_leaves,SumMe,policy:human_k16_seed440826,batch1,2,8,106403840,107232768,828928
SumMe/Kids_playing_in_leaves,SumMe,policy:human_k16_seed440826,batch1,2,9,106403840,107232768,828928
SumMe/Kids_playing_in_leaves,SumMe,policy:human_k16_seed440826,batch1,2,10,106403840,107232768,828928
SumMe/Kids_playing_in_leaves,SumMe,policy:human_k16_seed440826,batch1,2,11,106403840,107232768,828928
SumMe/Kids_playing_in_leaves,SumMe,policy:human_k16_seed440826,batch1,2,12,106403840,107232768,828928
SumMe/Kids_playing_in_leaves,SumMe,policy:human_k16_seed440826,batch1,2,13,106403840,107232768,828928
SumMe/Kids_playing_in_leaves,SumMe,policy:human_k16_seed440826,batch1,2,14,106403840,107232768,828928
SumMe/Kids_playing_in_leaves,SumMe,policy:human_k16_seed440826,batch1,2,15,106403840,107232768,828928
SumMe/Kids_playing_in_leaves,SumMe,policy:human_k16_seed440826,batch1,3,0,106403840,107232768,828928
SumMe/Kids_playing_in_leaves,SumMe,policy:human_k16_seed440826,batch1,3,1,106403840,107232768,828928
SumMe/Kids_playing_in_leaves,SumMe,policy:human_k16_seed440826,batch1,3,2,106403840,107232768,828928
SumMe/Kids_playing_in_leaves,SumMe,policy:human_k16_seed440826,batch1,3,3,106403840,107232768,828928
SumMe/Kids_playing_in_leaves,SumMe,policy:human_k16_seed440826,batch1,3,4,106403840,107232768,828928
SumMe/Kids_playing_in_leaves,SumMe,policy:human_k16_seed440826,batch1,3,5,106403840,107232768,828928
SumMe/Kids_playing_in_leaves,SumMe,policy:human_k16_seed440826,batch1,3,6,106403840,107232768,828928
SumMe/Kids_playing_in_leaves,SumMe,policy:human_k16_seed440826,batch1,3,7,106403840,107232768,828928
SumMe/Kids_playing_in_leaves,SumMe,policy:human_k16_seed440826,batch1,3,8,106403840,107232768,828928
SumMe/Kids_playing_in_leaves,SumMe,policy:human_k16_seed440826,batch1,3,9,106403840,107232768,828928
SumMe/Kids_playing_in_leaves,SumMe,policy:human_k16_seed440826,batch1,3,10,106403840,107232768,828928
SumMe/Kids_playing_in_leaves,SumMe,policy:human_k16_seed440826,batch1,3,11,106403840,107232768,828928
SumMe/Kids_playing_in_leaves,SumMe,policy:human_k16_seed440826,batch1,3,12,106403840,107232768,828928
SumMe/Kids_playing_in_leaves,SumMe,policy:human_k16_seed440826,batch1,3,13,106403840,107232768,828928
SumMe/Kids_playing_in_leaves,SumMe,policy:human_k16_seed440826,batch1,3,14,106403840,107232768,828928
SumMe/Kids_playing_in_leaves,SumMe,policy:human_k16_seed440826,batch1,3,15,106403840,107232768,828928
SumMe/Kids_playing_in_leaves,SumMe,policy:human_k16_seed440826,batch1,4,0,106403840,107232768,828928
SumMe/Kids_playing_in_leaves,SumMe,policy:human_k16_seed440826,batch1,4,1,106403840,107232768,828928
SumMe/Kids_playing_in_leaves,SumMe,policy:human_k16_seed440826,batch1,4,2,106403840,107232768,828928
SumMe/Kids_playing_in_leaves,SumMe,policy:human_k16_seed440826,batch1,4,3,106403840,107232768,828928
SumMe/Kids_playing_in_leaves,SumMe,policy:human_k16_seed440826,batch1,4,4,106403840,107232768,828928
SumMe/Kids_playing_in_leaves,SumMe,policy:human_k16_seed440826,batch1,4,5,106403840,107232768,828928
SumMe/Kids_playing_in_leaves,SumMe,policy:human_k16_seed440826,batch1,4,6,106403840,107232768,828928
SumMe/Kids_playing_in_leaves,SumMe,policy:human_k16_seed440826,batch1,4,7,106403840,107232768,828928
SumMe/Kids_playing_in_leaves,SumMe,policy:human_k16_seed440826,batch1,4,8,106403840,107232768,828928
SumMe/Kids_playing_in_leaves,SumMe,policy:human_k16_seed440826,batch1,4,9,106403840,107232768,828928
SumMe/Kids_playing_in_leaves,SumMe,policy:human_k16_seed440826,batch1,4,10,106403840,107232768,828928
SumMe/Kids_playing_in_leaves,SumMe,policy:human_k16_seed440826,batch1,4,11,106403840,107232768,828928
SumMe/Kids_playing_in_leaves,SumMe,policy:human_k16_seed440826,batch1,4,12,106403840,107232768,828928
SumMe/Kids_playing_in_leaves,SumMe,policy:human_k16_seed440826,batch1,4,13,106403840,107232768,828928
SumMe/Kids_playing_in_leaves,SumMe,policy:human_k16_seed440826,batch1,4,14,106403840,107232768,828928
SumMe/Kids_playing_in_leaves,SumMe,policy:human_k16_seed440826,batch1,4,15,106403840,107232768,828928
SumMe/Kids_playing_in_leaves,SumMe,policy:human_k16_seed440826,batch1,5,0,106403840,107232768,828928
SumMe/Kids_playing_in_leaves,SumMe,policy:human_k16_seed440826,batch1,5,1,106403840,107232768,828928
SumMe/Kids_playing_in_leaves,SumMe,policy:human_k16_seed440826,batch1,5,2,106403840,107232768,828928
SumMe/Kids_playing_in_leaves,SumMe,policy:human_k16_seed440826,batch1,5,3,106403840,107232768,828928
SumMe/Kids_playing_in_leaves,SumMe,policy:human_k16_seed440826,batch1,5,4,106403840,107232768,828928
SumMe/Kids_playing_in_leaves,SumMe,policy:human_k16_seed440826,batch1,5,5,106403840,107232768,828928
SumMe/Kids_playing_in_leaves,SumMe,policy:human_k16_seed440826,batch1,5,6,106403840,107232768,828928
SumMe/Kids_playing_in_leaves,SumMe,policy:human_k16_seed440826,batch1,5,7,106403840,107232768,828928
SumMe/Kids_playing_in_leaves,SumMe,policy:human_k16_seed440826,batch1,5,8,106403840,107232768,828928
SumMe/Kids_playing_in_leaves,SumMe,policy:human_k16_seed440826,batch1,5,9,106403840,107232768,828928
SumMe/Kids_playing_in_leaves,SumMe,policy:human_k16_seed440826,batch1,5,10,106403840,107232768,828928
SumMe/Kids_playing_in_leaves,SumMe,policy:human_k16_seed440826,batch1,5,11,106403840,107232768,828928
SumMe/Kids_playing_in_leaves,SumMe,policy:human_k16_seed440826,batch1,5,12,106403840,107232768,828928
SumMe/Kids_playing_in_leaves,SumMe,policy:human_k16_seed440826,batch1,5,13,106403840,107232768,828928
SumMe/Kids_playing_in_leaves,SumMe,policy:human_k16_seed440826,batch1,5,14,106403840,107232768,828928
SumMe/Kids_playing_in_leaves,SumMe,policy:human_k16_seed440826,batch1,5,15,106403840,107232768,828928
SumMe/Kids_playing_in_leaves,SumMe,policy:human_k16_seed440826,batch1,6,0,106403840,107232768,828928
SumMe/Kids_playing_in_leaves,SumMe,policy:human_k16_seed440826,batch1,6,1,106403840,107232768,828928
SumMe/Kids_playing_in_leaves,SumMe,policy:human_k16_seed440826,batch1,6,2,106403840,107232768,828928
SumMe/Kids_playing_in_leaves,SumMe,policy:human_k16_seed440826,batch1,6,3,106403840,107232768,828928
SumMe/Kids_playing_in_leaves,SumMe,policy:human_k16_seed440826,batch1,6,4,106403840,107232768,828928
SumMe/Kids_playing_in_leaves,SumMe,policy:human_k16_seed440826,batch1,6,5,106403840,107232768,828928
SumMe/Kids_playing_in_leaves,SumMe,policy:human_k16_seed440826,batch1,6,6,106403840,107232768,828928
SumMe/Kids_playing_in_leaves,SumMe,policy:human_k16_seed440826,batch1,6,7,106403840,107232768,828928
SumMe/Kids_playing_in_leaves,SumMe,policy:human_k16_seed440826,batch1,6,8,106403840,107232768,828928
SumMe/Kids_playing_in_leaves,SumMe,policy:human_k16_seed440826,batch1,6,9,106403840,107232768,828928
SumMe/Kids_playing_in_leaves,SumMe,policy:human_k16_seed440826,batch1,6,10,106403840,107232768,828928
SumMe/Kids_playing_in_leaves,SumMe,policy:human_k16_seed440826,batch1,6,11,106403840,107232768,828928
SumMe/Kids_playing_in_leaves,SumMe,policy:human_k16_seed440826,batch1,6,12,106403840,107232768,828928
SumMe/Kids_playing_in_leaves,SumMe,policy:human_k16_seed440826,batch1,6,13,106403840,107232768,828928
SumMe/Kids_playing_in_leaves,SumMe,policy:human_k16_seed440826,batch1,6,14,106403840,107232768,828928
SumMe/Kids_playing_in_leaves,SumMe,policy:human_k16_seed440826,batch1,6,15,106403840,107232768,828928
SumMe/Kids_playing_in_leaves,SumMe,policy:human_k16_seed440826,batch1,7,0,106403840,107232768,828928
SumMe/Kids_playing_in_leaves,SumMe,policy:human_k16_seed440826,batch1,7,1,106403840,107232768,828928
SumMe/Kids_playing_in_leaves,SumMe,policy:human_k16_seed440826,batch1,7,2,106403840,107232768,828928
SumMe/Kids_playing_in_leaves,SumMe,policy:human_k16_seed440826,batch1,7,3,106403840,107232768,828928
SumMe/Kids_playing_in_leaves,SumMe,policy:human_k16_seed440826,batch1,7,4,106403840,107232768,828928
SumMe/Kids_playing_in_leaves,SumMe,policy:human_k16_seed440826,batch1,7,5,106403840,107232768,828928
SumMe/Kids_playing_in_leaves,SumMe,policy:human_k16_seed440826,batch1,7,6,106403840,107232768,828928
SumMe/Kids_playing_in_leaves,SumMe,policy:human_k16_seed440826,batch1,7,7,106403840,107232768,828928
SumMe/Kids_playing_in_leaves,SumMe,policy:human_k16_seed440826,batch1,7,8,106403840,107232768,828928
SumMe/Kids_playing_in_leaves,SumMe,policy:human_k16_seed440826,batch1,7,9,106403840,107232768,828928
SumMe/Kids_playing_in_leaves,SumMe,policy:human_k16_seed440826,batch1,7,10,106403840,107232768,828928
SumMe/Kids_playing_in_leaves,SumMe,policy:human_k16_seed440826,batch1,7,11,106403840,107232768,828928
SumMe/Kids_playing_in_leaves,SumMe,policy:human_k16_seed440826,batch1,7,12,106403840,107232768,828928
SumMe/Kids_playing_in_leaves,SumMe,policy:human_k16_seed440826,batch1,7,13,106403840,107232768,828928
SumMe/Kids_playing_in_leaves,SumMe,policy:human_k16_seed440826,batch1,7,14,106403840,107232768,828928
SumMe/Kids_playing_in_leaves,SumMe,policy:human_k16_seed440826,batch1,7,15,106403840,107232768,828928
SumMe/Kids_playing_in_leaves,SumMe,policy:human_k16_seed440826,batch1,8,0,106403840,107232768,828928
SumMe/Kids_playing_in_leaves,SumMe,policy:human_k16_seed440826,batch1,8,1,106403840,107232768,828928
SumMe/Kids_playing_in_leaves,SumMe,policy:human_k16_seed440826,batch1,8,2,106403840,107232768,828928
SumMe/Kids_playing_in_leaves,SumMe,policy:human_k16_seed440826,batch1,8,3,106403840,107232768,828928
SumMe/Kids_playing_in_leaves,SumMe,policy:human_k16_seed440826,batch1,8,4,106403840,107232768,828928
SumMe/Kids_playing_in_leaves,SumMe,policy:human_k16_seed440826,batch1,8,5,106403840,107232768,828928
SumMe/Kids_playing_in_leaves,SumMe,policy:human_k16_seed440826,batch1,8,6,106403840,107232768,828928
SumMe/Kids_playing_in_leaves,SumMe,policy:human_k16_seed440826,batch1,8,7,106403840,107232768,828928
SumMe/Kids_playing_in_leaves,SumMe,policy:human_k16_seed440826,batch1,8,8,106403840,107232768,828928
SumMe/Kids_playing_in_leaves,SumMe,policy:human_k16_seed440826,batch1,8,9,106403840,107232768,828928
SumMe/Kids_playing_in_leaves,SumMe,policy:human_k16_seed440826,batch1,8,10,106403840,107232768,828928
SumMe/Kids_playing_in_leaves,SumMe,policy:human_k16_seed440826,batch1,8,11,106403840,107232768,828928
SumMe/Kids_playing_in_leaves,SumMe,policy:human_k16_seed440826,batch1,8,12,106403840,107232768,828928
SumMe/Kids_playing_in_leaves,SumMe,policy:human_k16_seed440826,batch1,8,13,106403840,107232768,828928
SumMe/Kids_playing_in_leaves,SumMe,policy:human_k16_seed440826,batch1,8,14,106403840,107232768,828928
SumMe/Kids_playing_in_leaves,SumMe,policy:human_k16_seed440826,batch1,8,15,106403840,107232768,828928
SumMe/Kids_playing_in_leaves,SumMe,policy:human_k16_seed440826,batch1,9,0,106403840,107232768,828928
SumMe/Kids_playing_in_leaves,SumMe,policy:human_k16_seed440826,batch1,9,1,106403840,107232768,828928
SumMe/Kids_playing_in_leaves,SumMe,policy:human_k16_seed440826,batch1,9,2,106403840,107232768,828928
SumMe/Kids_playing_in_leaves,SumMe,policy:human_k16_seed440826,batch1,9,3,106403840,107232768,828928
SumMe/Kids_playing_in_leaves,SumMe,policy:human_k16_seed440826,batch1,9,4,106403840,107232768,828928
SumMe/Kids_playing_in_leaves,SumMe,policy:human_k16_seed440826,batch1,9,5,106403840,107232768,828928
SumMe/Kids_playing_in_leaves,SumMe,policy:human_k16_seed440826,batch1,9,6,106403840,107232768,828928
SumMe/Kids_playing_in_leaves,SumMe,policy:human_k16_seed440826,batch1,9,7,106403840,107232768,828928
SumMe/Kids_playing_in_leaves,SumMe,policy:human_k16_seed440826,batch1,9,8,106403840,107232768,828928
SumMe/Kids_playing_in_leaves,SumMe,policy:human_k16_seed440826,batch1,9,9,106403840,107232768,828928
SumMe/Kids_playing_in_leaves,SumMe,policy:human_k16_seed440826,batch1,9,10,106403840,107232768,828928
SumMe/Kids_playing_in_leaves,SumMe,policy:human_k16_seed440826,batch1,9,11,106403840,107232768,828928
SumMe/Kids_playing_in_leaves,SumMe,policy:human_k16_seed440826,batch1,9,12,106403840,107232768,828928
SumMe/Kids_playing_in_leaves,SumMe,policy:human_k16_seed440826,batch1,9,13,106403840,107232768,828928
SumMe/Kids_playing_in_leaves,SumMe,policy:human_k16_seed440826,batch1,9,14,106403840,107232768,828928
SumMe/Kids_playing_in_leaves,SumMe,policy:human_k16_seed440826,batch1,9,15,106403840,107232768,828928
SumMe/Kids_playing_in_leaves,SumMe,policy:human_k16_seed440827,batch1,0,0,106403840,107232768,828928
SumMe/Kids_playing_in_leaves,SumMe,policy:human_k16_seed440827,batch1,0,1,106403840,107232768,828928
SumMe/Kids_playing_in_leaves,SumMe,policy:human_k16_seed440827,batch1,0,2,106403840,107232768,828928
SumMe/Kids_playing_in_leaves,SumMe,policy:human_k16_seed440827,batch1,0,3,106403840,107232768,828928
SumMe/Kids_playing_in_leaves,SumMe,policy:human_k16_seed440827,batch1,0,4,106403840,107232768,828928
SumMe/Kids_playing_in_leaves,SumMe,policy:human_k16_seed440827,batch1,0,5,106403840,107232768,828928
SumMe/Kids_playing_in_leaves,SumMe,policy:human_k16_seed440827,batch1,0,6,106403840,107232768,828928
SumMe/Kids_playing_in_leaves,SumMe,policy:human_k16_seed440827,batch1,0,7,106403840,107232768,828928
SumMe/Kids_playing_in_leaves,SumMe,policy:human_k16_seed440827,batch1,0,8,106403840,107232768,828928
SumMe/Kids_playing_in_leaves,SumMe,policy:human_k16_seed440827,batch1,0,9,106403840,107232768,828928
SumMe/Kids_playing_in_leaves,SumMe,policy:human_k16_seed440827,batch1,0,10,106403840,107232768,828928
SumMe/Kids_playing_in_leaves,SumMe,policy:human_k16_seed440827,batch1,0,11,106403840,107232768,828928
SumMe/Kids_playing_in_leaves,SumMe,policy:human_k16_seed440827,batch1,0,12,106403840,107232768,828928
SumMe/Kids_playing_in_leaves,SumMe,policy:human_k16_seed440827,batch1,0,13,106403840,107232768,828928
SumMe/Kids_playing_in_leaves,SumMe,policy:human_k16_seed440827,batch1,0,14,106403840,107232768,828928
SumMe/Kids_playing_in_leaves,SumMe,policy:human_k16_seed440827,batch1,0,15,106403840,107232768,828928
SumMe/Kids_playing_in_leaves,SumMe,policy:human_k16_seed440827,batch1,1,0,106403840,107232768,828928
SumMe/Kids_playing_in_leaves,SumMe,policy:human_k16_seed440827,batch1,1,1,106403840,107232768,828928
SumMe/Kids_playing_in_leaves,SumMe,policy:human_k16_seed440827,batch1,1,2,106403840,107232768,828928
SumMe/Kids_playing_in_leaves,SumMe,policy:human_k16_seed440827,batch1,1,3,106403840,107232768,828928
SumMe/Kids_playing_in_leaves,SumMe,policy:human_k16_seed440827,batch1,1,4,106403840,107232768,828928
SumMe/Kids_playing_in_leaves,SumMe,policy:human_k16_seed440827,batch1,1,5,106403840,107232768,828928
SumMe/Kids_playing_in_leaves,SumMe,policy:human_k16_seed440827,batch1,1,6,106403840,107232768,828928
SumMe/Kids_playing_in_leaves,SumMe,policy:human_k16_seed440827,batch1,1,7,106403840,107232768,828928
SumMe/Kids_playing_in_leaves,SumMe,policy:human_k16_seed440827,batch1,1,8,106403840,107232768,828928
SumMe/Kids_playing_in_leaves,SumMe,policy:human_k16_seed440827,batch1,1,9,106403840,107232768,828928
SumMe/Kids_playing_in_leaves,SumMe,policy:human_k16_seed440827,batch1,1,10,106403840,107232768,828928
SumMe/Kids_playing_in_leaves,SumMe,policy:human_k16_seed440827,batch1,1,11,106403840,107232768,828928
SumMe/Kids_playing_in_leaves,SumMe,policy:human_k16_seed440827,batch1,1,12,106403840,107232768,828928
SumMe/Kids_playing_in_leaves,SumMe,policy:human_k16_seed440827,batch1,1,13,106403840,107232768,828928
SumMe/Kids_playing_in_leaves,SumMe,policy:human_k16_seed440827,batch1,1,14,106403840,107232768,828928
SumMe/Kids_playing_in_leaves,SumMe,policy:human_k16_seed440827,batch1,1,15,106403840,107232768,828928
SumMe/Kids_playing_in_leaves,SumMe,policy:human_k16_seed440827,batch1,2,0,106403840,107232768,828928
SumMe/Kids_playing_in_leaves,SumMe,policy:human_k16_seed440827,batch1,2,1,106403840,107232768,828928
SumMe/Kids_playing_in_leaves,SumMe,policy:human_k16_seed440827,batch1,2,2,106403840,107232768,828928
SumMe/Kids_playing_in_leaves,SumMe,policy:human_k16_seed440827,batch1,2,3,106403840,107232768,828928
SumMe/Kids_playing_in_leaves,SumMe,policy:human_k16_seed440827,batch1,2,4,106403840,107232768,828928
SumMe/Kids_playing_in_leaves,SumMe,policy:human_k16_seed440827,batch1,2,5,106403840,107232768,828928
SumMe/Kids_playing_in_leaves,SumMe,policy:human_k16_seed440827,batch1,2,6,106403840,107232768,828928
SumMe/Kids_playing_in_leaves,SumMe,policy:human_k16_seed440827,batch1,2,7,106403840,107232768,828928
SumMe/Kids_playing_in_leaves,SumMe,policy:human_k16_seed440827,batch1,2,8,106403840,107232768,828928
SumMe/Kids_playing_in_leaves,SumMe,policy:human_k16_seed440827,batch1,2,9,106403840,107232768,828928
SumMe/Kids_playing_in_leaves,SumMe,policy:human_k16_seed440827,batch1,2,10,106403840,107232768,828928
SumMe/Kids_playing_in_leaves,SumMe,policy:human_k16_seed440827,batch1,2,11,106403840,107232768,828928
SumMe/Kids_playing_in_leaves,SumMe,policy:human_k16_seed440827,batch1,2,12,106403840,107232768,828928
SumMe/Kids_playing_in_leaves,SumMe,policy:human_k16_seed440827,batch1,2,13,106403840,107232768,828928
SumMe/Kids_playing_in_leaves,SumMe,policy:human_k16_seed440827,batch1,2,14,106403840,107232768,828928
SumMe/Kids_playing_in_leaves,SumMe,policy:human_k16_seed440827,batch1,2,15,106403840,107232768,828928
SumMe/Kids_playing_in_leaves,SumMe,policy:human_k16_seed440827,batch1,3,0,106403840,107232768,828928
SumMe/Kids_playing_in_leaves,SumMe,policy:human_k16_seed440827,batch1,3,1,106403840,107232768,828928
SumMe/Kids_playing_in_leaves,SumMe,policy:human_k16_seed440827,batch1,3,2,106403840,107232768,828928
SumMe/Kids_playing_in_leaves,SumMe,policy:human_k16_seed440827,batch1,3,3,106403840,107232768,828928
SumMe/Kids_playing_in_leaves,SumMe,policy:human_k16_seed440827,batch1,3,4,106403840,107232768,828928
SumMe/Kids_playing_in_leaves,SumMe,policy:human_k16_seed440827,batch1,3,5,106403840,107232768,828928
SumMe/Kids_playing_in_leaves,SumMe,policy:human_k16_seed440827,batch1,3,6,106403840,107232768,828928
SumMe/Kids_playing_in_leaves,SumMe,policy:human_k16_seed440827,batch1,3,7,106403840,107232768,828928
SumMe/Kids_playing_in_leaves,SumMe,policy:human_k16_seed440827,batch1,3,8,106403840,107232768,828928
SumMe/Kids_playing_in_leaves,SumMe,policy:human_k16_seed440827,batch1,3,9,106403840,107232768,828928
SumMe/Kids_playing_in_leaves,SumMe,policy:human_k16_seed440827,batch1,3,10,106403840,107232768,828928
SumMe/Kids_playing_in_leaves,SumMe,policy:human_k16_seed440827,batch1,3,11,106403840,107232768,828928
SumMe/Kids_playing_in_leaves,SumMe,policy:human_k16_seed440827,batch1,3,12,106403840,107232768,828928
SumMe/Kids_playing_in_leaves,SumMe,policy:human_k16_seed440827,batch1,3,13,106403840,107232768,828928
SumMe/Kids_playing_in_leaves,SumMe,policy:human_k16_seed440827,batch1,3,14,106403840,107232768,828928
SumMe/Kids_playing_in_leaves,SumMe,policy:human_k16_seed440827,batch1,3,15,106403840,107232768,828928
SumMe/Kids_playing_in_leaves,SumMe,policy:human_k16_seed440827,batch1,4,0,106403840,107232768,828928
SumMe/Kids_playing_in_leaves,SumMe,policy:human_k16_seed440827,batch1,4,1,106403840,107232768,828928
SumMe/Kids_playing_in_leaves,SumMe,policy:human_k16_seed440827,batch1,4,2,106403840,107232768,828928
SumMe/Kids_playing_in_leaves,SumMe,policy:human_k16_seed440827,batch1,4,3,106403840,107232768,828928
SumMe/Kids_playing_in_leaves,SumMe,policy:human_k16_seed440827,batch1,4,4,106403840,107232768,828928
SumMe/Kids_playing_in_leaves,SumMe,policy:human_k16_seed440827,batch1,4,5,106403840,107232768,828928
SumMe/Kids_playing_in_leaves,SumMe,policy:human_k16_seed440827,batch1,4,6,106403840,107232768,828928
SumMe/Kids_playing_in_leaves,SumMe,policy:human_k16_seed440827,batch1,4,7,106403840,107232768,828928
SumMe/Kids_playing_in_leaves,SumMe,policy:human_k16_seed440827,batch1,4,8,106403840,107232768,828928
SumMe/Kids_playing_in_leaves,SumMe,policy:human_k16_seed440827,batch1,4,9,106403840,107232768,828928
SumMe/Kids_playing_in_leaves,SumMe,policy:human_k16_seed440827,batch1,4,10,106403840,107232768,828928
SumMe/Kids_playing_in_leaves,SumMe,policy:human_k16_seed440827,batch1,4,11,106403840,107232768,828928
SumMe/Kids_playing_in_leaves,SumMe,policy:human_k16_seed440827,batch1,4,12,106403840,107232768,828928
SumMe/Kids_playing_in_leaves,SumMe,policy:human_k16_seed440827,batch1,4,13,106403840,107232768,828928
SumMe/Kids_playing_in_leaves,SumMe,policy:human_k16_seed440827,batch1,4,14,106403840,107232768,828928
SumMe/Kids_playing_in_leaves,SumMe,policy:human_k16_seed440827,batch1,4,15,106403840,107232768,828928
SumMe/Kids_playing_in_leaves,SumMe,policy:human_k16_seed440827,batch1,5,0,106403840,107232768,828928
SumMe/Kids_playing_in_leaves,SumMe,policy:human_k16_seed440827,batch1,5,1,106403840,107232768,828928
SumMe/Kids_playing_in_leaves,SumMe,policy:human_k16_seed440827,batch1,5,2,106403840,107232768,828928
SumMe/Kids_playing_in_leaves,SumMe,policy:human_k16_seed440827,batch1,5,3,106403840,107232768,828928
SumMe/Kids_playing_in_leaves,SumMe,policy:human_k16_seed440827,batch1,5,4,106403840,107232768,828928
SumMe/Kids_playing_in_leaves,SumMe,policy:human_k16_seed440827,batch1,5,5,106403840,107232768,828928
SumMe/Kids_playing_in_leaves,SumMe,policy:human_k16_seed440827,batch1,5,6,106403840,107232768,828928
SumMe/Kids_playing_in_leaves,SumMe,policy:human_k16_seed440827,batch1,5,7,106403840,107232768,828928
SumMe/Kids_playing_in_leaves,SumMe,policy:human_k16_seed440827,batch1,5,8,106403840,107232768,828928
SumMe/Kids_playing_in_leaves,SumMe,policy:human_k16_seed440827,batch1,5,9,106403840,107232768,828928
SumMe/Kids_playing_in_leaves,SumMe,policy:human_k16_seed440827,batch1,5,10,106403840,107232768,828928
SumMe/Kids_playing_in_leaves,SumMe,policy:human_k16_seed440827,batch1,5,11,106403840,107232768,828928
SumMe/Kids_playing_in_leaves,SumMe,policy:human_k16_seed440827,batch1,5,12,106403840,107232768,828928
SumMe/Kids_playing_in_leaves,SumMe,policy:human_k16_seed440827,batch1,5,13,106403840,107232768,828928
SumMe/Kids_playing_in_leaves,SumMe,policy:human_k16_seed440827,batch1,5,14,106403840,107232768,828928
SumMe/Kids_playing_in_leaves,SumMe,policy:human_k16_seed440827,batch1,5,15,106403840,107232768,828928
SumMe/Kids_playing_in_leaves,SumMe,policy:human_k16_seed440827,batch1,6,0,106403840,107232768,828928
SumMe/Kids_playing_in_leaves,SumMe,policy:human_k16_seed440827,batch1,6,1,106403840,107232768,828928
SumMe/Kids_playing_in_leaves,SumMe,policy:human_k16_seed440827,batch1,6,2,106403840,107232768,828928
SumMe/Kids_playing_in_leaves,SumMe,policy:human_k16_seed440827,batch1,6,3,106403840,107232768,828928
SumMe/Kids_playing_in_leaves,SumMe,policy:human_k16_seed440827,batch1,6,4,106403840,107232768,828928
SumMe/Kids_playing_in_leaves,SumMe,policy:human_k16_seed440827,batch1,6,5,106403840,107232768,828928
SumMe/Kids_playing_in_leaves,SumMe,policy:human_k16_seed440827,batch1,6,6,106403840,107232768,828928
SumMe/Kids_playing_in_leaves,SumMe,policy:human_k16_seed440827,batch1,6,7,106403840,107232768,828928
SumMe/Kids_playing_in_leaves,SumMe,policy:human_k16_seed440827,batch1,6,8,106403840,107232768,828928
SumMe/Kids_playing_in_leaves,SumMe,policy:human_k16_seed440827,batch1,6,9,106403840,107232768,828928
SumMe/Kids_playing_in_leaves,SumMe,policy:human_k16_seed440827,batch1,6,10,106403840,107232768,828928
SumMe/Kids_playing_in_leaves,SumMe,policy:human_k16_seed440827,batch1,6,11,106403840,107232768,828928
SumMe/Kids_playing_in_leaves,SumMe,policy:human_k16_seed440827,batch1,6,12,106403840,107232768,828928
SumMe/Kids_playing_in_leaves,SumMe,policy:human_k16_seed440827,batch1,6,13,106403840,107232768,828928
SumMe/Kids_playing_in_leaves,SumMe,policy:human_k16_seed440827,batch1,6,14,106403840,107232768,828928
SumMe/Kids_playing_in_leaves,SumMe,policy:human_k16_seed440827,batch1,6,15,106403840,107232768,828928
SumMe/Kids_playing_in_leaves,SumMe,policy:human_k16_seed440827,batch1,7,0,106403840,107232768,828928
SumMe/Kids_playing_in_leaves,SumMe,policy:human_k16_seed440827,batch1,7,1,106403840,107232768,828928
SumMe/Kids_playing_in_leaves,SumMe,policy:human_k16_seed440827,batch1,7,2,106403840,107232768,828928
SumMe/Kids_playing_in_leaves,SumMe,policy:human_k16_seed440827,batch1,7,3,106403840,107232768,828928
SumMe/Kids_playing_in_leaves,SumMe,policy:human_k16_seed440827,batch1,7,4,106403840,107232768,828928
SumMe/Kids_playing_in_leaves,SumMe,policy:human_k16_seed440827,batch1,7,5,106403840,107232768,828928
SumMe/Kids_playing_in_leaves,SumMe,policy:human_k16_seed440827,batch1,7,6,106403840,107232768,828928
SumMe/Kids_playing_in_leaves,SumMe,policy:human_k16_seed440827,batch1,7,7,106403840,107232768,828928
SumMe/Kids_playing_in_leaves,SumMe,policy:human_k16_seed440827,batch1,7,8,106403840,107232768,828928
SumMe/Kids_playing_in_leaves,SumMe,policy:human_k16_seed440827,batch1,7,9,106403840,107232768,828928
SumMe/Kids_playing_in_leaves,SumMe,policy:human_k16_seed440827,batch1,7,10,106403840,107232768,828928
SumMe/Kids_playing_in_leaves,SumMe,policy:human_k16_seed440827,batch1,7,11,106403840,107232768,828928
SumMe/Kids_playing_in_leaves,SumMe,policy:human_k16_seed440827,batch1,7,12,106403840,107232768,828928
SumMe/Kids_playing_in_leaves,SumMe,policy:human_k16_seed440827,batch1,7,13,106403840,107232768,828928
SumMe/Kids_playing_in_leaves,SumMe,policy:human_k16_seed440827,batch1,7,14,106403840,107232768,828928
SumMe/Kids_playing_in_leaves,SumMe,policy:human_k16_seed440827,batch1,7,15,106403840,107232768,828928
SumMe/Kids_playing_in_leaves,SumMe,policy:human_k16_seed440827,batch1,8,0,106403840,107232768,828928
SumMe/Kids_playing_in_leaves,SumMe,policy:human_k16_seed440827,batch1,8,1,106403840,107232768,828928
SumMe/Kids_playing_in_leaves,SumMe,policy:human_k16_seed440827,batch1,8,2,106403840,107232768,828928
SumMe/Kids_playing_in_leaves,SumMe,policy:human_k16_seed440827,batch1,8,3,106403840,107232768,828928
SumMe/Kids_playing_in_leaves,SumMe,policy:human_k16_seed440827,batch1,8,4,106403840,107232768,828928
SumMe/Kids_playing_in_leaves,SumMe,policy:human_k16_seed440827,batch1,8,5,106403840,107232768,828928
SumMe/Kids_playing_in_leaves,SumMe,policy:human_k16_seed440827,batch1,8,6,106403840,107232768,828928
SumMe/Kids_playing_in_leaves,SumMe,policy:human_k16_seed440827,batch1,8,7,106403840,107232768,828928
SumMe/Kids_playing_in_leaves,SumMe,policy:human_k16_seed440827,batch1,8,8,106403840,107232768,828928
SumMe/Kids_playing_in_leaves,SumMe,policy:human_k16_seed440827,batch1,8,9,106403840,107232768,828928
SumMe/Kids_playing_in_leaves,SumMe,policy:human_k16_seed440827,batch1,8,10,106403840,107232768,828928
SumMe/Kids_playing_in_leaves,SumMe,policy:human_k16_seed440827,batch1,8,11,106403840,107232768,828928
SumMe/Kids_playing_in_leaves,SumMe,policy:human_k16_seed440827,batch1,8,12,106403840,107232768,828928
SumMe/Kids_playing_in_leaves,SumMe,policy:human_k16_seed440827,batch1,8,13,106403840,107232768,828928
SumMe/Kids_playing_in_leaves,SumMe,policy:human_k16_seed440827,batch1,8,14,106403840,107232768,828928
SumMe/Kids_playing_in_leaves,SumMe,policy:human_k16_seed440827,batch1,8,15,106403840,107232768,828928
SumMe/Kids_playing_in_leaves,SumMe,policy:human_k16_seed440827,batch1,9,0,106403840,107232768,828928
SumMe/Kids_playing_in_leaves,SumMe,policy:human_k16_seed440827,batch1,9,1,106403840,107232768,828928
SumMe/Kids_playing_in_leaves,SumMe,policy:human_k16_seed440827,batch1,9,2,106403840,107232768,828928
SumMe/Kids_playing_in_leaves,SumMe,policy:human_k16_seed440827,batch1,9,3,106403840,107232768,828928
SumMe/Kids_playing_in_leaves,SumMe,policy:human_k16_seed440827,batch1,9,4,106403840,107232768,828928
SumMe/Kids_playing_in_leaves,SumMe,policy:human_k16_seed440827,batch1,9,5,106403840,107232768,828928
SumMe/Kids_playing_in_leaves,SumMe,policy:human_k16_seed440827,batch1,9,6,106403840,107232768,828928
SumMe/Kids_playing_in_leaves,SumMe,policy:human_k16_seed440827,batch1,9,7,106403840,107232768,828928
SumMe/Kids_playing_in_leaves,SumMe,policy:human_k16_seed440827,batch1,9,8,106403840,107232768,828928
SumMe/Kids_playing_in_leaves,SumMe,policy:human_k16_seed440827,batch1,9,9,106403840,107232768,828928
SumMe/Kids_playing_in_leaves,SumMe,policy:human_k16_seed440827,batch1,9,10,106403840,107232768,828928
SumMe/Kids_playing_in_leaves,SumMe,policy:human_k16_seed440827,batch1,9,11,106403840,107232768,828928
SumMe/Kids_playing_in_leaves,SumMe,policy:human_k16_seed440827,batch1,9,12,106403840,107232768,828928
SumMe/Kids_playing_in_leaves,SumMe,policy:human_k16_seed440827,batch1,9,13,106403840,107232768,828928
SumMe/Kids_playing_in_leaves,SumMe,policy:human_k16_seed440827,batch1,9,14,106403840,107232768,828928
SumMe/Kids_playing_in_leaves,SumMe,policy:human_k16_seed440827,batch1,9,15,106403840,107232768,828928
SumMe/Kids_playing_in_leaves,SumMe,policy:human_k16_seed440828,batch1,0,0,106403840,107232768,828928
SumMe/Kids_playing_in_leaves,SumMe,policy:human_k16_seed440828,batch1,0,1,106403840,107232768,828928
SumMe/Kids_playing_in_leaves,SumMe,policy:human_k16_seed440828,batch1,0,2,106403840,107232768,828928
SumMe/Kids_playing_in_leaves,SumMe,policy:human_k16_seed440828,batch1,0,3,106403840,107232768,828928
SumMe/Kids_playing_in_leaves,SumMe,policy:human_k16_seed440828,batch1,0,4,106403840,107232768,828928
SumMe/Kids_playing_in_leaves,SumMe,policy:human_k16_seed440828,batch1,0,5,106403840,107232768,828928
SumMe/Kids_playing_in_leaves,SumMe,policy:human_k16_seed440828,batch1,0,6,106403840,107232768,828928
SumMe/Kids_playing_in_leaves,SumMe,policy:human_k16_seed440828,batch1,0,7,106403840,107232768,828928
SumMe/Kids_playing_in_leaves,SumMe,policy:human_k16_seed440828,batch1,0,8,106403840,107232768,828928
SumMe/Kids_playing_in_leaves,SumMe,policy:human_k16_seed440828,batch1,0,9,106403840,107232768,828928
SumMe/Kids_playing_in_leaves,SumMe,policy:human_k16_seed440828,batch1,0,10,106403840,107232768,828928
SumMe/Kids_playing_in_leaves,SumMe,policy:human_k16_seed440828,batch1,0,11,106403840,107232768,828928
SumMe/Kids_playing_in_leaves,SumMe,policy:human_k16_seed440828,batch1,0,12,106403840,107232768,828928
SumMe/Kids_playing_in_leaves,SumMe,policy:human_k16_seed440828,batch1,0,13,106403840,107232768,828928
SumMe/Kids_playing_in_leaves,SumMe,policy:human_k16_seed440828,batch1,0,14,106403840,107232768,828928
SumMe/Kids_playing_in_leaves,SumMe,policy:human_k16_seed440828,batch1,0,15,106403840,107232768,828928
SumMe/Kids_playing_in_leaves,SumMe,policy:human_k16_seed440828,batch1,1,0,106403840,107232768,828928
SumMe/Kids_playing_in_leaves,SumMe,policy:human_k16_seed440828,batch1,1,1,106403840,107232768,828928
SumMe/Kids_playing_in_leaves,SumMe,policy:human_k16_seed440828,batch1,1,2,106403840,107232768,828928
SumMe/Kids_playing_in_leaves,SumMe,policy:human_k16_seed440828,batch1,1,3,106403840,107232768,828928
SumMe/Kids_playing_in_leaves,SumMe,policy:human_k16_seed440828,batch1,1,4,106403840,107232768,828928
SumMe/Kids_playing_in_leaves,SumMe,policy:human_k16_seed440828,batch1,1,5,106403840,107232768,828928
SumMe/Kids_playing_in_leaves,SumMe,policy:human_k16_seed440828,batch1,1,6,106403840,107232768,828928
SumMe/Kids_playing_in_leaves,SumMe,policy:human_k16_seed440828,batch1,1,7,106403840,107232768,828928
SumMe/Kids_playing_in_leaves,SumMe,policy:human_k16_seed440828,batch1,1,8,106403840,107232768,828928
SumMe/Kids_playing_in_leaves,SumMe,policy:human_k16_seed440828,batch1,1,9,106403840,107232768,828928
SumMe/Kids_playing_in_leaves,SumMe,policy:human_k16_seed440828,batch1,1,10,106403840,107232768,828928
SumMe/Kids_playing_in_leaves,SumMe,policy:human_k16_seed440828,batch1,1,11,106403840,107232768,828928
SumMe/Kids_playing_in_leaves,SumMe,policy:human_k16_seed440828,batch1,1,12,106403840,107232768,828928
SumMe/Kids_playing_in_leaves,SumMe,policy:human_k16_seed440828,batch1,1,13,106403840,107232768,828928
SumMe/Kids_playing_in_leaves,SumMe,policy:human_k16_seed440828,batch1,1,14,106403840,107232768,828928
SumMe/Kids_playing_in_leaves,SumMe,policy:human_k16_seed440828,batch1,1,15,106403840,107232768,828928
SumMe/Kids_playing_in_leaves,SumMe,policy:human_k16_seed440828,batch1,2,0,106403840,107232768,828928
SumMe/Kids_playing_in_leaves,SumMe,policy:human_k16_seed440828,batch1,2,1,106403840,107232768,828928
SumMe/Kids_playing_in_leaves,SumMe,policy:human_k16_seed440828,batch1,2,2,106403840,107232768,828928
SumMe/Kids_playing_in_leaves,SumMe,policy:human_k16_seed440828,batch1,2,3,106403840,107232768,828928
SumMe/Kids_playing_in_leaves,SumMe,policy:human_k16_seed440828,batch1,2,4,106403840,107232768,828928
SumMe/Kids_playing_in_leaves,SumMe,policy:human_k16_seed440828,batch1,2,5,106403840,107232768,828928
SumMe/Kids_playing_in_leaves,SumMe,policy:human_k16_seed440828,batch1,2,6,106403840,107232768,828928
SumMe/Kids_playing_in_leaves,SumMe,policy:human_k16_seed440828,batch1,2,7,106403840,107232768,828928
SumMe/Kids_playing_in_leaves,SumMe,policy:human_k16_seed440828,batch1,2,8,106403840,107232768,828928
SumMe/Kids_playing_in_leaves,SumMe,policy:human_k16_seed440828,batch1,2,9,106403840,107232768,828928
SumMe/Kids_playing_in_leaves,SumMe,policy:human_k16_seed440828,batch1,2,10,106403840,107232768,828928
SumMe/Kids_playing_in_leaves,SumMe,policy:human_k16_seed440828,batch1,2,11,106403840,107232768,828928
SumMe/Kids_playing_in_leaves,SumMe,policy:human_k16_seed440828,batch1,2,12,106403840,107232768,828928
SumMe/Kids_playing_in_leaves,SumMe,policy:human_k16_seed440828,batch1,2,13,106403840,107232768,828928
SumMe/Kids_playing_in_leaves,SumMe,policy:human_k16_seed440828,batch1,2,14,106403840,107232768,828928
SumMe/Kids_playing_in_leaves,SumMe,policy:human_k16_seed440828,batch1,2,15,106403840,107232768,828928
SumMe/Kids_playing_in_leaves,SumMe,policy:human_k16_seed440828,batch1,3,0,106403840,107232768,828928
SumMe/Kids_playing_in_leaves,SumMe,policy:human_k16_seed440828,batch1,3,1,106403840,107232768,828928
SumMe/Kids_playing_in_leaves,SumMe,policy:human_k16_seed440828,batch1,3,2,106403840,107232768,828928
SumMe/Kids_playing_in_leaves,SumMe,policy:human_k16_seed440828,batch1,3,3,106403840,107232768,828928
SumMe/Kids_playing_in_leaves,SumMe,policy:human_k16_seed440828,batch1,3,4,106403840,107232768,828928
SumMe/Kids_playing_in_leaves,SumMe,policy:human_k16_seed440828,batch1,3,5,106403840,107232768,828928
SumMe/Kids_playing_in_leaves,SumMe,policy:human_k16_seed440828,batch1,3,6,106403840,107232768,828928
SumMe/Kids_playing_in_leaves,SumMe,policy:human_k16_seed440828,batch1,3,7,106403840,107232768,828928
SumMe/Kids_playing_in_leaves,SumMe,policy:human_k16_seed440828,batch1,3,8,106403840,107232768,828928
SumMe/Kids_playing_in_leaves,SumMe,policy:human_k16_seed440828,batch1,3,9,106403840,107232768,828928
SumMe/Kids_playing_in_leaves,SumMe,policy:human_k16_seed440828,batch1,3,10,106403840,107232768,828928
SumMe/Kids_playing_in_leaves,SumMe,policy:human_k16_seed440828,batch1,3,11,106403840,107232768,828928
SumMe/Kids_playing_in_leaves,SumMe,policy:human_k16_seed440828,batch1,3,12,106403840,107232768,828928
SumMe/Kids_playing_in_leaves,SumMe,policy:human_k16_seed440828,batch1,3,13,106403840,107232768,828928
SumMe/Kids_playing_in_leaves,SumMe,policy:human_k16_seed440828,batch1,3,14,106403840,107232768,828928
SumMe/Kids_playing_in_leaves,SumMe,policy:human_k16_seed440828,batch1,3,15,106403840,107232768,828928
SumMe/Kids_playing_in_leaves,SumMe,policy:human_k16_seed440828,batch1,4,0,106403840,107232768,828928
SumMe/Kids_playing_in_leaves,SumMe,policy:human_k16_seed440828,batch1,4,1,106403840,107232768,828928
SumMe/Kids_playing_in_leaves,SumMe,policy:human_k16_seed440828,batch1,4,2,106403840,107232768,828928
SumMe/Kids_playing_in_leaves,SumMe,policy:human_k16_seed440828,batch1,4,3,106403840,107232768,828928
SumMe/Kids_playing_in_leaves,SumMe,policy:human_k16_seed440828,batch1,4,4,106403840,107232768,828928
SumMe/Kids_playing_in_leaves,SumMe,policy:human_k16_seed440828,batch1,4,5,106403840,107232768,828928
SumMe/Kids_playing_in_leaves,SumMe,policy:human_k16_seed440828,batch1,4,6,106403840,107232768,828928
SumMe/Kids_playing_in_leaves,SumMe,policy:human_k16_seed440828,batch1,4,7,106403840,107232768,828928
SumMe/Kids_playing_in_leaves,SumMe,policy:human_k16_seed440828,batch1,4,8,106403840,107232768,828928
SumMe/Kids_playing_in_leaves,SumMe,policy:human_k16_seed440828,batch1,4,9,106403840,107232768,828928
SumMe/Kids_playing_in_leaves,SumMe,policy:human_k16_seed440828,batch1,4,10,106403840,107232768,828928
SumMe/Kids_playing_in_leaves,SumMe,policy:human_k16_seed440828,batch1,4,11,106403840,107232768,828928
SumMe/Kids_playing_in_leaves,SumMe,policy:human_k16_seed440828,batch1,4,12,106403840,107232768,828928
SumMe/Kids_playing_in_leaves,SumMe,policy:human_k16_seed440828,batch1,4,13,106403840,107232768,828928
SumMe/Kids_playing_in_leaves,SumMe,policy:human_k16_seed440828,batch1,4,14,106403840,107232768,828928
SumMe/Kids_playing_in_leaves,SumMe,policy:human_k16_seed440828,batch1,4,15,106403840,107232768,828928
SumMe/Kids_playing_in_leaves,SumMe,policy:human_k16_seed440828,batch1,5,0,106403840,107232768,828928
SumMe/Kids_playing_in_leaves,SumMe,policy:human_k16_seed440828,batch1,5,1,106403840,107232768,828928
SumMe/Kids_playing_in_leaves,SumMe,policy:human_k16_seed440828,batch1,5,2,106403840,107232768,828928
SumMe/Kids_playing_in_leaves,SumMe,policy:human_k16_seed440828,batch1,5,3,106403840,107232768,828928
SumMe/Kids_playing_in_leaves,SumMe,policy:human_k16_seed440828,batch1,5,4,106403840,107232768,828928
SumMe/Kids_playing_in_leaves,SumMe,policy:human_k16_seed440828,batch1,5,5,106403840,107232768,828928
SumMe/Kids_playing_in_leaves,SumMe,policy:human_k16_seed440828,batch1,5,6,106403840,107232768,828928
SumMe/Kids_playing_in_leaves,SumMe,policy:human_k16_seed440828,batch1,5,7,106403840,107232768,828928
SumMe/Kids_playing_in_leaves,SumMe,policy:human_k16_seed440828,batch1,5,8,106403840,107232768,828928
SumMe/Kids_playing_in_leaves,SumMe,policy:human_k16_seed440828,batch1,5,9,106403840,107232768,828928
SumMe/Kids_playing_in_leaves,SumMe,policy:human_k16_seed440828,batch1,5,10,106403840,107232768,828928
SumMe/Kids_playing_in_leaves,SumMe,policy:human_k16_seed440828,batch1,5,11,106403840,107232768,828928
SumMe/Kids_playing_in_leaves,SumMe,policy:human_k16_seed440828,batch1,5,12,106403840,107232768,828928
SumMe/Kids_playing_in_leaves,SumMe,policy:human_k16_seed440828,batch1,5,13,106403840,107232768,828928
SumMe/Kids_playing_in_leaves,SumMe,policy:human_k16_seed440828,batch1,5,14,106403840,107232768,828928
SumMe/Kids_playing_in_leaves,SumMe,policy:human_k16_seed440828,batch1,5,15,106403840,107232768,828928
SumMe/Kids_playing_in_leaves,SumMe,policy:human_k16_seed440828,batch1,6,0,106403840,107232768,828928
SumMe/Kids_playing_in_leaves,SumMe,policy:human_k16_seed440828,batch1,6,1,106403840,107232768,828928
SumMe/Kids_playing_in_leaves,SumMe,policy:human_k16_seed440828,batch1,6,2,106403840,107232768,828928
SumMe/Kids_playing_in_leaves,SumMe,policy:human_k16_seed440828,batch1,6,3,106403840,107232768,828928
SumMe/Kids_playing_in_leaves,SumMe,policy:human_k16_seed440828,batch1,6,4,106403840,107232768,828928
SumMe/Kids_playing_in_leaves,SumMe,policy:human_k16_seed440828,batch1,6,5,106403840,107232768,828928
SumMe/Kids_playing_in_leaves,SumMe,policy:human_k16_seed440828,batch1,6,6,106403840,107232768,828928
SumMe/Kids_playing_in_leaves,SumMe,policy:human_k16_seed440828,batch1,6,7,106403840,107232768,828928
SumMe/Kids_playing_in_leaves,SumMe,policy:human_k16_seed440828,batch1,6,8,106403840,107232768,828928
SumMe/Kids_playing_in_leaves,SumMe,policy:human_k16_seed440828,batch1,6,9,106403840,107232768,828928
SumMe/Kids_playing_in_leaves,SumMe,policy:human_k16_seed440828,batch1,6,10,106403840,107232768,828928
SumMe/Kids_playing_in_leaves,SumMe,policy:human_k16_seed440828,batch1,6,11,106403840,107232768,828928
SumMe/Kids_playing_in_leaves,SumMe,policy:human_k16_seed440828,batch1,6,12,106403840,107232768,828928
SumMe/Kids_playing_in_leaves,SumMe,policy:human_k16_seed440828,batch1,6,13,106403840,107232768,828928
SumMe/Kids_playing_in_leaves,SumMe,policy:human_k16_seed440828,batch1,6,14,106403840,107232768,828928
SumMe/Kids_playing_in_leaves,SumMe,policy:human_k16_seed440828,batch1,6,15,106403840,107232768,828928
SumMe/Kids_playing_in_leaves,SumMe,policy:human_k16_seed440828,batch1,7,0,106403840,107232768,828928
SumMe/Kids_playing_in_leaves,SumMe,policy:human_k16_seed440828,batch1,7,1,106403840,107232768,828928
SumMe/Kids_playing_in_leaves,SumMe,policy:human_k16_seed440828,batch1,7,2,106403840,107232768,828928
SumMe/Kids_playing_in_leaves,SumMe,policy:human_k16_seed440828,batch1,7,3,106403840,107232768,828928
SumMe/Kids_playing_in_leaves,SumMe,policy:human_k16_seed440828,batch1,7,4,106403840,107232768,828928
SumMe/Kids_playing_in_leaves,SumMe,policy:human_k16_seed440828,batch1,7,5,106403840,107232768,828928
SumMe/Kids_playing_in_leaves,SumMe,policy:human_k16_seed440828,batch1,7,6,106403840,107232768,828928
SumMe/Kids_playing_in_leaves,SumMe,policy:human_k16_seed440828,batch1,7,7,106403840,107232768,828928
SumMe/Kids_playing_in_leaves,SumMe,policy:human_k16_seed440828,batch1,7,8,106403840,107232768,828928
SumMe/Kids_playing_in_leaves,SumMe,policy:human_k16_seed440828,batch1,7,9,106403840,107232768,828928
SumMe/Kids_playing_in_leaves,SumMe,policy:human_k16_seed440828,batch1,7,10,106403840,107232768,828928
SumMe/Kids_playing_in_leaves,SumMe,policy:human_k16_seed440828,batch1,7,11,106403840,107232768,828928
SumMe/Kids_playing_in_leaves,SumMe,policy:human_k16_seed440828,batch1,7,12,106403840,107232768,828928
SumMe/Kids_playing_in_leaves,SumMe,policy:human_k16_seed440828,batch1,7,13,106403840,107232768,828928
SumMe/Kids_playing_in_leaves,SumMe,policy:human_k16_seed440828,batch1,7,14,106403840,107232768,828928
SumMe/Kids_playing_in_leaves,SumMe,policy:human_k16_seed440828,batch1,7,15,106403840,107232768,828928
SumMe/Kids_playing_in_leaves,SumMe,policy:human_k16_seed440828,batch1,8,0,106403840,107232768,828928
SumMe/Kids_playing_in_leaves,SumMe,policy:human_k16_seed440828,batch1,8,1,106403840,107232768,828928
SumMe/Kids_playing_in_leaves,SumMe,policy:human_k16_seed440828,batch1,8,2,106403840,107232768,828928
SumMe/Kids_playing_in_leaves,SumMe,policy:human_k16_seed440828,batch1,8,3,106403840,107232768,828928
SumMe/Kids_playing_in_leaves,SumMe,policy:human_k16_seed440828,batch1,8,4,106403840,107232768,828928
SumMe/Kids_playing_in_leaves,SumMe,policy:human_k16_seed440828,batch1,8,5,106403840,107232768,828928
SumMe/Kids_playing_in_leaves,SumMe,policy:human_k16_seed440828,batch1,8,6,106403840,107232768,828928
SumMe/Kids_playing_in_leaves,SumMe,policy:human_k16_seed440828,batch1,8,7,106403840,107232768,828928
SumMe/Kids_playing_in_leaves,SumMe,policy:human_k16_seed440828,batch1,8,8,106403840,107232768,828928
SumMe/Kids_playing_in_leaves,SumMe,policy:human_k16_seed440828,batch1,8,9,106403840,107232768,828928
SumMe/Kids_playing_in_leaves,SumMe,policy:human_k16_seed440828,batch1,8,10,106403840,107232768,828928
SumMe/Kids_playing_in_leaves,SumMe,policy:human_k16_seed440828,batch1,8,11,106403840,107232768,828928
SumMe/Kids_playing_in_leaves,SumMe,policy:human_k16_seed440828,batch1,8,12,106403840,107232768,828928
SumMe/Kids_playing_in_leaves,SumMe,policy:human_k16_seed440828,batch1,8,13,106403840,107232768,828928
SumMe/Kids_playing_in_leaves,SumMe,policy:human_k16_seed440828,batch1,8,14,106403840,107232768,828928
SumMe/Kids_playing_in_leaves,SumMe,policy:human_k16_seed440828,batch1,8,15,106403840,107232768,828928
SumMe/Kids_playing_in_leaves,SumMe,policy:human_k16_seed440828,batch1,9,0,106403840,107232768,828928
SumMe/Kids_playing_in_leaves,SumMe,policy:human_k16_seed440828,batch1,9,1,106403840,107232768,828928
SumMe/Kids_playing_in_leaves,SumMe,policy:human_k16_seed440828,batch1,9,2,106403840,107232768,828928
SumMe/Kids_playing_in_leaves,SumMe,policy:human_k16_seed440828,batch1,9,3,106403840,107232768,828928
SumMe/Kids_playing_in_leaves,SumMe,policy:human_k16_seed440828,batch1,9,4,106403840,107232768,828928
SumMe/Kids_playing_in_leaves,SumMe,policy:human_k16_seed440828,batch1,9,5,106403840,107232768,828928
SumMe/Kids_playing_in_leaves,SumMe,policy:human_k16_seed440828,batch1,9,6,106403840,107232768,828928
SumMe/Kids_playing_in_leaves,SumMe,policy:human_k16_seed440828,batch1,9,7,106403840,107232768,828928
SumMe/Kids_playing_in_leaves,SumMe,policy:human_k16_seed440828,batch1,9,8,106403840,107232768,828928
SumMe/Kids_playing_in_leaves,SumMe,policy:human_k16_seed440828,batch1,9,9,106403840,107232768,828928
SumMe/Kids_playing_in_leaves,SumMe,policy:human_k16_seed440828,batch1,9,10,106403840,107232768,828928
SumMe/Kids_playing_in_leaves,SumMe,policy:human_k16_seed440828,batch1,9,11,106403840,107232768,828928
SumMe/Kids_playing_in_leaves,SumMe,policy:human_k16_seed440828,batch1,9,12,106403840,107232768,828928
SumMe/Kids_playing_in_leaves,SumMe,policy:human_k16_seed440828,batch1,9,13,106403840,107232768,828928
SumMe/Kids_playing_in_leaves,SumMe,policy:human_k16_seed440828,batch1,9,14,106403840,107232768,828928
SumMe/Kids_playing_in_leaves,SumMe,policy:human_k16_seed440828,batch1,9,15,106403840,107232768,828928
SumMe/Kids_playing_in_leaves,SumMe,policy:human_k16_seed440829,batch1,0,0,106403840,107232768,828928
SumMe/Kids_playing_in_leaves,SumMe,policy:human_k16_seed440829,batch1,0,1,106403840,107232768,828928
SumMe/Kids_playing_in_leaves,SumMe,policy:human_k16_seed440829,batch1,0,2,106403840,107232768,828928
SumMe/Kids_playing_in_leaves,SumMe,policy:human_k16_seed440829,batch1,0,3,106403840,107232768,828928
SumMe/Kids_playing_in_leaves,SumMe,policy:human_k16_seed440829,batch1,0,4,106403840,107232768,828928
SumMe/Kids_playing_in_leaves,SumMe,policy:human_k16_seed440829,batch1,0,5,106403840,107232768,828928
SumMe/Kids_playing_in_leaves,SumMe,policy:human_k16_seed440829,batch1,0,6,106403840,107232768,828928
SumMe/Kids_playing_in_leaves,SumMe,policy:human_k16_seed440829,batch1,0,7,106403840,107232768,828928
SumMe/Kids_playing_in_leaves,SumMe,policy:human_k16_seed440829,batch1,0,8,106403840,107232768,828928
SumMe/Kids_playing_in_leaves,SumMe,policy:human_k16_seed440829,batch1,0,9,106403840,107232768,828928
SumMe/Kids_playing_in_leaves,SumMe,policy:human_k16_seed440829,batch1,0,10,106403840,107232768,828928
SumMe/Kids_playing_in_leaves,SumMe,policy:human_k16_seed440829,batch1,0,11,106403840,107232768,828928
SumMe/Kids_playing_in_leaves,SumMe,policy:human_k16_seed440829,batch1,0,12,106403840,107232768,828928
SumMe/Kids_playing_in_leaves,SumMe,policy:human_k16_seed440829,batch1,0,13,106403840,107232768,828928
SumMe/Kids_playing_in_leaves,SumMe,policy:human_k16_seed440829,batch1,0,14,106403840,107232768,828928
SumMe/Kids_playing_in_leaves,SumMe,policy:human_k16_seed440829,batch1,0,15,106403840,107232768,828928
SumMe/Kids_playing_in_leaves,SumMe,policy:human_k16_seed440829,batch1,1,0,106403840,107232768,828928
SumMe/Kids_playing_in_leaves,SumMe,policy:human_k16_seed440829,batch1,1,1,106403840,107232768,828928
SumMe/Kids_playing_in_leaves,SumMe,policy:human_k16_seed440829,batch1,1,2,106403840,107232768,828928
SumMe/Kids_playing_in_leaves,SumMe,policy:human_k16_seed440829,batch1,1,3,106403840,107232768,828928
SumMe/Kids_playing_in_leaves,SumMe,policy:human_k16_seed440829,batch1,1,4,106403840,107232768,828928
SumMe/Kids_playing_in_leaves,SumMe,policy:human_k16_seed440829,batch1,1,5,106403840,107232768,828928
SumMe/Kids_playing_in_leaves,SumMe,policy:human_k16_seed440829,batch1,1,6,106403840,107232768,828928
SumMe/Kids_playing_in_leaves,SumMe,policy:human_k16_seed440829,batch1,1,7,106403840,107232768,828928
SumMe/Kids_playing_in_leaves,SumMe,policy:human_k16_seed440829,batch1,1,8,106403840,107232768,828928
SumMe/Kids_playing_in_leaves,SumMe,policy:human_k16_seed440829,batch1,1,9,106403840,107232768,828928
SumMe/Kids_playing_in_leaves,SumMe,policy:human_k16_seed440829,batch1,1,10,106403840,107232768,828928
SumMe/Kids_playing_in_leaves,SumMe,policy:human_k16_seed440829,batch1,1,11,106403840,107232768,828928
SumMe/Kids_playing_in_leaves,SumMe,policy:human_k16_seed440829,batch1,1,12,106403840,107232768,828928
SumMe/Kids_playing_in_leaves,SumMe,policy:human_k16_seed440829,batch1,1,13,106403840,107232768,828928
SumMe/Kids_playing_in_leaves,SumMe,policy:human_k16_seed440829,batch1,1,14,106403840,107232768,828928
SumMe/Kids_playing_in_leaves,SumMe,policy:human_k16_seed440829,batch1,1,15,106403840,107232768,828928
SumMe/Kids_playing_in_leaves,SumMe,policy:human_k16_seed440829,batch1,2,0,106403840,107232768,828928
SumMe/Kids_playing_in_leaves,SumMe,policy:human_k16_seed440829,batch1,2,1,106403840,107232768,828928
SumMe/Kids_playing_in_leaves,SumMe,policy:human_k16_seed440829,batch1,2,2,106403840,107232768,828928
SumMe/Kids_playing_in_leaves,SumMe,policy:human_k16_seed440829,batch1,2,3,106403840,107232768,828928
SumMe/Kids_playing_in_leaves,SumMe,policy:human_k16_seed440829,batch1,2,4,106403840,107232768,828928
SumMe/Kids_playing_in_leaves,SumMe,policy:human_k16_seed440829,batch1,2,5,106403840,107232768,828928
SumMe/Kids_playing_in_leaves,SumMe,policy:human_k16_seed440829,batch1,2,6,106403840,107232768,828928
SumMe/Kids_playing_in_leaves,SumMe,policy:human_k16_seed440829,batch1,2,7,106403840,107232768,828928
SumMe/Kids_playing_in_leaves,SumMe,policy:human_k16_seed440829,batch1,2,8,106403840,107232768,828928
SumMe/Kids_playing_in_leaves,SumMe,policy:human_k16_seed440829,batch1,2,9,106403840,107232768,828928
SumMe/Kids_playing_in_leaves,SumMe,policy:human_k16_seed440829,batch1,2,10,106403840,107232768,828928
SumMe/Kids_playing_in_leaves,SumMe,policy:human_k16_seed440829,batch1,2,11,106403840,107232768,828928
SumMe/Kids_playing_in_leaves,SumMe,policy:human_k16_seed440829,batch1,2,12,106403840,107232768,828928
SumMe/Kids_playing_in_leaves,SumMe,policy:human_k16_seed440829,batch1,2,13,106403840,107232768,828928
SumMe/Kids_playing_in_leaves,SumMe,policy:human_k16_seed440829,batch1,2,14,106403840,107232768,828928
SumMe/Kids_playing_in_leaves,SumMe,policy:human_k16_seed440829,batch1,2,15,106403840,107232768,828928
SumMe/Kids_playing_in_leaves,SumMe,policy:human_k16_seed440829,batch1,3,0,106403840,107232768,828928
SumMe/Kids_playing_in_leaves,SumMe,policy:human_k16_seed440829,batch1,3,1,106403840,107232768,828928
SumMe/Kids_playing_in_leaves,SumMe,policy:human_k16_seed440829,batch1,3,2,106403840,107232768,828928
SumMe/Kids_playing_in_leaves,SumMe,policy:human_k16_seed440829,batch1,3,3,106403840,107232768,828928
SumMe/Kids_playing_in_leaves,SumMe,policy:human_k16_seed440829,batch1,3,4,106403840,107232768,828928
SumMe/Kids_playing_in_leaves,SumMe,policy:human_k16_seed440829,batch1,3,5,106403840,107232768,828928
SumMe/Kids_playing_in_leaves,SumMe,policy:human_k16_seed440829,batch1,3,6,106403840,107232768,828928
SumMe/Kids_playing_in_leaves,SumMe,policy:human_k16_seed440829,batch1,3,7,106403840,107232768,828928
SumMe/Kids_playing_in_leaves,SumMe,policy:human_k16_seed440829,batch1,3,8,106403840,107232768,828928
SumMe/Kids_playing_in_leaves,SumMe,policy:human_k16_seed440829,batch1,3,9,106403840,107232768,828928
SumMe/Kids_playing_in_leaves,SumMe,policy:human_k16_seed440829,batch1,3,10,106403840,107232768,828928
SumMe/Kids_playing_in_leaves,SumMe,policy:human_k16_seed440829,batch1,3,11,106403840,107232768,828928
SumMe/Kids_playing_in_leaves,SumMe,policy:human_k16_seed440829,batch1,3,12,106403840,107232768,828928
SumMe/Kids_playing_in_leaves,SumMe,policy:human_k16_seed440829,batch1,3,13,106403840,107232768,828928
SumMe/Kids_playing_in_leaves,SumMe,policy:human_k16_seed440829,batch1,3,14,106403840,107232768,828928
SumMe/Kids_playing_in_leaves,SumMe,policy:human_k16_seed440829,batch1,3,15,106403840,107232768,828928
SumMe/Kids_playing_in_leaves,SumMe,policy:human_k16_seed440829,batch1,4,0,106403840,107232768,828928
SumMe/Kids_playing_in_leaves,SumMe,policy:human_k16_seed440829,batch1,4,1,106403840,107232768,828928
SumMe/Kids_playing_in_leaves,SumMe,policy:human_k16_seed440829,batch1,4,2,106403840,107232768,828928
SumMe/Kids_playing_in_leaves,SumMe,policy:human_k16_seed440829,batch1,4,3,106403840,107232768,828928
SumMe/Kids_playing_in_leaves,SumMe,policy:human_k16_seed440829,batch1,4,4,106403840,107232768,828928
SumMe/Kids_playing_in_leaves,SumMe,policy:human_k16_seed440829,batch1,4,5,106403840,107232768,828928
SumMe/Kids_playing_in_leaves,SumMe,policy:human_k16_seed440829,batch1,4,6,106403840,107232768,828928
SumMe/Kids_playing_in_leaves,SumMe,policy:human_k16_seed440829,batch1,4,7,106403840,107232768,828928
SumMe/Kids_playing_in_leaves,SumMe,policy:human_k16_seed440829,batch1,4,8,106403840,107232768,828928
SumMe/Kids_playing_in_leaves,SumMe,policy:human_k16_seed440829,batch1,4,9,106403840,107232768,828928
SumMe/Kids_playing_in_leaves,SumMe,policy:human_k16_seed440829,batch1,4,10,106403840,107232768,828928
SumMe/Kids_playing_in_leaves,SumMe,policy:human_k16_seed440829,batch1,4,11,106403840,107232768,828928
SumMe/Kids_playing_in_leaves,SumMe,policy:human_k16_seed440829,batch1,4,12,106403840,107232768,828928
SumMe/Kids_playing_in_leaves,SumMe,policy:human_k16_seed440829,batch1,4,13,106403840,107232768,828928
SumMe/Kids_playing_in_leaves,SumMe,policy:human_k16_seed440829,batch1,4,14,106403840,107232768,828928
SumMe/Kids_playing_in_leaves,SumMe,policy:human_k16_seed440829,batch1,4,15,106403840,107232768,828928
SumMe/Kids_playing_in_leaves,SumMe,policy:human_k16_seed440829,batch1,5,0,106403840,107232768,828928
SumMe/Kids_playing_in_leaves,SumMe,policy:human_k16_seed440829,batch1,5,1,106403840,107232768,828928
SumMe/Kids_playing_in_leaves,SumMe,policy:human_k16_seed440829,batch1,5,2,106403840,107232768,828928
SumMe/Kids_playing_in_leaves,SumMe,policy:human_k16_seed440829,batch1,5,3,106403840,107232768,828928
SumMe/Kids_playing_in_leaves,SumMe,policy:human_k16_seed440829,batch1,5,4,106403840,107232768,828928
SumMe/Kids_playing_in_leaves,SumMe,policy:human_k16_seed440829,batch1,5,5,106403840,107232768,828928
SumMe/Kids_playing_in_leaves,SumMe,policy:human_k16_seed440829,batch1,5,6,106403840,107232768,828928
SumMe/Kids_playing_in_leaves,SumMe,policy:human_k16_seed440829,batch1,5,7,106403840,107232768,828928
SumMe/Kids_playing_in_leaves,SumMe,policy:human_k16_seed440829,batch1,5,8,106403840,107232768,828928
SumMe/Kids_playing_in_leaves,SumMe,policy:human_k16_seed440829,batch1,5,9,106403840,107232768,828928
SumMe/Kids_playing_in_leaves,SumMe,policy:human_k16_seed440829,batch1,5,10,106403840,107232768,828928
SumMe/Kids_playing_in_leaves,SumMe,policy:human_k16_seed440829,batch1,5,11,106403840,107232768,828928
SumMe/Kids_playing_in_leaves,SumMe,policy:human_k16_seed440829,batch1,5,12,106403840,107232768,828928
SumMe/Kids_playing_in_leaves,SumMe,policy:human_k16_seed440829,batch1,5,13,106403840,107232768,828928
SumMe/Kids_playing_in_leaves,SumMe,policy:human_k16_seed440829,batch1,5,14,106403840,107232768,828928
SumMe/Kids_playing_in_leaves,SumMe,policy:human_k16_seed440829,batch1,5,15,106403840,107232768,828928
SumMe/Kids_playing_in_leaves,SumMe,policy:human_k16_seed440829,batch1,6,0,106403840,107232768,828928
SumMe/Kids_playing_in_leaves,SumMe,policy:human_k16_seed440829,batch1,6,1,106403840,107232768,828928
SumMe/Kids_playing_in_leaves,SumMe,policy:human_k16_seed440829,batch1,6,2,106403840,107232768,828928
SumMe/Kids_playing_in_leaves,SumMe,policy:human_k16_seed440829,batch1,6,3,106403840,107232768,828928
SumMe/Kids_playing_in_leaves,SumMe,policy:human_k16_seed440829,batch1,6,4,106403840,107232768,828928
SumMe/Kids_playing_in_leaves,SumMe,policy:human_k16_seed440829,batch1,6,5,106403840,107232768,828928
SumMe/Kids_playing_in_leaves,SumMe,policy:human_k16_seed440829,batch1,6,6,106403840,107232768,828928
SumMe/Kids_playing_in_leaves,SumMe,policy:human_k16_seed440829,batch1,6,7,106403840,107232768,828928
SumMe/Kids_playing_in_leaves,SumMe,policy:human_k16_seed440829,batch1,6,8,106403840,107232768,828928
SumMe/Kids_playing_in_leaves,SumMe,policy:human_k16_seed440829,batch1,6,9,106403840,107232768,828928
SumMe/Kids_playing_in_leaves,SumMe,policy:human_k16_seed440829,batch1,6,10,106403840,107232768,828928
SumMe/Kids_playing_in_leaves,SumMe,policy:human_k16_seed440829,batch1,6,11,106403840,107232768,828928
SumMe/Kids_playing_in_leaves,SumMe,policy:human_k16_seed440829,batch1,6,12,106403840,107232768,828928
SumMe/Kids_playing_in_leaves,SumMe,policy:human_k16_seed440829,batch1,6,13,106403840,107232768,828928
SumMe/Kids_playing_in_leaves,SumMe,policy:human_k16_seed440829,batch1,6,14,106403840,107232768,828928
SumMe/Kids_playing_in_leaves,SumMe,policy:human_k16_seed440829,batch1,6,15,106403840,107232768,828928
SumMe/Kids_playing_in_leaves,SumMe,policy:human_k16_seed440829,batch1,7,0,106403840,107232768,828928
SumMe/Kids_playing_in_leaves,SumMe,policy:human_k16_seed440829,batch1,7,1,106403840,107232768,828928
SumMe/Kids_playing_in_leaves,SumMe,policy:human_k16_seed440829,batch1,7,2,106403840,107232768,828928
SumMe/Kids_playing_in_leaves,SumMe,policy:human_k16_seed440829,batch1,7,3,106403840,107232768,828928
SumMe/Kids_playing_in_leaves,SumMe,policy:human_k16_seed440829,batch1,7,4,106403840,107232768,828928
SumMe/Kids_playing_in_leaves,SumMe,policy:human_k16_seed440829,batch1,7,5,106403840,107232768,828928
SumMe/Kids_playing_in_leaves,SumMe,policy:human_k16_seed440829,batch1,7,6,106403840,107232768,828928
SumMe/Kids_playing_in_leaves,SumMe,policy:human_k16_seed440829,batch1,7,7,106403840,107232768,828928
SumMe/Kids_playing_in_leaves,SumMe,policy:human_k16_seed440829,batch1,7,8,106403840,107232768,828928
SumMe/Kids_playing_in_leaves,SumMe,policy:human_k16_seed440829,batch1,7,9,106403840,107232768,828928
SumMe/Kids_playing_in_leaves,SumMe,policy:human_k16_seed440829,batch1,7,10,106403840,107232768,828928
SumMe/Kids_playing_in_leaves,SumMe,policy:human_k16_seed440829,batch1,7,11,106403840,107232768,828928
SumMe/Kids_playing_in_leaves,SumMe,policy:human_k16_seed440829,batch1,7,12,106403840,107232768,828928
SumMe/Kids_playing_in_leaves,SumMe,policy:human_k16_seed440829,batch1,7,13,106403840,107232768,828928
SumMe/Kids_playing_in_leaves,SumMe,policy:human_k16_seed440829,batch1,7,14,106403840,107232768,828928
SumMe/Kids_playing_in_leaves,SumMe,policy:human_k16_seed440829,batch1,7,15,106403840,107232768,828928
SumMe/Kids_playing_in_leaves,SumMe,policy:human_k16_seed440829,batch1,8,0,106403840,107232768,828928
SumMe/Kids_playing_in_leaves,SumMe,policy:human_k16_seed440829,batch1,8,1,106403840,107232768,828928
SumMe/Kids_playing_in_leaves,SumMe,policy:human_k16_seed440829,batch1,8,2,106403840,107232768,828928
SumMe/Kids_playing_in_leaves,SumMe,policy:human_k16_seed440829,batch1,8,3,106403840,107232768,828928
SumMe/Kids_playing_in_leaves,SumMe,policy:human_k16_seed440829,batch1,8,4,106403840,107232768,828928
SumMe/Kids_playing_in_leaves,SumMe,policy:human_k16_seed440829,batch1,8,5,106403840,107232768,828928
SumMe/Kids_playing_in_leaves,SumMe,policy:human_k16_seed440829,batch1,8,6,106403840,107232768,828928
SumMe/Kids_playing_in_leaves,SumMe,policy:human_k16_seed440829,batch1,8,7,106403840,107232768,828928
SumMe/Kids_playing_in_leaves,SumMe,policy:human_k16_seed440829,batch1,8,8,106403840,107232768,828928
SumMe/Kids_playing_in_leaves,SumMe,policy:human_k16_seed440829,batch1,8,9,106403840,107232768,828928
SumMe/Kids_playing_in_leaves,SumMe,policy:human_k16_seed440829,batch1,8,10,106403840,107232768,828928
SumMe/Kids_playing_in_leaves,SumMe,policy:human_k16_seed440829,batch1,8,11,106403840,107232768,828928
SumMe/Kids_playing_in_leaves,SumMe,policy:human_k16_seed440829,batch1,8,12,106403840,107232768,828928
SumMe/Kids_playing_in_leaves,SumMe,policy:human_k16_seed440829,batch1,8,13,106403840,107232768,828928
SumMe/Kids_playing_in_leaves,SumMe,policy:human_k16_seed440829,batch1,8,14,106403840,107232768,828928
SumMe/Kids_playing_in_leaves,SumMe,policy:human_k16_seed440829,batch1,8,15,106403840,107232768,828928
SumMe/Kids_playing_in_leaves,SumMe,policy:human_k16_seed440829,batch1,9,0,106403840,107232768,828928
SumMe/Kids_playing_in_leaves,SumMe,policy:human_k16_seed440829,batch1,9,1,106403840,107232768,828928
SumMe/Kids_playing_in_leaves,SumMe,policy:human_k16_seed440829,batch1,9,2,106403840,107232768,828928
SumMe/Kids_playing_in_leaves,SumMe,policy:human_k16_seed440829,batch1,9,3,106403840,107232768,828928
SumMe/Kids_playing_in_leaves,SumMe,policy:human_k16_seed440829,batch1,9,4,106403840,107232768,828928
SumMe/Kids_playing_in_leaves,SumMe,policy:human_k16_seed440829,batch1,9,5,106403840,107232768,828928
SumMe/Kids_playing_in_leaves,SumMe,policy:human_k16_seed440829,batch1,9,6,106403840,107232768,828928
SumMe/Kids_playing_in_leaves,SumMe,policy:human_k16_seed440829,batch1,9,7,106403840,107232768,828928
SumMe/Kids_playing_in_leaves,SumMe,policy:human_k16_seed440829,batch1,9,8,106403840,107232768,828928
SumMe/Kids_playing_in_leaves,SumMe,policy:human_k16_seed440829,batch1,9,9,106403840,107232768,828928
SumMe/Kids_playing_in_leaves,SumMe,policy:human_k16_seed440829,batch1,9,10,106403840,107232768,828928
SumMe/Kids_playing_in_leaves,SumMe,policy:human_k16_seed440829,batch1,9,11,106403840,107232768,828928
SumMe/Kids_playing_in_leaves,SumMe,policy:human_k16_seed440829,batch1,9,12,106403840,107232768,828928
SumMe/Kids_playing_in_leaves,SumMe,policy:human_k16_seed440829,batch1,9,13,106403840,107232768,828928
SumMe/Kids_playing_in_leaves,SumMe,policy:human_k16_seed440829,batch1,9,14,106403840,107232768,828928
SumMe/Kids_playing_in_leaves,SumMe,policy:human_k16_seed440829,batch1,9,15,106403840,107232768,828928
SumMe/Kids_playing_in_leaves,SumMe,policy:human_k16_seed440830,batch1,0,0,106403840,107232768,828928
SumMe/Kids_playing_in_leaves,SumMe,policy:human_k16_seed440830,batch1,0,1,106403840,107232768,828928
SumMe/Kids_playing_in_leaves,SumMe,policy:human_k16_seed440830,batch1,0,2,106403840,107232768,828928
SumMe/Kids_playing_in_leaves,SumMe,policy:human_k16_seed440830,batch1,0,3,106403840,107232768,828928
SumMe/Kids_playing_in_leaves,SumMe,policy:human_k16_seed440830,batch1,0,4,106403840,107232768,828928
SumMe/Kids_playing_in_leaves,SumMe,policy:human_k16_seed440830,batch1,0,5,106403840,107232768,828928
SumMe/Kids_playing_in_leaves,SumMe,policy:human_k16_seed440830,batch1,0,6,106403840,107232768,828928
SumMe/Kids_playing_in_leaves,SumMe,policy:human_k16_seed440830,batch1,0,7,106403840,107232768,828928
SumMe/Kids_playing_in_leaves,SumMe,policy:human_k16_seed440830,batch1,0,8,106403840,107232768,828928
SumMe/Kids_playing_in_leaves,SumMe,policy:human_k16_seed440830,batch1,0,9,106403840,107232768,828928
SumMe/Kids_playing_in_leaves,SumMe,policy:human_k16_seed440830,batch1,0,10,106403840,107232768,828928
SumMe/Kids_playing_in_leaves,SumMe,policy:human_k16_seed440830,batch1,0,11,106403840,107232768,828928
SumMe/Kids_playing_in_leaves,SumMe,policy:human_k16_seed440830,batch1,0,12,106403840,107232768,828928
SumMe/Kids_playing_in_leaves,SumMe,policy:human_k16_seed440830,batch1,0,13,106403840,107232768,828928
SumMe/Kids_playing_in_leaves,SumMe,policy:human_k16_seed440830,batch1,0,14,106403840,107232768,828928
SumMe/Kids_playing_in_leaves,SumMe,policy:human_k16_seed440830,batch1,0,15,106403840,107232768,828928
SumMe/Kids_playing_in_leaves,SumMe,policy:human_k16_seed440830,batch1,1,0,106403840,107232768,828928
SumMe/Kids_playing_in_leaves,SumMe,policy:human_k16_seed440830,batch1,1,1,106403840,107232768,828928
SumMe/Kids_playing_in_leaves,SumMe,policy:human_k16_seed440830,batch1,1,2,106403840,107232768,828928
SumMe/Kids_playing_in_leaves,SumMe,policy:human_k16_seed440830,batch1,1,3,106403840,107232768,828928
SumMe/Kids_playing_in_leaves,SumMe,policy:human_k16_seed440830,batch1,1,4,106403840,107232768,828928
SumMe/Kids_playing_in_leaves,SumMe,policy:human_k16_seed440830,batch1,1,5,106403840,107232768,828928
SumMe/Kids_playing_in_leaves,SumMe,policy:human_k16_seed440830,batch1,1,6,106403840,107232768,828928
SumMe/Kids_playing_in_leaves,SumMe,policy:human_k16_seed440830,batch1,1,7,106403840,107232768,828928
SumMe/Kids_playing_in_leaves,SumMe,policy:human_k16_seed440830,batch1,1,8,106403840,107232768,828928
SumMe/Kids_playing_in_leaves,SumMe,policy:human_k16_seed440830,batch1,1,9,106403840,107232768,828928
SumMe/Kids_playing_in_leaves,SumMe,policy:human_k16_seed440830,batch1,1,10,106403840,107232768,828928
SumMe/Kids_playing_in_leaves,SumMe,policy:human_k16_seed440830,batch1,1,11,106403840,107232768,828928
SumMe/Kids_playing_in_leaves,SumMe,policy:human_k16_seed440830,batch1,1,12,106403840,107232768,828928
SumMe/Kids_playing_in_leaves,SumMe,policy:human_k16_seed440830,batch1,1,13,106403840,107232768,828928
SumMe/Kids_playing_in_leaves,SumMe,policy:human_k16_seed440830,batch1,1,14,106403840,107232768,828928
SumMe/Kids_playing_in_leaves,SumMe,policy:human_k16_seed440830,batch1,1,15,106403840,107232768,828928
SumMe/Kids_playing_in_leaves,SumMe,policy:human_k16_seed440830,batch1,2,0,106403840,107232768,828928
SumMe/Kids_playing_in_leaves,SumMe,policy:human_k16_seed440830,batch1,2,1,106403840,107232768,828928
SumMe/Kids_playing_in_leaves,SumMe,policy:human_k16_seed440830,batch1,2,2,106403840,107232768,828928
SumMe/Kids_playing_in_leaves,SumMe,policy:human_k16_seed440830,batch1,2,3,106403840,107232768,828928
SumMe/Kids_playing_in_leaves,SumMe,policy:human_k16_seed440830,batch1,2,4,106403840,107232768,828928
SumMe/Kids_playing_in_leaves,SumMe,policy:human_k16_seed440830,batch1,2,5,106403840,107232768,828928
SumMe/Kids_playing_in_leaves,SumMe,policy:human_k16_seed440830,batch1,2,6,106403840,107232768,828928
SumMe/Kids_playing_in_leaves,SumMe,policy:human_k16_seed440830,batch1,2,7,106403840,107232768,828928
SumMe/Kids_playing_in_leaves,SumMe,policy:human_k16_seed440830,batch1,2,8,106403840,107232768,828928
SumMe/Kids_playing_in_leaves,SumMe,policy:human_k16_seed440830,batch1,2,9,106403840,107232768,828928
SumMe/Kids_playing_in_leaves,SumMe,policy:human_k16_seed440830,batch1,2,10,106403840,107232768,828928
SumMe/Kids_playing_in_leaves,SumMe,policy:human_k16_seed440830,batch1,2,11,106403840,107232768,828928
SumMe/Kids_playing_in_leaves,SumMe,policy:human_k16_seed440830,batch1,2,12,106403840,107232768,828928
SumMe/Kids_playing_in_leaves,SumMe,policy:human_k16_seed440830,batch1,2,13,106403840,107232768,828928
SumMe/Kids_playing_in_leaves,SumMe,policy:human_k16_seed440830,batch1,2,14,106403840,107232768,828928
SumMe/Kids_playing_in_leaves,SumMe,policy:human_k16_seed440830,batch1,2,15,106403840,107232768,828928
SumMe/Kids_playing_in_leaves,SumMe,policy:human_k16_seed440830,batch1,3,0,106403840,107232768,828928
SumMe/Kids_playing_in_leaves,SumMe,policy:human_k16_seed440830,batch1,3,1,106403840,107232768,828928
SumMe/Kids_playing_in_leaves,SumMe,policy:human_k16_seed440830,batch1,3,2,106403840,107232768,828928
SumMe/Kids_playing_in_leaves,SumMe,policy:human_k16_seed440830,batch1,3,3,106403840,107232768,828928
SumMe/Kids_playing_in_leaves,SumMe,policy:human_k16_seed440830,batch1,3,4,106403840,107232768,828928
SumMe/Kids_playing_in_leaves,SumMe,policy:human_k16_seed440830,batch1,3,5,106403840,107232768,828928
SumMe/Kids_playing_in_leaves,SumMe,policy:human_k16_seed440830,batch1,3,6,106403840,107232768,828928
SumMe/Kids_playing_in_leaves,SumMe,policy:human_k16_seed440830,batch1,3,7,106403840,107232768,828928
SumMe/Kids_playing_in_leaves,SumMe,policy:human_k16_seed440830,batch1,3,8,106403840,107232768,828928
SumMe/Kids_playing_in_leaves,SumMe,policy:human_k16_seed440830,batch1,3,9,106403840,107232768,828928
SumMe/Kids_playing_in_leaves,SumMe,policy:human_k16_seed440830,batch1,3,10,106403840,107232768,828928
SumMe/Kids_playing_in_leaves,SumMe,policy:human_k16_seed440830,batch1,3,11,106403840,107232768,828928
SumMe/Kids_playing_in_leaves,SumMe,policy:human_k16_seed440830,batch1,3,12,106403840,107232768,828928
SumMe/Kids_playing_in_leaves,SumMe,policy:human_k16_seed440830,batch1,3,13,106403840,107232768,828928
SumMe/Kids_playing_in_leaves,SumMe,policy:human_k16_seed440830,batch1,3,14,106403840,107232768,828928
SumMe/Kids_playing_in_leaves,SumMe,policy:human_k16_seed440830,batch1,3,15,106403840,107232768,828928
SumMe/Kids_playing_in_leaves,SumMe,policy:human_k16_seed440830,batch1,4,0,106403840,107232768,828928
SumMe/Kids_playing_in_leaves,SumMe,policy:human_k16_seed440830,batch1,4,1,106403840,107232768,828928
SumMe/Kids_playing_in_leaves,SumMe,policy:human_k16_seed440830,batch1,4,2,106403840,107232768,828928
SumMe/Kids_playing_in_leaves,SumMe,policy:human_k16_seed440830,batch1,4,3,106403840,107232768,828928
SumMe/Kids_playing_in_leaves,SumMe,policy:human_k16_seed440830,batch1,4,4,106403840,107232768,828928
SumMe/Kids_playing_in_leaves,SumMe,policy:human_k16_seed440830,batch1,4,5,106403840,107232768,828928
SumMe/Kids_playing_in_leaves,SumMe,policy:human_k16_seed440830,batch1,4,6,106403840,107232768,828928
SumMe/Kids_playing_in_leaves,SumMe,policy:human_k16_seed440830,batch1,4,7,106403840,107232768,828928
SumMe/Kids_playing_in_leaves,SumMe,policy:human_k16_seed440830,batch1,4,8,106403840,107232768,828928
SumMe/Kids_playing_in_leaves,SumMe,policy:human_k16_seed440830,batch1,4,9,106403840,107232768,828928
SumMe/Kids_playing_in_leaves,SumMe,policy:human_k16_seed440830,batch1,4,10,106403840,107232768,828928
SumMe/Kids_playing_in_leaves,SumMe,policy:human_k16_seed440830,batch1,4,11,106403840,107232768,828928
SumMe/Kids_playing_in_leaves,SumMe,policy:human_k16_seed440830,batch1,4,12,106403840,107232768,828928
SumMe/Kids_playing_in_leaves,SumMe,policy:human_k16_seed440830,batch1,4,13,106403840,107232768,828928
SumMe/Kids_playing_in_leaves,SumMe,policy:human_k16_seed440830,batch1,4,14,106403840,107232768,828928
SumMe/Kids_playing_in_leaves,SumMe,policy:human_k16_seed440830,batch1,4,15,106403840,107232768,828928
SumMe/Kids_playing_in_leaves,SumMe,policy:human_k16_seed440830,batch1,5,0,106403840,107232768,828928
SumMe/Kids_playing_in_leaves,SumMe,policy:human_k16_seed440830,batch1,5,1,106403840,107232768,828928
SumMe/Kids_playing_in_leaves,SumMe,policy:human_k16_seed440830,batch1,5,2,106403840,107232768,828928
SumMe/Kids_playing_in_leaves,SumMe,policy:human_k16_seed440830,batch1,5,3,106403840,107232768,828928
SumMe/Kids_playing_in_leaves,SumMe,policy:human_k16_seed440830,batch1,5,4,106403840,107232768,828928
SumMe/Kids_playing_in_leaves,SumMe,policy:human_k16_seed440830,batch1,5,5,106403840,107232768,828928
SumMe/Kids_playing_in_leaves,SumMe,policy:human_k16_seed440830,batch1,5,6,106403840,107232768,828928
SumMe/Kids_playing_in_leaves,SumMe,policy:human_k16_seed440830,batch1,5,7,106403840,107232768,828928
SumMe/Kids_playing_in_leaves,SumMe,policy:human_k16_seed440830,batch1,5,8,106403840,107232768,828928
SumMe/Kids_playing_in_leaves,SumMe,policy:human_k16_seed440830,batch1,5,9,106403840,107232768,828928
SumMe/Kids_playing_in_leaves,SumMe,policy:human_k16_seed440830,batch1,5,10,106403840,107232768,828928
SumMe/Kids_playing_in_leaves,SumMe,policy:human_k16_seed440830,batch1,5,11,106403840,107232768,828928
SumMe/Kids_playing_in_leaves,SumMe,policy:human_k16_seed440830,batch1,5,12,106403840,107232768,828928
SumMe/Kids_playing_in_leaves,SumMe,policy:human_k16_seed440830,batch1,5,13,106403840,107232768,828928
SumMe/Kids_playing_in_leaves,SumMe,policy:human_k16_seed440830,batch1,5,14,106403840,107232768,828928
SumMe/Kids_playing_in_leaves,SumMe,policy:human_k16_seed440830,batch1,5,15,106403840,107232768,828928
SumMe/Kids_playing_in_leaves,SumMe,policy:human_k16_seed440830,batch1,6,0,106403840,107232768,828928
SumMe/Kids_playing_in_leaves,SumMe,policy:human_k16_seed440830,batch1,6,1,106403840,107232768,828928
SumMe/Kids_playing_in_leaves,SumMe,policy:human_k16_seed440830,batch1,6,2,106403840,107232768,828928
SumMe/Kids_playing_in_leaves,SumMe,policy:human_k16_seed440830,batch1,6,3,106403840,107232768,828928
SumMe/Kids_playing_in_leaves,SumMe,policy:human_k16_seed440830,batch1,6,4,106403840,107232768,828928
SumMe/Kids_playing_in_leaves,SumMe,policy:human_k16_seed440830,batch1,6,5,106403840,107232768,828928
SumMe/Kids_playing_in_leaves,SumMe,policy:human_k16_seed440830,batch1,6,6,106403840,107232768,828928
SumMe/Kids_playing_in_leaves,SumMe,policy:human_k16_seed440830,batch1,6,7,106403840,107232768,828928
SumMe/Kids_playing_in_leaves,SumMe,policy:human_k16_seed440830,batch1,6,8,106403840,107232768,828928
SumMe/Kids_playing_in_leaves,SumMe,policy:human_k16_seed440830,batch1,6,9,106403840,107232768,828928
SumMe/Kids_playing_in_leaves,SumMe,policy:human_k16_seed440830,batch1,6,10,106403840,107232768,828928
SumMe/Kids_playing_in_leaves,SumMe,policy:human_k16_seed440830,batch1,6,11,106403840,107232768,828928
SumMe/Kids_playing_in_leaves,SumMe,policy:human_k16_seed440830,batch1,6,12,106403840,107232768,828928
SumMe/Kids_playing_in_leaves,SumMe,policy:human_k16_seed440830,batch1,6,13,106403840,107232768,828928
SumMe/Kids_playing_in_leaves,SumMe,policy:human_k16_seed440830,batch1,6,14,106403840,107232768,828928
SumMe/Kids_playing_in_leaves,SumMe,policy:human_k16_seed440830,batch1,6,15,106403840,107232768,828928
SumMe/Kids_playing_in_leaves,SumMe,policy:human_k16_seed440830,batch1,7,0,106403840,107232768,828928
SumMe/Kids_playing_in_leaves,SumMe,policy:human_k16_seed440830,batch1,7,1,106403840,107232768,828928
SumMe/Kids_playing_in_leaves,SumMe,policy:human_k16_seed440830,batch1,7,2,106403840,107232768,828928
SumMe/Kids_playing_in_leaves,SumMe,policy:human_k16_seed440830,batch1,7,3,106403840,107232768,828928
SumMe/Kids_playing_in_leaves,SumMe,policy:human_k16_seed440830,batch1,7,4,106403840,107232768,828928
SumMe/Kids_playing_in_leaves,SumMe,policy:human_k16_seed440830,batch1,7,5,106403840,107232768,828928
SumMe/Kids_playing_in_leaves,SumMe,policy:human_k16_seed440830,batch1,7,6,106403840,107232768,828928
SumMe/Kids_playing_in_leaves,SumMe,policy:human_k16_seed440830,batch1,7,7,106403840,107232768,828928
SumMe/Kids_playing_in_leaves,SumMe,policy:human_k16_seed440830,batch1,7,8,106403840,107232768,828928
SumMe/Kids_playing_in_leaves,SumMe,policy:human_k16_seed440830,batch1,7,9,106403840,107232768,828928
SumMe/Kids_playing_in_leaves,SumMe,policy:human_k16_seed440830,batch1,7,10,106403840,107232768,828928
SumMe/Kids_playing_in_leaves,SumMe,policy:human_k16_seed440830,batch1,7,11,106403840,107232768,828928
SumMe/Kids_playing_in_leaves,SumMe,policy:human_k16_seed440830,batch1,7,12,106403840,107232768,828928
SumMe/Kids_playing_in_leaves,SumMe,policy:human_k16_seed440830,batch1,7,13,106403840,107232768,828928
SumMe/Kids_playing_in_leaves,SumMe,policy:human_k16_seed440830,batch1,7,14,106403840,107232768,828928
SumMe/Kids_playing_in_leaves,SumMe,policy:human_k16_seed440830,batch1,7,15,106403840,107232768,828928
SumMe/Kids_playing_in_leaves,SumMe,policy:human_k16_seed440830,batch1,8,0,106403840,107232768,828928
SumMe/Kids_playing_in_leaves,SumMe,policy:human_k16_seed440830,batch1,8,1,106403840,107232768,828928
SumMe/Kids_playing_in_leaves,SumMe,policy:human_k16_seed440830,batch1,8,2,106403840,107232768,828928
SumMe/Kids_playing_in_leaves,SumMe,policy:human_k16_seed440830,batch1,8,3,106403840,107232768,828928
SumMe/Kids_playing_in_leaves,SumMe,policy:human_k16_seed440830,batch1,8,4,106403840,107232768,828928
SumMe/Kids_playing_in_leaves,SumMe,policy:human_k16_seed440830,batch1,8,5,106403840,107232768,828928
SumMe/Kids_playing_in_leaves,SumMe,policy:human_k16_seed440830,batch1,8,6,106403840,107232768,828928
SumMe/Kids_playing_in_leaves,SumMe,policy:human_k16_seed440830,batch1,8,7,106403840,107232768,828928
SumMe/Kids_playing_in_leaves,SumMe,policy:human_k16_seed440830,batch1,8,8,106403840,107232768,828928
SumMe/Kids_playing_in_leaves,SumMe,policy:human_k16_seed440830,batch1,8,9,106403840,107232768,828928
SumMe/Kids_playing_in_leaves,SumMe,policy:human_k16_seed440830,batch1,8,10,106403840,107232768,828928
SumMe/Kids_playing_in_leaves,SumMe,policy:human_k16_seed440830,batch1,8,11,106403840,107232768,828928
SumMe/Kids_playing_in_leaves,SumMe,policy:human_k16_seed440830,batch1,8,12,106403840,107232768,828928
SumMe/Kids_playing_in_leaves,SumMe,policy:human_k16_seed440830,batch1,8,13,106403840,107232768,828928
SumMe/Kids_playing_in_leaves,SumMe,policy:human_k16_seed440830,batch1,8,14,106403840,107232768,828928
SumMe/Kids_playing_in_leaves,SumMe,policy:human_k16_seed440830,batch1,8,15,106403840,107232768,828928
SumMe/Kids_playing_in_leaves,SumMe,policy:human_k16_seed440830,batch1,9,0,106403840,107232768,828928
SumMe/Kids_playing_in_leaves,SumMe,policy:human_k16_seed440830,batch1,9,1,106403840,107232768,828928
SumMe/Kids_playing_in_leaves,SumMe,policy:human_k16_seed440830,batch1,9,2,106403840,107232768,828928
SumMe/Kids_playing_in_leaves,SumMe,policy:human_k16_seed440830,batch1,9,3,106403840,107232768,828928
SumMe/Kids_playing_in_leaves,SumMe,policy:human_k16_seed440830,batch1,9,4,106403840,107232768,828928
SumMe/Kids_playing_in_leaves,SumMe,policy:human_k16_seed440830,batch1,9,5,106403840,107232768,828928
SumMe/Kids_playing_in_leaves,SumMe,policy:human_k16_seed440830,batch1,9,6,106403840,107232768,828928
SumMe/Kids_playing_in_leaves,SumMe,policy:human_k16_seed440830,batch1,9,7,106403840,107232768,828928
SumMe/Kids_playing_in_leaves,SumMe,policy:human_k16_seed440830,batch1,9,8,106403840,107232768,828928
SumMe/Kids_playing_in_leaves,SumMe,policy:human_k16_seed440830,batch1,9,9,106403840,107232768,828928
SumMe/Kids_playing_in_leaves,SumMe,policy:human_k16_seed440830,batch1,9,10,106403840,107232768,828928
SumMe/Kids_playing_in_leaves,SumMe,policy:human_k16_seed440830,batch1,9,11,106403840,107232768,828928
SumMe/Kids_playing_in_leaves,SumMe,policy:human_k16_seed440830,batch1,9,12,106403840,107232768,828928
SumMe/Kids_playing_in_leaves,SumMe,policy:human_k16_seed440830,batch1,9,13,106403840,107232768,828928
SumMe/Kids_playing_in_leaves,SumMe,policy:human_k16_seed440830,batch1,9,14,106403840,107232768,828928
SumMe/Kids_playing_in_leaves,SumMe,policy:human_k16_seed440830,batch1,9,15,106403840,107232768,828928
SumMe/Kids_playing_in_leaves,SumMe,policy:human_k16_seed440831,batch1,0,0,106403840,107232768,828928
SumMe/Kids_playing_in_leaves,SumMe,policy:human_k16_seed440831,batch1,0,1,106403840,107232768,828928
SumMe/Kids_playing_in_leaves,SumMe,policy:human_k16_seed440831,batch1,0,2,106403840,107232768,828928
SumMe/Kids_playing_in_leaves,SumMe,policy:human_k16_seed440831,batch1,0,3,106403840,107232768,828928
SumMe/Kids_playing_in_leaves,SumMe,policy:human_k16_seed440831,batch1,0,4,106403840,107232768,828928
SumMe/Kids_playing_in_leaves,SumMe,policy:human_k16_seed440831,batch1,0,5,106403840,107232768,828928
SumMe/Kids_playing_in_leaves,SumMe,policy:human_k16_seed440831,batch1,0,6,106403840,107232768,828928
SumMe/Kids_playing_in_leaves,SumMe,policy:human_k16_seed440831,batch1,0,7,106403840,107232768,828928
SumMe/Kids_playing_in_leaves,SumMe,policy:human_k16_seed440831,batch1,0,8,106403840,107232768,828928
SumMe/Kids_playing_in_leaves,SumMe,policy:human_k16_seed440831,batch1,0,9,106403840,107232768,828928
SumMe/Kids_playing_in_leaves,SumMe,policy:human_k16_seed440831,batch1,0,10,106403840,107232768,828928
SumMe/Kids_playing_in_leaves,SumMe,policy:human_k16_seed440831,batch1,0,11,106403840,107232768,828928
SumMe/Kids_playing_in_leaves,SumMe,policy:human_k16_seed440831,batch1,0,12,106403840,107232768,828928
SumMe/Kids_playing_in_leaves,SumMe,policy:human_k16_seed440831,batch1,0,13,106403840,107232768,828928
SumMe/Kids_playing_in_leaves,SumMe,policy:human_k16_seed440831,batch1,0,14,106403840,107232768,828928
SumMe/Kids_playing_in_leaves,SumMe,policy:human_k16_seed440831,batch1,0,15,106403840,107232768,828928
SumMe/Kids_playing_in_leaves,SumMe,policy:human_k16_seed440831,batch1,1,0,106403840,107232768,828928
SumMe/Kids_playing_in_leaves,SumMe,policy:human_k16_seed440831,batch1,1,1,106403840,107232768,828928
SumMe/Kids_playing_in_leaves,SumMe,policy:human_k16_seed440831,batch1,1,2,106403840,107232768,828928
SumMe/Kids_playing_in_leaves,SumMe,policy:human_k16_seed440831,batch1,1,3,106403840,107232768,828928
SumMe/Kids_playing_in_leaves,SumMe,policy:human_k16_seed440831,batch1,1,4,106403840,107232768,828928
SumMe/Kids_playing_in_leaves,SumMe,policy:human_k16_seed440831,batch1,1,5,106403840,107232768,828928
SumMe/Kids_playing_in_leaves,SumMe,policy:human_k16_seed440831,batch1,1,6,106403840,107232768,828928
SumMe/Kids_playing_in_leaves,SumMe,policy:human_k16_seed440831,batch1,1,7,106403840,107232768,828928
SumMe/Kids_playing_in_leaves,SumMe,policy:human_k16_seed440831,batch1,1,8,106403840,107232768,828928
SumMe/Kids_playing_in_leaves,SumMe,policy:human_k16_seed440831,batch1,1,9,106403840,107232768,828928
SumMe/Kids_playing_in_leaves,SumMe,policy:human_k16_seed440831,batch1,1,10,106403840,107232768,828928
SumMe/Kids_playing_in_leaves,SumMe,policy:human_k16_seed440831,batch1,1,11,106403840,107232768,828928
SumMe/Kids_playing_in_leaves,SumMe,policy:human_k16_seed440831,batch1,1,12,106403840,107232768,828928
SumMe/Kids_playing_in_leaves,SumMe,policy:human_k16_seed440831,batch1,1,13,106403840,107232768,828928
SumMe/Kids_playing_in_leaves,SumMe,policy:human_k16_seed440831,batch1,1,14,106403840,107232768,828928
SumMe/Kids_playing_in_leaves,SumMe,policy:human_k16_seed440831,batch1,1,15,106403840,107232768,828928
SumMe/Kids_playing_in_leaves,SumMe,policy:human_k16_seed440831,batch1,2,0,106403840,107232768,828928
SumMe/Kids_playing_in_leaves,SumMe,policy:human_k16_seed440831,batch1,2,1,106403840,107232768,828928
SumMe/Kids_playing_in_leaves,SumMe,policy:human_k16_seed440831,batch1,2,2,106403840,107232768,828928
SumMe/Kids_playing_in_leaves,SumMe,policy:human_k16_seed440831,batch1,2,3,106403840,107232768,828928
SumMe/Kids_playing_in_leaves,SumMe,policy:human_k16_seed440831,batch1,2,4,106403840,107232768,828928
SumMe/Kids_playing_in_leaves,SumMe,policy:human_k16_seed440831,batch1,2,5,106403840,107232768,828928
SumMe/Kids_playing_in_leaves,SumMe,policy:human_k16_seed440831,batch1,2,6,106403840,107232768,828928
SumMe/Kids_playing_in_leaves,SumMe,policy:human_k16_seed440831,batch1,2,7,106403840,107232768,828928
SumMe/Kids_playing_in_leaves,SumMe,policy:human_k16_seed440831,batch1,2,8,106403840,107232768,828928
SumMe/Kids_playing_in_leaves,SumMe,policy:human_k16_seed440831,batch1,2,9,106403840,107232768,828928
SumMe/Kids_playing_in_leaves,SumMe,policy:human_k16_seed440831,batch1,2,10,106403840,107232768,828928
SumMe/Kids_playing_in_leaves,SumMe,policy:human_k16_seed440831,batch1,2,11,106403840,107232768,828928
SumMe/Kids_playing_in_leaves,SumMe,policy:human_k16_seed440831,batch1,2,12,106403840,107232768,828928
SumMe/Kids_playing_in_leaves,SumMe,policy:human_k16_seed440831,batch1,2,13,106403840,107232768,828928
SumMe/Kids_playing_in_leaves,SumMe,policy:human_k16_seed440831,batch1,2,14,106403840,107232768,828928
SumMe/Kids_playing_in_leaves,SumMe,policy:human_k16_seed440831,batch1,2,15,106403840,107232768,828928
SumMe/Kids_playing_in_leaves,SumMe,policy:human_k16_seed440831,batch1,3,0,106403840,107232768,828928
SumMe/Kids_playing_in_leaves,SumMe,policy:human_k16_seed440831,batch1,3,1,106403840,107232768,828928
SumMe/Kids_playing_in_leaves,SumMe,policy:human_k16_seed440831,batch1,3,2,106403840,107232768,828928
SumMe/Kids_playing_in_leaves,SumMe,policy:human_k16_seed440831,batch1,3,3,106403840,107232768,828928
SumMe/Kids_playing_in_leaves,SumMe,policy:human_k16_seed440831,batch1,3,4,106403840,107232768,828928
SumMe/Kids_playing_in_leaves,SumMe,policy:human_k16_seed440831,batch1,3,5,106403840,107232768,828928
SumMe/Kids_playing_in_leaves,SumMe,policy:human_k16_seed440831,batch1,3,6,106403840,107232768,828928
SumMe/Kids_playing_in_leaves,SumMe,policy:human_k16_seed440831,batch1,3,7,106403840,107232768,828928
SumMe/Kids_playing_in_leaves,SumMe,policy:human_k16_seed440831,batch1,3,8,106403840,107232768,828928
SumMe/Kids_playing_in_leaves,SumMe,policy:human_k16_seed440831,batch1,3,9,106403840,107232768,828928
SumMe/Kids_playing_in_leaves,SumMe,policy:human_k16_seed440831,batch1,3,10,106403840,107232768,828928
SumMe/Kids_playing_in_leaves,SumMe,policy:human_k16_seed440831,batch1,3,11,106403840,107232768,828928
SumMe/Kids_playing_in_leaves,SumMe,policy:human_k16_seed440831,batch1,3,12,106403840,107232768,828928
SumMe/Kids_playing_in_leaves,SumMe,policy:human_k16_seed440831,batch1,3,13,106403840,107232768,828928
SumMe/Kids_playing_in_leaves,SumMe,policy:human_k16_seed440831,batch1,3,14,106403840,107232768,828928
SumMe/Kids_playing_in_leaves,SumMe,policy:human_k16_seed440831,batch1,3,15,106403840,107232768,828928
SumMe/Kids_playing_in_leaves,SumMe,policy:human_k16_seed440831,batch1,4,0,106403840,107232768,828928
SumMe/Kids_playing_in_leaves,SumMe,policy:human_k16_seed440831,batch1,4,1,106403840,107232768,828928
SumMe/Kids_playing_in_leaves,SumMe,policy:human_k16_seed440831,batch1,4,2,106403840,107232768,828928
SumMe/Kids_playing_in_leaves,SumMe,policy:human_k16_seed440831,batch1,4,3,106403840,107232768,828928
SumMe/Kids_playing_in_leaves,SumMe,policy:human_k16_seed440831,batch1,4,4,106403840,107232768,828928
SumMe/Kids_playing_in_leaves,SumMe,policy:human_k16_seed440831,batch1,4,5,106403840,107232768,828928
SumMe/Kids_playing_in_leaves,SumMe,policy:human_k16_seed440831,batch1,4,6,106403840,107232768,828928
SumMe/Kids_playing_in_leaves,SumMe,policy:human_k16_seed440831,batch1,4,7,106403840,107232768,828928
SumMe/Kids_playing_in_leaves,SumMe,policy:human_k16_seed440831,batch1,4,8,106403840,107232768,828928
SumMe/Kids_playing_in_leaves,SumMe,policy:human_k16_seed440831,batch1,4,9,106403840,107232768,828928
SumMe/Kids_playing_in_leaves,SumMe,policy:human_k16_seed440831,batch1,4,10,106403840,107232768,828928
SumMe/Kids_playing_in_leaves,SumMe,policy:human_k16_seed440831,batch1,4,11,106403840,107232768,828928
SumMe/Kids_playing_in_leaves,SumMe,policy:human_k16_seed440831,batch1,4,12,106403840,107232768,828928
SumMe/Kids_playing_in_leaves,SumMe,policy:human_k16_seed440831,batch1,4,13,106403840,107232768,828928
SumMe/Kids_playing_in_leaves,SumMe,policy:human_k16_seed440831,batch1,4,14,106403840,107232768,828928
SumMe/Kids_playing_in_leaves,SumMe,policy:human_k16_seed440831,batch1,4,15,106403840,107232768,828928
SumMe/Kids_playing_in_leaves,SumMe,policy:human_k16_seed440831,batch1,5,0,106403840,107232768,828928
SumMe/Kids_playing_in_leaves,SumMe,policy:human_k16_seed440831,batch1,5,1,106403840,107232768,828928
SumMe/Kids_playing_in_leaves,SumMe,policy:human_k16_seed440831,batch1,5,2,106403840,107232768,828928
SumMe/Kids_playing_in_leaves,SumMe,policy:human_k16_seed440831,batch1,5,3,106403840,107232768,828928
SumMe/Kids_playing_in_leaves,SumMe,policy:human_k16_seed440831,batch1,5,4,106403840,107232768,828928
SumMe/Kids_playing_in_leaves,SumMe,policy:human_k16_seed440831,batch1,5,5,106403840,107232768,828928
SumMe/Kids_playing_in_leaves,SumMe,policy:human_k16_seed440831,batch1,5,6,106403840,107232768,828928
SumMe/Kids_playing_in_leaves,SumMe,policy:human_k16_seed440831,batch1,5,7,106403840,107232768,828928
SumMe/Kids_playing_in_leaves,SumMe,policy:human_k16_seed440831,batch1,5,8,106403840,107232768,828928
SumMe/Kids_playing_in_leaves,SumMe,policy:human_k16_seed440831,batch1,5,9,106403840,107232768,828928
SumMe/Kids_playing_in_leaves,SumMe,policy:human_k16_seed440831,batch1,5,10,106403840,107232768,828928
SumMe/Kids_playing_in_leaves,SumMe,policy:human_k16_seed440831,batch1,5,11,106403840,107232768,828928
SumMe/Kids_playing_in_leaves,SumMe,policy:human_k16_seed440831,batch1,5,12,106403840,107232768,828928
SumMe/Kids_playing_in_leaves,SumMe,policy:human_k16_seed440831,batch1,5,13,106403840,107232768,828928
SumMe/Kids_playing_in_leaves,SumMe,policy:human_k16_seed440831,batch1,5,14,106403840,107232768,828928
SumMe/Kids_playing_in_leaves,SumMe,policy:human_k16_seed440831,batch1,5,15,106403840,107232768,828928
SumMe/Kids_playing_in_leaves,SumMe,policy:human_k16_seed440831,batch1,6,0,106403840,107232768,828928
SumMe/Kids_playing_in_leaves,SumMe,policy:human_k16_seed440831,batch1,6,1,106403840,107232768,828928
SumMe/Kids_playing_in_leaves,SumMe,policy:human_k16_seed440831,batch1,6,2,106403840,107232768,828928
SumMe/Kids_playing_in_leaves,SumMe,policy:human_k16_seed440831,batch1,6,3,106403840,107232768,828928
SumMe/Kids_playing_in_leaves,SumMe,policy:human_k16_seed440831,batch1,6,4,106403840,107232768,828928
SumMe/Kids_playing_in_leaves,SumMe,policy:human_k16_seed440831,batch1,6,5,106403840,107232768,828928
SumMe/Kids_playing_in_leaves,SumMe,policy:human_k16_seed440831,batch1,6,6,106403840,107232768,828928
SumMe/Kids_playing_in_leaves,SumMe,policy:human_k16_seed440831,batch1,6,7,106403840,107232768,828928
SumMe/Kids_playing_in_leaves,SumMe,policy:human_k16_seed440831,batch1,6,8,106403840,107232768,828928
SumMe/Kids_playing_in_leaves,SumMe,policy:human_k16_seed440831,batch1,6,9,106403840,107232768,828928
SumMe/Kids_playing_in_leaves,SumMe,policy:human_k16_seed440831,batch1,6,10,106403840,107232768,828928
SumMe/Kids_playing_in_leaves,SumMe,policy:human_k16_seed440831,batch1,6,11,106403840,107232768,828928
SumMe/Kids_playing_in_leaves,SumMe,policy:human_k16_seed440831,batch1,6,12,106403840,107232768,828928
SumMe/Kids_playing_in_leaves,SumMe,policy:human_k16_seed440831,batch1,6,13,106403840,107232768,828928
SumMe/Kids_playing_in_leaves,SumMe,policy:human_k16_seed440831,batch1,6,14,106403840,107232768,828928
SumMe/Kids_playing_in_leaves,SumMe,policy:human_k16_seed440831,batch1,6,15,106403840,107232768,828928
SumMe/Kids_playing_in_leaves,SumMe,policy:human_k16_seed440831,batch1,7,0,106403840,107232768,828928
SumMe/Kids_playing_in_leaves,SumMe,policy:human_k16_seed440831,batch1,7,1,106403840,107232768,828928
SumMe/Kids_playing_in_leaves,SumMe,policy:human_k16_seed440831,batch1,7,2,106403840,107232768,828928
SumMe/Kids_playing_in_leaves,SumMe,policy:human_k16_seed440831,batch1,7,3,106403840,107232768,828928
SumMe/Kids_playing_in_leaves,SumMe,policy:human_k16_seed440831,batch1,7,4,106403840,107232768,828928
SumMe/Kids_playing_in_leaves,SumMe,policy:human_k16_seed440831,batch1,7,5,106403840,107232768,828928
SumMe/Kids_playing_in_leaves,SumMe,policy:human_k16_seed440831,batch1,7,6,106403840,107232768,828928
SumMe/Kids_playing_in_leaves,SumMe,policy:human_k16_seed440831,batch1,7,7,106403840,107232768,828928
SumMe/Kids_playing_in_leaves,SumMe,policy:human_k16_seed440831,batch1,7,8,106403840,107232768,828928
SumMe/Kids_playing_in_leaves,SumMe,policy:human_k16_seed440831,batch1,7,9,106403840,107232768,828928
SumMe/Kids_playing_in_leaves,SumMe,policy:human_k16_seed440831,batch1,7,10,106403840,107232768,828928
SumMe/Kids_playing_in_leaves,SumMe,policy:human_k16_seed440831,batch1,7,11,106403840,107232768,828928
SumMe/Kids_playing_in_leaves,SumMe,policy:human_k16_seed440831,batch1,7,12,106403840,107232768,828928
SumMe/Kids_playing_in_leaves,SumMe,policy:human_k16_seed440831,batch1,7,13,106403840,107232768,828928
SumMe/Kids_playing_in_leaves,SumMe,policy:human_k16_seed440831,batch1,7,14,106403840,107232768,828928
SumMe/Kids_playing_in_leaves,SumMe,policy:human_k16_seed440831,batch1,7,15,106403840,107232768,828928
SumMe/Kids_playing_in_leaves,SumMe,policy:human_k16_seed440831,batch1,8,0,106403840,107232768,828928
SumMe/Kids_playing_in_leaves,SumMe,policy:human_k16_seed440831,batch1,8,1,106403840,107232768,828928
SumMe/Kids_playing_in_leaves,SumMe,policy:human_k16_seed440831,batch1,8,2,106403840,107232768,828928
SumMe/Kids_playing_in_leaves,SumMe,policy:human_k16_seed440831,batch1,8,3,106403840,107232768,828928
SumMe/Kids_playing_in_leaves,SumMe,policy:human_k16_seed440831,batch1,8,4,106403840,107232768,828928
SumMe/Kids_playing_in_leaves,SumMe,policy:human_k16_seed440831,batch1,8,5,106403840,107232768,828928
SumMe/Kids_playing_in_leaves,SumMe,policy:human_k16_seed440831,batch1,8,6,106403840,107232768,828928
SumMe/Kids_playing_in_leaves,SumMe,policy:human_k16_seed440831,batch1,8,7,106403840,107232768,828928
SumMe/Kids_playing_in_leaves,SumMe,policy:human_k16_seed440831,batch1,8,8,106403840,107232768,828928
SumMe/Kids_playing_in_leaves,SumMe,policy:human_k16_seed440831,batch1,8,9,106403840,107232768,828928
SumMe/Kids_playing_in_leaves,SumMe,policy:human_k16_seed440831,batch1,8,10,106403840,107232768,828928
SumMe/Kids_playing_in_leaves,SumMe,policy:human_k16_seed440831,batch1,8,11,106403840,107232768,828928
SumMe/Kids_playing_in_leaves,SumMe,policy:human_k16_seed440831,batch1,8,12,106403840,107232768,828928
SumMe/Kids_playing_in_leaves,SumMe,policy:human_k16_seed440831,batch1,8,13,106403840,107232768,828928
SumMe/Kids_playing_in_leaves,SumMe,policy:human_k16_seed440831,batch1,8,14,106403840,107232768,828928
SumMe/Kids_playing_in_leaves,SumMe,policy:human_k16_seed440831,batch1,8,15,106403840,107232768,828928
SumMe/Kids_playing_in_leaves,SumMe,policy:human_k16_seed440831,batch1,9,0,106403840,107232768,828928
SumMe/Kids_playing_in_leaves,SumMe,policy:human_k16_seed440831,batch1,9,1,106403840,107232768,828928
SumMe/Kids_playing_in_leaves,SumMe,policy:human_k16_seed440831,batch1,9,2,106403840,107232768,828928
SumMe/Kids_playing_in_leaves,SumMe,policy:human_k16_seed440831,batch1,9,3,106403840,107232768,828928
SumMe/Kids_playing_in_leaves,SumMe,policy:human_k16_seed440831,batch1,9,4,106403840,107232768,828928
SumMe/Kids_playing_in_leaves,SumMe,policy:human_k16_seed440831,batch1,9,5,106403840,107232768,828928
SumMe/Kids_playing_in_leaves,SumMe,policy:human_k16_seed440831,batch1,9,6,106403840,107232768,828928
SumMe/Kids_playing_in_leaves,SumMe,policy:human_k16_seed440831,batch1,9,7,106403840,107232768,828928
SumMe/Kids_playing_in_leaves,SumMe,policy:human_k16_seed440831,batch1,9,8,106403840,107232768,828928
SumMe/Kids_playing_in_leaves,SumMe,policy:human_k16_seed440831,batch1,9,9,106403840,107232768,828928
SumMe/Kids_playing_in_leaves,SumMe,policy:human_k16_seed440831,batch1,9,10,106403840,107232768,828928
SumMe/Kids_playing_in_leaves,SumMe,policy:human_k16_seed440831,batch1,9,11,106403840,107232768,828928
SumMe/Kids_playing_in_leaves,SumMe,policy:human_k16_seed440831,batch1,9,12,106403840,107232768,828928
SumMe/Kids_playing_in_leaves,SumMe,policy:human_k16_seed440831,batch1,9,13,106403840,107232768,828928
SumMe/Kids_playing_in_leaves,SumMe,policy:human_k16_seed440831,batch1,9,14,106403840,107232768,828928
SumMe/Kids_playing_in_leaves,SumMe,policy:human_k16_seed440831,batch1,9,15,106403840,107232768,828928
SumMe/Kids_playing_in_leaves,SumMe,policy:pretrained_k16,batch1,0,0,106403840,107232768,828928
SumMe/Kids_playing_in_leaves,SumMe,policy:pretrained_k16,batch1,0,1,106403840,107232768,828928
SumMe/Kids_playing_in_leaves,SumMe,policy:pretrained_k16,batch1,0,2,106403840,107232768,828928
SumMe/Kids_playing_in_leaves,SumMe,policy:pretrained_k16,batch1,0,3,106403840,107232768,828928
SumMe/Kids_playing_in_leaves,SumMe,policy:pretrained_k16,batch1,0,4,106403840,107232768,828928
SumMe/Kids_playing_in_leaves,SumMe,policy:pretrained_k16,batch1,0,5,106403840,107232768,828928
SumMe/Kids_playing_in_leaves,SumMe,policy:pretrained_k16,batch1,0,6,106403840,107232768,828928
SumMe/Kids_playing_in_leaves,SumMe,policy:pretrained_k16,batch1,0,7,106403840,107232768,828928
SumMe/Kids_playing_in_leaves,SumMe,policy:pretrained_k16,batch1,0,8,106403840,107232768,828928
SumMe/Kids_playing_in_leaves,SumMe,policy:pretrained_k16,batch1,0,9,106403840,107232768,828928
SumMe/Kids_playing_in_leaves,SumMe,policy:pretrained_k16,batch1,0,10,106403840,107232768,828928
SumMe/Kids_playing_in_leaves,SumMe,policy:pretrained_k16,batch1,0,11,106403840,107232768,828928
SumMe/Kids_playing_in_leaves,SumMe,policy:pretrained_k16,batch1,0,12,106403840,107232768,828928
SumMe/Kids_playing_in_leaves,SumMe,policy:pretrained_k16,batch1,0,13,106403840,107232768,828928
SumMe/Kids_playing_in_leaves,SumMe,policy:pretrained_k16,batch1,0,14,106403840,107232768,828928
SumMe/Kids_playing_in_leaves,SumMe,policy:pretrained_k16,batch1,0,15,106403840,107232768,828928
SumMe/Kids_playing_in_leaves,SumMe,policy:pretrained_k16,batch1,1,0,106403840,107232768,828928
SumMe/Kids_playing_in_leaves,SumMe,policy:pretrained_k16,batch1,1,1,106403840,107232768,828928
SumMe/Kids_playing_in_leaves,SumMe,policy:pretrained_k16,batch1,1,2,106403840,107232768,828928
SumMe/Kids_playing_in_leaves,SumMe,policy:pretrained_k16,batch1,1,3,106403840,107232768,828928
SumMe/Kids_playing_in_leaves,SumMe,policy:pretrained_k16,batch1,1,4,106403840,107232768,828928
SumMe/Kids_playing_in_leaves,SumMe,policy:pretrained_k16,batch1,1,5,106403840,107232768,828928
SumMe/Kids_playing_in_leaves,SumMe,policy:pretrained_k16,batch1,1,6,106403840,107232768,828928
SumMe/Kids_playing_in_leaves,SumMe,policy:pretrained_k16,batch1,1,7,106403840,107232768,828928
SumMe/Kids_playing_in_leaves,SumMe,policy:pretrained_k16,batch1,1,8,106403840,107232768,828928
SumMe/Kids_playing_in_leaves,SumMe,policy:pretrained_k16,batch1,1,9,106403840,107232768,828928
SumMe/Kids_playing_in_leaves,SumMe,policy:pretrained_k16,batch1,1,10,106403840,107232768,828928
SumMe/Kids_playing_in_leaves,SumMe,policy:pretrained_k16,batch1,1,11,106403840,107232768,828928
SumMe/Kids_playing_in_leaves,SumMe,policy:pretrained_k16,batch1,1,12,106403840,107232768,828928
SumMe/Kids_playing_in_leaves,SumMe,policy:pretrained_k16,batch1,1,13,106403840,107232768,828928
SumMe/Kids_playing_in_leaves,SumMe,policy:pretrained_k16,batch1,1,14,106403840,107232768,828928
SumMe/Kids_playing_in_leaves,SumMe,policy:pretrained_k16,batch1,1,15,106403840,107232768,828928
SumMe/Kids_playing_in_leaves,SumMe,policy:pretrained_k16,batch1,2,0,106403840,107232768,828928
SumMe/Kids_playing_in_leaves,SumMe,policy:pretrained_k16,batch1,2,1,106403840,107232768,828928
SumMe/Kids_playing_in_leaves,SumMe,policy:pretrained_k16,batch1,2,2,106403840,107232768,828928
SumMe/Kids_playing_in_leaves,SumMe,policy:pretrained_k16,batch1,2,3,106403840,107232768,828928
SumMe/Kids_playing_in_leaves,SumMe,policy:pretrained_k16,batch1,2,4,106403840,107232768,828928
SumMe/Kids_playing_in_leaves,SumMe,policy:pretrained_k16,batch1,2,5,106403840,107232768,828928
SumMe/Kids_playing_in_leaves,SumMe,policy:pretrained_k16,batch1,2,6,106403840,107232768,828928
SumMe/Kids_playing_in_leaves,SumMe,policy:pretrained_k16,batch1,2,7,106403840,107232768,828928
SumMe/Kids_playing_in_leaves,SumMe,policy:pretrained_k16,batch1,2,8,106403840,107232768,828928
SumMe/Kids_playing_in_leaves,SumMe,policy:pretrained_k16,batch1,2,9,106403840,107232768,828928
SumMe/Kids_playing_in_leaves,SumMe,policy:pretrained_k16,batch1,2,10,106403840,107232768,828928
SumMe/Kids_playing_in_leaves,SumMe,policy:pretrained_k16,batch1,2,11,106403840,107232768,828928
SumMe/Kids_playing_in_leaves,SumMe,policy:pretrained_k16,batch1,2,12,106403840,107232768,828928
SumMe/Kids_playing_in_leaves,SumMe,policy:pretrained_k16,batch1,2,13,106403840,107232768,828928
SumMe/Kids_playing_in_leaves,SumMe,policy:pretrained_k16,batch1,2,14,106403840,107232768,828928
SumMe/Kids_playing_in_leaves,SumMe,policy:pretrained_k16,batch1,2,15,106403840,107232768,828928
SumMe/Kids_playing_in_leaves,SumMe,policy:pretrained_k16,batch1,3,0,106403840,107232768,828928
SumMe/Kids_playing_in_leaves,SumMe,policy:pretrained_k16,batch1,3,1,106403840,107232768,828928
SumMe/Kids_playing_in_leaves,SumMe,policy:pretrained_k16,batch1,3,2,106403840,107232768,828928
SumMe/Kids_playing_in_leaves,SumMe,policy:pretrained_k16,batch1,3,3,106403840,107232768,828928
SumMe/Kids_playing_in_leaves,SumMe,policy:pretrained_k16,batch1,3,4,106403840,107232768,828928
SumMe/Kids_playing_in_leaves,SumMe,policy:pretrained_k16,batch1,3,5,106403840,107232768,828928
SumMe/Kids_playing_in_leaves,SumMe,policy:pretrained_k16,batch1,3,6,106403840,107232768,828928
SumMe/Kids_playing_in_leaves,SumMe,policy:pretrained_k16,batch1,3,7,106403840,107232768,828928
SumMe/Kids_playing_in_leaves,SumMe,policy:pretrained_k16,batch1,3,8,106403840,107232768,828928
SumMe/Kids_playing_in_leaves,SumMe,policy:pretrained_k16,batch1,3,9,106403840,107232768,828928
SumMe/Kids_playing_in_leaves,SumMe,policy:pretrained_k16,batch1,3,10,106403840,107232768,828928
SumMe/Kids_playing_in_leaves,SumMe,policy:pretrained_k16,batch1,3,11,106403840,107232768,828928
SumMe/Kids_playing_in_leaves,SumMe,policy:pretrained_k16,batch1,3,12,106403840,107232768,828928
SumMe/Kids_playing_in_leaves,SumMe,policy:pretrained_k16,batch1,3,13,106403840,107232768,828928
SumMe/Kids_playing_in_leaves,SumMe,policy:pretrained_k16,batch1,3,14,106403840,107232768,828928
SumMe/Kids_playing_in_leaves,SumMe,policy:pretrained_k16,batch1,3,15,106403840,107232768,828928
SumMe/Kids_playing_in_leaves,SumMe,policy:pretrained_k16,batch1,4,0,106403840,107232768,828928
SumMe/Kids_playing_in_leaves,SumMe,policy:pretrained_k16,batch1,4,1,106403840,107232768,828928
SumMe/Kids_playing_in_leaves,SumMe,policy:pretrained_k16,batch1,4,2,106403840,107232768,828928
SumMe/Kids_playing_in_leaves,SumMe,policy:pretrained_k16,batch1,4,3,106403840,107232768,828928
SumMe/Kids_playing_in_leaves,SumMe,policy:pretrained_k16,batch1,4,4,106403840,107232768,828928
SumMe/Kids_playing_in_leaves,SumMe,policy:pretrained_k16,batch1,4,5,106403840,107232768,828928
SumMe/Kids_playing_in_leaves,SumMe,policy:pretrained_k16,batch1,4,6,106403840,107232768,828928
SumMe/Kids_playing_in_leaves,SumMe,policy:pretrained_k16,batch1,4,7,106403840,107232768,828928
SumMe/Kids_playing_in_leaves,SumMe,policy:pretrained_k16,batch1,4,8,106403840,107232768,828928
SumMe/Kids_playing_in_leaves,SumMe,policy:pretrained_k16,batch1,4,9,106403840,107232768,828928
SumMe/Kids_playing_in_leaves,SumMe,policy:pretrained_k16,batch1,4,10,106403840,107232768,828928
SumMe/Kids_playing_in_leaves,SumMe,policy:pretrained_k16,batch1,4,11,106403840,107232768,828928
SumMe/Kids_playing_in_leaves,SumMe,policy:pretrained_k16,batch1,4,12,106403840,107232768,828928
SumMe/Kids_playing_in_leaves,SumMe,policy:pretrained_k16,batch1,4,13,106403840,107232768,828928
SumMe/Kids_playing_in_leaves,SumMe,policy:pretrained_k16,batch1,4,14,106403840,107232768,828928
SumMe/Kids_playing_in_leaves,SumMe,policy:pretrained_k16,batch1,4,15,106403840,107232768,828928
SumMe/Kids_playing_in_leaves,SumMe,policy:pretrained_k16,batch1,5,0,106403840,107232768,828928
SumMe/Kids_playing_in_leaves,SumMe,policy:pretrained_k16,batch1,5,1,106403840,107232768,828928
SumMe/Kids_playing_in_leaves,SumMe,policy:pretrained_k16,batch1,5,2,106403840,107232768,828928
SumMe/Kids_playing_in_leaves,SumMe,policy:pretrained_k16,batch1,5,3,106403840,107232768,828928
SumMe/Kids_playing_in_leaves,SumMe,policy:pretrained_k16,batch1,5,4,106403840,107232768,828928
SumMe/Kids_playing_in_leaves,SumMe,policy:pretrained_k16,batch1,5,5,106403840,107232768,828928
SumMe/Kids_playing_in_leaves,SumMe,policy:pretrained_k16,batch1,5,6,106403840,107232768,828928
SumMe/Kids_playing_in_leaves,SumMe,policy:pretrained_k16,batch1,5,7,106403840,107232768,828928
SumMe/Kids_playing_in_leaves,SumMe,policy:pretrained_k16,batch1,5,8,106403840,107232768,828928
SumMe/Kids_playing_in_leaves,SumMe,policy:pretrained_k16,batch1,5,9,106403840,107232768,828928
SumMe/Kids_playing_in_leaves,SumMe,policy:pretrained_k16,batch1,5,10,106403840,107232768,828928
SumMe/Kids_playing_in_leaves,SumMe,policy:pretrained_k16,batch1,5,11,106403840,107232768,828928
SumMe/Kids_playing_in_leaves,SumMe,policy:pretrained_k16,batch1,5,12,106403840,107232768,828928
SumMe/Kids_playing_in_leaves,SumMe,policy:pretrained_k16,batch1,5,13,106403840,107232768,828928
SumMe/Kids_playing_in_leaves,SumMe,policy:pretrained_k16,batch1,5,14,106403840,107232768,828928
SumMe/Kids_playing_in_leaves,SumMe,policy:pretrained_k16,batch1,5,15,106403840,107232768,828928
SumMe/Kids_playing_in_leaves,SumMe,policy:pretrained_k16,batch1,6,0,106403840,107232768,828928
SumMe/Kids_playing_in_leaves,SumMe,policy:pretrained_k16,batch1,6,1,106403840,107232768,828928
SumMe/Kids_playing_in_leaves,SumMe,policy:pretrained_k16,batch1,6,2,106403840,107232768,828928
SumMe/Kids_playing_in_leaves,SumMe,policy:pretrained_k16,batch1,6,3,106403840,107232768,828928
SumMe/Kids_playing_in_leaves,SumMe,policy:pretrained_k16,batch1,6,4,106403840,107232768,828928
SumMe/Kids_playing_in_leaves,SumMe,policy:pretrained_k16,batch1,6,5,106403840,107232768,828928
SumMe/Kids_playing_in_leaves,SumMe,policy:pretrained_k16,batch1,6,6,106403840,107232768,828928
SumMe/Kids_playing_in_leaves,SumMe,policy:pretrained_k16,batch1,6,7,106403840,107232768,828928
SumMe/Kids_playing_in_leaves,SumMe,policy:pretrained_k16,batch1,6,8,106403840,107232768,828928
SumMe/Kids_playing_in_leaves,SumMe,policy:pretrained_k16,batch1,6,9,106403840,107232768,828928
SumMe/Kids_playing_in_leaves,SumMe,policy:pretrained_k16,batch1,6,10,106403840,107232768,828928
SumMe/Kids_playing_in_leaves,SumMe,policy:pretrained_k16,batch1,6,11,106403840,107232768,828928
SumMe/Kids_playing_in_leaves,SumMe,policy:pretrained_k16,batch1,6,12,106403840,107232768,828928
SumMe/Kids_playing_in_leaves,SumMe,policy:pretrained_k16,batch1,6,13,106403840,107232768,828928
SumMe/Kids_playing_in_leaves,SumMe,policy:pretrained_k16,batch1,6,14,106403840,107232768,828928
SumMe/Kids_playing_in_leaves,SumMe,policy:pretrained_k16,batch1,6,15,106403840,107232768,828928
SumMe/Kids_playing_in_leaves,SumMe,policy:pretrained_k16,batch1,7,0,106403840,107232768,828928
SumMe/Kids_playing_in_leaves,SumMe,policy:pretrained_k16,batch1,7,1,106403840,107232768,828928
SumMe/Kids_playing_in_leaves,SumMe,policy:pretrained_k16,batch1,7,2,106403840,107232768,828928
SumMe/Kids_playing_in_leaves,SumMe,policy:pretrained_k16,batch1,7,3,106403840,107232768,828928
SumMe/Kids_playing_in_leaves,SumMe,policy:pretrained_k16,batch1,7,4,106403840,107232768,828928
SumMe/Kids_playing_in_leaves,SumMe,policy:pretrained_k16,batch1,7,5,106403840,107232768,828928
SumMe/Kids_playing_in_leaves,SumMe,policy:pretrained_k16,batch1,7,6,106403840,107232768,828928
SumMe/Kids_playing_in_leaves,SumMe,policy:pretrained_k16,batch1,7,7,106403840,107232768,828928
SumMe/Kids_playing_in_leaves,SumMe,policy:pretrained_k16,batch1,7,8,106403840,107232768,828928
SumMe/Kids_playing_in_leaves,SumMe,policy:pretrained_k16,batch1,7,9,106403840,107232768,828928
SumMe/Kids_playing_in_leaves,SumMe,policy:pretrained_k16,batch1,7,10,106403840,107232768,828928
SumMe/Kids_playing_in_leaves,SumMe,policy:pretrained_k16,batch1,7,11,106403840,107232768,828928
SumMe/Kids_playing_in_leaves,SumMe,policy:pretrained_k16,batch1,7,12,106403840,107232768,828928
SumMe/Kids_playing_in_leaves,SumMe,policy:pretrained_k16,batch1,7,13,106403840,107232768,828928
SumMe/Kids_playing_in_leaves,SumMe,policy:pretrained_k16,batch1,7,14,106403840,107232768,828928
SumMe/Kids_playing_in_leaves,SumMe,policy:pretrained_k16,batch1,7,15,106403840,107232768,828928
SumMe/Kids_playing_in_leaves,SumMe,policy:pretrained_k16,batch1,8,0,106403840,107232768,828928
SumMe/Kids_playing_in_leaves,SumMe,policy:pretrained_k16,batch1,8,1,106403840,107232768,828928
SumMe/Kids_playing_in_leaves,SumMe,policy:pretrained_k16,batch1,8,2,106403840,107232768,828928
SumMe/Kids_playing_in_leaves,SumMe,policy:pretrained_k16,batch1,8,3,106403840,107232768,828928
SumMe/Kids_playing_in_leaves,SumMe,policy:pretrained_k16,batch1,8,4,106403840,107232768,828928
SumMe/Kids_playing_in_leaves,SumMe,policy:pretrained_k16,batch1,8,5,106403840,107232768,828928
SumMe/Kids_playing_in_leaves,SumMe,policy:pretrained_k16,batch1,8,6,106403840,107232768,828928
SumMe/Kids_playing_in_leaves,SumMe,policy:pretrained_k16,batch1,8,7,106403840,107232768,828928
SumMe/Kids_playing_in_leaves,SumMe,policy:pretrained_k16,batch1,8,8,106403840,107232768,828928
SumMe/Kids_playing_in_leaves,SumMe,policy:pretrained_k16,batch1,8,9,106403840,107232768,828928
SumMe/Kids_playing_in_leaves,SumMe,policy:pretrained_k16,batch1,8,10,106403840,107232768,828928
SumMe/Kids_playing_in_leaves,SumMe,policy:pretrained_k16,batch1,8,11,106403840,107232768,828928
SumMe/Kids_playing_in_leaves,SumMe,policy:pretrained_k16,batch1,8,12,106403840,107232768,828928
SumMe/Kids_playing_in_leaves,SumMe,policy:pretrained_k16,batch1,8,13,106403840,107232768,828928
SumMe/Kids_playing_in_leaves,SumMe,policy:pretrained_k16,batch1,8,14,106403840,107232768,828928
SumMe/Kids_playing_in_leaves,SumMe,policy:pretrained_k16,batch1,8,15,106403840,107232768,828928
SumMe/Kids_playing_in_leaves,SumMe,policy:pretrained_k16,batch1,9,0,106403840,107232768,828928
SumMe/Kids_playing_in_leaves,SumMe,policy:pretrained_k16,batch1,9,1,106403840,107232768,828928
SumMe/Kids_playing_in_leaves,SumMe,policy:pretrained_k16,batch1,9,2,106403840,107232768,828928
SumMe/Kids_playing_in_leaves,SumMe,policy:pretrained_k16,batch1,9,3,106403840,107232768,828928
SumMe/Kids_playing_in_leaves,SumMe,policy:pretrained_k16,batch1,9,4,106403840,107232768,828928
SumMe/Kids_playing_in_leaves,SumMe,policy:pretrained_k16,batch1,9,5,106403840,107232768,828928
SumMe/Kids_playing_in_leaves,SumMe,policy:pretrained_k16,batch1,9,6,106403840,107232768,828928
SumMe/Kids_playing_in_leaves,SumMe,policy:pretrained_k16,batch1,9,7,106403840,107232768,828928
SumMe/Kids_playing_in_leaves,SumMe,policy:pretrained_k16,batch1,9,8,106403840,107232768,828928
SumMe/Kids_playing_in_leaves,SumMe,policy:pretrained_k16,batch1,9,9,106403840,107232768,828928
SumMe/Kids_playing_in_leaves,SumMe,policy:pretrained_k16,batch1,9,10,106403840,107232768,828928
SumMe/Kids_playing_in_leaves,SumMe,policy:pretrained_k16,batch1,9,11,106403840,107232768,828928
SumMe/Kids_playing_in_leaves,SumMe,policy:pretrained_k16,batch1,9,12,106403840,107232768,828928
SumMe/Kids_playing_in_leaves,SumMe,policy:pretrained_k16,batch1,9,13,106403840,107232768,828928
SumMe/Kids_playing_in_leaves,SumMe,policy:pretrained_k16,batch1,9,14,106403840,107232768,828928
SumMe/Kids_playing_in_leaves,SumMe,policy:pretrained_k16,batch1,9,15,106403840,107232768,828928
SumMe/Kids_playing_in_leaves,SumMe,tome_r5,batch1,0,0,106403840,110963712,4559872
SumMe/Kids_playing_in_leaves,SumMe,tome_r5,batch1,0,1,106403840,110963712,4559872
SumMe/Kids_playing_in_leaves,SumMe,tome_r5,batch1,0,2,106403840,110963712,4559872
SumMe/Kids_playing_in_leaves,SumMe,tome_r5,batch1,0,3,106403840,110963712,4559872
SumMe/Kids_playing_in_leaves,SumMe,tome_r5,batch1,0,4,106403840,110963712,4559872
SumMe/Kids_playing_in_leaves,SumMe,tome_r5,batch1,0,5,106403840,110963712,4559872
SumMe/Kids_playing_in_leaves,SumMe,tome_r5,batch1,0,6,106403840,110963712,4559872
SumMe/Kids_playing_in_leaves,SumMe,tome_r5,batch1,0,7,106403840,110963712,4559872
SumMe/Kids_playing_in_leaves,SumMe,tome_r5,batch1,0,8,106403840,110963712,4559872
SumMe/Kids_playing_in_leaves,SumMe,tome_r5,batch1,0,9,106403840,110963712,4559872
SumMe/Kids_playing_in_leaves,SumMe,tome_r5,batch1,0,10,106403840,110963712,4559872
SumMe/Kids_playing_in_leaves,SumMe,tome_r5,batch1,0,11,106403840,110963712,4559872
SumMe/Kids_playing_in_leaves,SumMe,tome_r5,batch1,0,12,106403840,110963712,4559872
SumMe/Kids_playing_in_leaves,SumMe,tome_r5,batch1,0,13,106403840,110963712,4559872
SumMe/Kids_playing_in_leaves,SumMe,tome_r5,batch1,0,14,106403840,110963712,4559872
SumMe/Kids_playing_in_leaves,SumMe,tome_r5,batch1,0,15,106403840,110963712,4559872
SumMe/Kids_playing_in_leaves,SumMe,tome_r5,batch1,1,0,106403840,110963712,4559872
SumMe/Kids_playing_in_leaves,SumMe,tome_r5,batch1,1,1,106403840,110963712,4559872
SumMe/Kids_playing_in_leaves,SumMe,tome_r5,batch1,1,2,106403840,110963712,4559872
SumMe/Kids_playing_in_leaves,SumMe,tome_r5,batch1,1,3,106403840,110963712,4559872
SumMe/Kids_playing_in_leaves,SumMe,tome_r5,batch1,1,4,106403840,110963712,4559872
SumMe/Kids_playing_in_leaves,SumMe,tome_r5,batch1,1,5,106403840,110963712,4559872
SumMe/Kids_playing_in_leaves,SumMe,tome_r5,batch1,1,6,106403840,110963712,4559872
SumMe/Kids_playing_in_leaves,SumMe,tome_r5,batch1,1,7,106403840,110963712,4559872
SumMe/Kids_playing_in_leaves,SumMe,tome_r5,batch1,1,8,106403840,110963712,4559872
SumMe/Kids_playing_in_leaves,SumMe,tome_r5,batch1,1,9,106403840,110963712,4559872
SumMe/Kids_playing_in_leaves,SumMe,tome_r5,batch1,1,10,106403840,110963712,4559872
SumMe/Kids_playing_in_leaves,SumMe,tome_r5,batch1,1,11,106403840,110963712,4559872
SumMe/Kids_playing_in_leaves,SumMe,tome_r5,batch1,1,12,106403840,110963712,4559872
SumMe/Kids_playing_in_leaves,SumMe,tome_r5,batch1,1,13,106403840,110963712,4559872
SumMe/Kids_playing_in_leaves,SumMe,tome_r5,batch1,1,14,106403840,110963712,4559872
SumMe/Kids_playing_in_leaves,SumMe,tome_r5,batch1,1,15,106403840,110963712,4559872
SumMe/Kids_playing_in_leaves,SumMe,tome_r5,batch1,2,0,106403840,110963712,4559872
SumMe/Kids_playing_in_leaves,SumMe,tome_r5,batch1,2,1,106403840,110963712,4559872
SumMe/Kids_playing_in_leaves,SumMe,tome_r5,batch1,2,2,106403840,110963712,4559872
SumMe/Kids_playing_in_leaves,SumMe,tome_r5,batch1,2,3,106403840,110963712,4559872
SumMe/Kids_playing_in_leaves,SumMe,tome_r5,batch1,2,4,106403840,110963712,4559872
SumMe/Kids_playing_in_leaves,SumMe,tome_r5,batch1,2,5,106403840,110963712,4559872
SumMe/Kids_playing_in_leaves,SumMe,tome_r5,batch1,2,6,106403840,110963712,4559872
SumMe/Kids_playing_in_leaves,SumMe,tome_r5,batch1,2,7,106403840,110963712,4559872
SumMe/Kids_playing_in_leaves,SumMe,tome_r5,batch1,2,8,106403840,110963712,4559872
SumMe/Kids_playing_in_leaves,SumMe,tome_r5,batch1,2,9,106403840,110963712,4559872
SumMe/Kids_playing_in_leaves,SumMe,tome_r5,batch1,2,10,106403840,110963712,4559872
SumMe/Kids_playing_in_leaves,SumMe,tome_r5,batch1,2,11,106403840,110963712,4559872
SumMe/Kids_playing_in_leaves,SumMe,tome_r5,batch1,2,12,106403840,110963712,4559872
SumMe/Kids_playing_in_leaves,SumMe,tome_r5,batch1,2,13,106403840,110963712,4559872
SumMe/Kids_playing_in_leaves,SumMe,tome_r5,batch1,2,14,106403840,110963712,4559872
SumMe/Kids_playing_in_leaves,SumMe,tome_r5,batch1,2,15,106403840,110963712,4559872
SumMe/Kids_playing_in_leaves,SumMe,tome_r5,batch1,3,0,106403840,110963712,4559872
SumMe/Kids_playing_in_leaves,SumMe,tome_r5,batch1,3,1,106403840,110963712,4559872
SumMe/Kids_playing_in_leaves,SumMe,tome_r5,batch1,3,2,106403840,110963712,4559872
SumMe/Kids_playing_in_leaves,SumMe,tome_r5,batch1,3,3,106403840,110963712,4559872
SumMe/Kids_playing_in_leaves,SumMe,tome_r5,batch1,3,4,106403840,110963712,4559872
SumMe/Kids_playing_in_leaves,SumMe,tome_r5,batch1,3,5,106403840,110963712,4559872
SumMe/Kids_playing_in_leaves,SumMe,tome_r5,batch1,3,6,106403840,110963712,4559872
SumMe/Kids_playing_in_leaves,SumMe,tome_r5,batch1,3,7,106403840,110963712,4559872
SumMe/Kids_playing_in_leaves,SumMe,tome_r5,batch1,3,8,106403840,110963712,4559872
SumMe/Kids_playing_in_leaves,SumMe,tome_r5,batch1,3,9,106403840,110963712,4559872
SumMe/Kids_playing_in_leaves,SumMe,tome_r5,batch1,3,10,106403840,110963712,4559872
SumMe/Kids_playing_in_leaves,SumMe,tome_r5,batch1,3,11,106403840,110963712,4559872
SumMe/Kids_playing_in_leaves,SumMe,tome_r5,batch1,3,12,106403840,110963712,4559872
SumMe/Kids_playing_in_leaves,SumMe,tome_r5,batch1,3,13,106403840,110963712,4559872
SumMe/Kids_playing_in_leaves,SumMe,tome_r5,batch1,3,14,106403840,110963712,4559872
SumMe/Kids_playing_in_leaves,SumMe,tome_r5,batch1,3,15,106403840,110963712,4559872
SumMe/Kids_playing_in_leaves,SumMe,tome_r5,batch1,4,0,106403840,110963712,4559872
SumMe/Kids_playing_in_leaves,SumMe,tome_r5,batch1,4,1,106403840,110963712,4559872
SumMe/Kids_playing_in_leaves,SumMe,tome_r5,batch1,4,2,106403840,110963712,4559872
SumMe/Kids_playing_in_leaves,SumMe,tome_r5,batch1,4,3,106403840,110963712,4559872
SumMe/Kids_playing_in_leaves,SumMe,tome_r5,batch1,4,4,106403840,110963712,4559872
SumMe/Kids_playing_in_leaves,SumMe,tome_r5,batch1,4,5,106403840,110963712,4559872
SumMe/Kids_playing_in_leaves,SumMe,tome_r5,batch1,4,6,106403840,110963712,4559872
SumMe/Kids_playing_in_leaves,SumMe,tome_r5,batch1,4,7,106403840,110963712,4559872
SumMe/Kids_playing_in_leaves,SumMe,tome_r5,batch1,4,8,106403840,110963712,4559872
SumMe/Kids_playing_in_leaves,SumMe,tome_r5,batch1,4,9,106403840,110963712,4559872
SumMe/Kids_playing_in_leaves,SumMe,tome_r5,batch1,4,10,106403840,110963712,4559872
SumMe/Kids_playing_in_leaves,SumMe,tome_r5,batch1,4,11,106403840,110963712,4559872
SumMe/Kids_playing_in_leaves,SumMe,tome_r5,batch1,4,12,106403840,110963712,4559872
SumMe/Kids_playing_in_leaves,SumMe,tome_r5,batch1,4,13,106403840,110963712,4559872
SumMe/Kids_playing_in_leaves,SumMe,tome_r5,batch1,4,14,106403840,110963712,4559872
SumMe/Kids_playing_in_leaves,SumMe,tome_r5,batch1,4,15,106403840,110963712,4559872
SumMe/Kids_playing_in_leaves,SumMe,tome_r5,batch1,5,0,106403840,110963712,4559872
SumMe/Kids_playing_in_leaves,SumMe,tome_r5,batch1,5,1,106403840,110963712,4559872
SumMe/Kids_playing_in_leaves,SumMe,tome_r5,batch1,5,2,106403840,110963712,4559872
SumMe/Kids_playing_in_leaves,SumMe,tome_r5,batch1,5,3,106403840,110963712,4559872
SumMe/Kids_playing_in_leaves,SumMe,tome_r5,batch1,5,4,106403840,110963712,4559872
SumMe/Kids_playing_in_leaves,SumMe,tome_r5,batch1,5,5,106403840,110963712,4559872
SumMe/Kids_playing_in_leaves,SumMe,tome_r5,batch1,5,6,106403840,110963712,4559872
SumMe/Kids_playing_in_leaves,SumMe,tome_r5,batch1,5,7,106403840,110963712,4559872
SumMe/Kids_playing_in_leaves,SumMe,tome_r5,batch1,5,8,106403840,110963712,4559872
SumMe/Kids_playing_in_leaves,SumMe,tome_r5,batch1,5,9,106403840,110963712,4559872
SumMe/Kids_playing_in_leaves,SumMe,tome_r5,batch1,5,10,106403840,110963712,4559872
SumMe/Kids_playing_in_leaves,SumMe,tome_r5,batch1,5,11,106403840,110963712,4559872
SumMe/Kids_playing_in_leaves,SumMe,tome_r5,batch1,5,12,106403840,110963712,4559872
SumMe/Kids_playing_in_leaves,SumMe,tome_r5,batch1,5,13,106403840,110963712,4559872
SumMe/Kids_playing_in_leaves,SumMe,tome_r5,batch1,5,14,106403840,110963712,4559872
SumMe/Kids_playing_in_leaves,SumMe,tome_r5,batch1,5,15,106403840,110963712,4559872
SumMe/Kids_playing_in_leaves,SumMe,tome_r5,batch1,6,0,106403840,110963712,4559872
SumMe/Kids_playing_in_leaves,SumMe,tome_r5,batch1,6,1,106403840,110963712,4559872
SumMe/Kids_playing_in_leaves,SumMe,tome_r5,batch1,6,2,106403840,110963712,4559872
SumMe/Kids_playing_in_leaves,SumMe,tome_r5,batch1,6,3,106403840,110963712,4559872
SumMe/Kids_playing_in_leaves,SumMe,tome_r5,batch1,6,4,106403840,110963712,4559872
SumMe/Kids_playing_in_leaves,SumMe,tome_r5,batch1,6,5,106403840,110963712,4559872
SumMe/Kids_playing_in_leaves,SumMe,tome_r5,batch1,6,6,106403840,110963712,4559872
SumMe/Kids_playing_in_leaves,SumMe,tome_r5,batch1,6,7,106403840,110963712,4559872
SumMe/Kids_playing_in_leaves,SumMe,tome_r5,batch1,6,8,106403840,110963712,4559872
SumMe/Kids_playing_in_leaves,SumMe,tome_r5,batch1,6,9,106403840,110963712,4559872
SumMe/Kids_playing_in_leaves,SumMe,tome_r5,batch1,6,10,106403840,110963712,4559872
SumMe/Kids_playing_in_leaves,SumMe,tome_r5,batch1,6,11,106403840,110963712,4559872
SumMe/Kids_playing_in_leaves,SumMe,tome_r5,batch1,6,12,106403840,110963712,4559872
SumMe/Kids_playing_in_leaves,SumMe,tome_r5,batch1,6,13,106403840,110963712,4559872
SumMe/Kids_playing_in_leaves,SumMe,tome_r5,batch1,6,14,106403840,110963712,4559872
SumMe/Kids_playing_in_leaves,SumMe,tome_r5,batch1,6,15,106403840,110963712,4559872
SumMe/Kids_playing_in_leaves,SumMe,tome_r5,batch1,7,0,106403840,110963712,4559872
SumMe/Kids_playing_in_leaves,SumMe,tome_r5,batch1,7,1,106403840,110963712,4559872
SumMe/Kids_playing_in_leaves,SumMe,tome_r5,batch1,7,2,106403840,110963712,4559872
SumMe/Kids_playing_in_leaves,SumMe,tome_r5,batch1,7,3,106403840,110963712,4559872
SumMe/Kids_playing_in_leaves,SumMe,tome_r5,batch1,7,4,106403840,110963712,4559872
SumMe/Kids_playing_in_leaves,SumMe,tome_r5,batch1,7,5,106403840,110963712,4559872
SumMe/Kids_playing_in_leaves,SumMe,tome_r5,batch1,7,6,106403840,110963712,4559872
SumMe/Kids_playing_in_leaves,SumMe,tome_r5,batch1,7,7,106403840,110963712,4559872
SumMe/Kids_playing_in_leaves,SumMe,tome_r5,batch1,7,8,106403840,110963712,4559872
SumMe/Kids_playing_in_leaves,SumMe,tome_r5,batch1,7,9,106403840,110963712,4559872
SumMe/Kids_playing_in_leaves,SumMe,tome_r5,batch1,7,10,106403840,110963712,4559872
SumMe/Kids_playing_in_leaves,SumMe,tome_r5,batch1,7,11,106403840,110963712,4559872
SumMe/Kids_playing_in_leaves,SumMe,tome_r5,batch1,7,12,106403840,110963712,4559872
SumMe/Kids_playing_in_leaves,SumMe,tome_r5,batch1,7,13,106403840,110963712,4559872
SumMe/Kids_playing_in_leaves,SumMe,tome_r5,batch1,7,14,106403840,110963712,4559872
SumMe/Kids_playing_in_leaves,SumMe,tome_r5,batch1,7,15,106403840,110963712,4559872
SumMe/Kids_playing_in_leaves,SumMe,tome_r5,batch1,8,0,106403840,110963712,4559872
SumMe/Kids_playing_in_leaves,SumMe,tome_r5,batch1,8,1,106403840,110963712,4559872
SumMe/Kids_playing_in_leaves,SumMe,tome_r5,batch1,8,2,106403840,110963712,4559872
SumMe/Kids_playing_in_leaves,SumMe,tome_r5,batch1,8,3,106403840,110963712,4559872
SumMe/Kids_playing_in_leaves,SumMe,tome_r5,batch1,8,4,106403840,110963712,4559872
SumMe/Kids_playing_in_leaves,SumMe,tome_r5,batch1,8,5,106403840,110963712,4559872
SumMe/Kids_playing_in_leaves,SumMe,tome_r5,batch1,8,6,106403840,110963712,4559872
SumMe/Kids_playing_in_leaves,SumMe,tome_r5,batch1,8,7,106403840,110963712,4559872
SumMe/Kids_playing_in_leaves,SumMe,tome_r5,batch1,8,8,106403840,110963712,4559872
SumMe/Kids_playing_in_leaves,SumMe,tome_r5,batch1,8,9,106403840,110963712,4559872
SumMe/Kids_playing_in_leaves,SumMe,tome_r5,batch1,8,10,106403840,110963712,4559872
SumMe/Kids_playing_in_leaves,SumMe,tome_r5,batch1,8,11,106403840,110963712,4559872
SumMe/Kids_playing_in_leaves,SumMe,tome_r5,batch1,8,12,106403840,110963712,4559872
SumMe/Kids_playing_in_leaves,SumMe,tome_r5,batch1,8,13,106403840,110963712,4559872
SumMe/Kids_playing_in_leaves,SumMe,tome_r5,batch1,8,14,106403840,110963712,4559872
SumMe/Kids_playing_in_leaves,SumMe,tome_r5,batch1,8,15,106403840,110963712,4559872
SumMe/Kids_playing_in_leaves,SumMe,tome_r5,batch1,9,0,106403840,110963712,4559872
SumMe/Kids_playing_in_leaves,SumMe,tome_r5,batch1,9,1,106403840,110963712,4559872
SumMe/Kids_playing_in_leaves,SumMe,tome_r5,batch1,9,2,106403840,110963712,4559872
SumMe/Kids_playing_in_leaves,SumMe,tome_r5,batch1,9,3,106403840,110963712,4559872
SumMe/Kids_playing_in_leaves,SumMe,tome_r5,batch1,9,4,106403840,110963712,4559872
SumMe/Kids_playing_in_leaves,SumMe,tome_r5,batch1,9,5,106403840,110963712,4559872
SumMe/Kids_playing_in_leaves,SumMe,tome_r5,batch1,9,6,106403840,110963712,4559872
SumMe/Kids_playing_in_leaves,SumMe,tome_r5,batch1,9,7,106403840,110963712,4559872
SumMe/Kids_playing_in_leaves,SumMe,tome_r5,batch1,9,8,106403840,110963712,4559872
SumMe/Kids_playing_in_leaves,SumMe,tome_r5,batch1,9,9,106403840,110963712,4559872
SumMe/Kids_playing_in_leaves,SumMe,tome_r5,batch1,9,10,106403840,110963712,4559872
SumMe/Kids_playing_in_leaves,SumMe,tome_r5,batch1,9,11,106403840,110963712,4559872
SumMe/Kids_playing_in_leaves,SumMe,tome_r5,batch1,9,12,106403840,110963712,4559872
SumMe/Kids_playing_in_leaves,SumMe,tome_r5,batch1,9,13,106403840,110963712,4559872
SumMe/Kids_playing_in_leaves,SumMe,tome_r5,batch1,9,14,106403840,110963712,4559872
SumMe/Kids_playing_in_leaves,SumMe,tome_r5,batch1,9,15,106403840,110963712,4559872
SumMe/Kids_playing_in_leaves,SumMe,tome_r10,batch1,0,0,106403840,110838784,4434944
SumMe/Kids_playing_in_leaves,SumMe,tome_r10,batch1,0,1,106403840,110838784,4434944
SumMe/Kids_playing_in_leaves,SumMe,tome_r10,batch1,0,2,106403840,110838784,4434944
SumMe/Kids_playing_in_leaves,SumMe,tome_r10,batch1,0,3,106403840,110838784,4434944
SumMe/Kids_playing_in_leaves,SumMe,tome_r10,batch1,0,4,106403840,110838784,4434944
SumMe/Kids_playing_in_leaves,SumMe,tome_r10,batch1,0,5,106403840,110838784,4434944
SumMe/Kids_playing_in_leaves,SumMe,tome_r10,batch1,0,6,106403840,110838784,4434944
SumMe/Kids_playing_in_leaves,SumMe,tome_r10,batch1,0,7,106403840,110838784,4434944
SumMe/Kids_playing_in_leaves,SumMe,tome_r10,batch1,0,8,106403840,110838784,4434944
SumMe/Kids_playing_in_leaves,SumMe,tome_r10,batch1,0,9,106403840,110838784,4434944
SumMe/Kids_playing_in_leaves,SumMe,tome_r10,batch1,0,10,106403840,110838784,4434944
SumMe/Kids_playing_in_leaves,SumMe,tome_r10,batch1,0,11,106403840,110838784,4434944
SumMe/Kids_playing_in_leaves,SumMe,tome_r10,batch1,0,12,106403840,110838784,4434944
SumMe/Kids_playing_in_leaves,SumMe,tome_r10,batch1,0,13,106403840,110838784,4434944
SumMe/Kids_playing_in_leaves,SumMe,tome_r10,batch1,0,14,106403840,110838784,4434944
SumMe/Kids_playing_in_leaves,SumMe,tome_r10,batch1,0,15,106403840,110838784,4434944
SumMe/Kids_playing_in_leaves,SumMe,tome_r10,batch1,1,0,106403840,110838784,4434944
SumMe/Kids_playing_in_leaves,SumMe,tome_r10,batch1,1,1,106403840,110838784,4434944
SumMe/Kids_playing_in_leaves,SumMe,tome_r10,batch1,1,2,106403840,110838784,4434944
SumMe/Kids_playing_in_leaves,SumMe,tome_r10,batch1,1,3,106403840,110838784,4434944
SumMe/Kids_playing_in_leaves,SumMe,tome_r10,batch1,1,4,106403840,110838784,4434944
SumMe/Kids_playing_in_leaves,SumMe,tome_r10,batch1,1,5,106403840,110838784,4434944
SumMe/Kids_playing_in_leaves,SumMe,tome_r10,batch1,1,6,106403840,110838784,4434944
SumMe/Kids_playing_in_leaves,SumMe,tome_r10,batch1,1,7,106403840,110838784,4434944
SumMe/Kids_playing_in_leaves,SumMe,tome_r10,batch1,1,8,106403840,110838784,4434944
SumMe/Kids_playing_in_leaves,SumMe,tome_r10,batch1,1,9,106403840,110838784,4434944
SumMe/Kids_playing_in_leaves,SumMe,tome_r10,batch1,1,10,106403840,110838784,4434944
SumMe/Kids_playing_in_leaves,SumMe,tome_r10,batch1,1,11,106403840,110838784,4434944
SumMe/Kids_playing_in_leaves,SumMe,tome_r10,batch1,1,12,106403840,110838784,4434944
SumMe/Kids_playing_in_leaves,SumMe,tome_r10,batch1,1,13,106403840,110838784,4434944
SumMe/Kids_playing_in_leaves,SumMe,tome_r10,batch1,1,14,106403840,110838784,4434944
SumMe/Kids_playing_in_leaves,SumMe,tome_r10,batch1,1,15,106403840,110838784,4434944
SumMe/Kids_playing_in_leaves,SumMe,tome_r10,batch1,2,0,106403840,110838784,4434944
SumMe/Kids_playing_in_leaves,SumMe,tome_r10,batch1,2,1,106403840,110838784,4434944
SumMe/Kids_playing_in_leaves,SumMe,tome_r10,batch1,2,2,106403840,110838784,4434944
SumMe/Kids_playing_in_leaves,SumMe,tome_r10,batch1,2,3,106403840,110838784,4434944
SumMe/Kids_playing_in_leaves,SumMe,tome_r10,batch1,2,4,106403840,110838784,4434944
SumMe/Kids_playing_in_leaves,SumMe,tome_r10,batch1,2,5,106403840,110838784,4434944
SumMe/Kids_playing_in_leaves,SumMe,tome_r10,batch1,2,6,106403840,110838784,4434944
SumMe/Kids_playing_in_leaves,SumMe,tome_r10,batch1,2,7,106403840,110838784,4434944
SumMe/Kids_playing_in_leaves,SumMe,tome_r10,batch1,2,8,106403840,110838784,4434944
SumMe/Kids_playing_in_leaves,SumMe,tome_r10,batch1,2,9,106403840,110838784,4434944
SumMe/Kids_playing_in_leaves,SumMe,tome_r10,batch1,2,10,106403840,110838784,4434944
SumMe/Kids_playing_in_leaves,SumMe,tome_r10,batch1,2,11,106403840,110838784,4434944
SumMe/Kids_playing_in_leaves,SumMe,tome_r10,batch1,2,12,106403840,110838784,4434944
SumMe/Kids_playing_in_leaves,SumMe,tome_r10,batch1,2,13,106403840,110838784,4434944
SumMe/Kids_playing_in_leaves,SumMe,tome_r10,batch1,2,14,106403840,110838784,4434944
SumMe/Kids_playing_in_leaves,SumMe,tome_r10,batch1,2,15,106403840,110838784,4434944
SumMe/Kids_playing_in_leaves,SumMe,tome_r10,batch1,3,0,106403840,110838784,4434944
SumMe/Kids_playing_in_leaves,SumMe,tome_r10,batch1,3,1,106403840,110838784,4434944
SumMe/Kids_playing_in_leaves,SumMe,tome_r10,batch1,3,2,106403840,110838784,4434944
SumMe/Kids_playing_in_leaves,SumMe,tome_r10,batch1,3,3,106403840,110838784,4434944
SumMe/Kids_playing_in_leaves,SumMe,tome_r10,batch1,3,4,106403840,110838784,4434944
SumMe/Kids_playing_in_leaves,SumMe,tome_r10,batch1,3,5,106403840,110838784,4434944
SumMe/Kids_playing_in_leaves,SumMe,tome_r10,batch1,3,6,106403840,110838784,4434944
SumMe/Kids_playing_in_leaves,SumMe,tome_r10,batch1,3,7,106403840,110838784,4434944
SumMe/Kids_playing_in_leaves,SumMe,tome_r10,batch1,3,8,106403840,110838784,4434944
SumMe/Kids_playing_in_leaves,SumMe,tome_r10,batch1,3,9,106403840,110838784,4434944
SumMe/Kids_playing_in_leaves,SumMe,tome_r10,batch1,3,10,106403840,110838784,4434944
SumMe/Kids_playing_in_leaves,SumMe,tome_r10,batch1,3,11,106403840,110838784,4434944
SumMe/Kids_playing_in_leaves,SumMe,tome_r10,batch1,3,12,106403840,110838784,4434944
SumMe/Kids_playing_in_leaves,SumMe,tome_r10,batch1,3,13,106403840,110838784,4434944
SumMe/Kids_playing_in_leaves,SumMe,tome_r10,batch1,3,14,106403840,110838784,4434944
SumMe/Kids_playing_in_leaves,SumMe,tome_r10,batch1,3,15,106403840,110838784,4434944
SumMe/Kids_playing_in_leaves,SumMe,tome_r10,batch1,4,0,106403840,110838784,4434944
SumMe/Kids_playing_in_leaves,SumMe,tome_r10,batch1,4,1,106403840,110838784,4434944
SumMe/Kids_playing_in_leaves,SumMe,tome_r10,batch1,4,2,106403840,110838784,4434944
SumMe/Kids_playing_in_leaves,SumMe,tome_r10,batch1,4,3,106403840,110838784,4434944
SumMe/Kids_playing_in_leaves,SumMe,tome_r10,batch1,4,4,106403840,110838784,4434944
SumMe/Kids_playing_in_leaves,SumMe,tome_r10,batch1,4,5,106403840,110838784,4434944
SumMe/Kids_playing_in_leaves,SumMe,tome_r10,batch1,4,6,106403840,110838784,4434944
SumMe/Kids_playing_in_leaves,SumMe,tome_r10,batch1,4,7,106403840,110838784,4434944
SumMe/Kids_playing_in_leaves,SumMe,tome_r10,batch1,4,8,106403840,110838784,4434944
SumMe/Kids_playing_in_leaves,SumMe,tome_r10,batch1,4,9,106403840,110838784,4434944
SumMe/Kids_playing_in_leaves,SumMe,tome_r10,batch1,4,10,106403840,110838784,4434944
SumMe/Kids_playing_in_leaves,SumMe,tome_r10,batch1,4,11,106403840,110838784,4434944
SumMe/Kids_playing_in_leaves,SumMe,tome_r10,batch1,4,12,106403840,110838784,4434944
SumMe/Kids_playing_in_leaves,SumMe,tome_r10,batch1,4,13,106403840,110838784,4434944
SumMe/Kids_playing_in_leaves,SumMe,tome_r10,batch1,4,14,106403840,110838784,4434944
SumMe/Kids_playing_in_leaves,SumMe,tome_r10,batch1,4,15,106403840,110838784,4434944
SumMe/Kids_playing_in_leaves,SumMe,tome_r10,batch1,5,0,106403840,110838784,4434944
SumMe/Kids_playing_in_leaves,SumMe,tome_r10,batch1,5,1,106403840,110838784,4434944
SumMe/Kids_playing_in_leaves,SumMe,tome_r10,batch1,5,2,106403840,110838784,4434944
SumMe/Kids_playing_in_leaves,SumMe,tome_r10,batch1,5,3,106403840,110838784,4434944
SumMe/Kids_playing_in_leaves,SumMe,tome_r10,batch1,5,4,106403840,110838784,4434944
SumMe/Kids_playing_in_leaves,SumMe,tome_r10,batch1,5,5,106403840,110838784,4434944
SumMe/Kids_playing_in_leaves,SumMe,tome_r10,batch1,5,6,106403840,110838784,4434944
SumMe/Kids_playing_in_leaves,SumMe,tome_r10,batch1,5,7,106403840,110838784,4434944
SumMe/Kids_playing_in_leaves,SumMe,tome_r10,batch1,5,8,106403840,110838784,4434944
SumMe/Kids_playing_in_leaves,SumMe,tome_r10,batch1,5,9,106403840,110838784,4434944
SumMe/Kids_playing_in_leaves,SumMe,tome_r10,batch1,5,10,106403840,110838784,4434944
SumMe/Kids_playing_in_leaves,SumMe,tome_r10,batch1,5,11,106403840,110838784,4434944
SumMe/Kids_playing_in_leaves,SumMe,tome_r10,batch1,5,12,106403840,110838784,4434944
SumMe/Kids_playing_in_leaves,SumMe,tome_r10,batch1,5,13,106403840,110838784,4434944
SumMe/Kids_playing_in_leaves,SumMe,tome_r10,batch1,5,14,106403840,110838784,4434944
SumMe/Kids_playing_in_leaves,SumMe,tome_r10,batch1,5,15,106403840,110838784,4434944
SumMe/Kids_playing_in_leaves,SumMe,tome_r10,batch1,6,0,106403840,110838784,4434944
SumMe/Kids_playing_in_leaves,SumMe,tome_r10,batch1,6,1,106403840,110838784,4434944
SumMe/Kids_playing_in_leaves,SumMe,tome_r10,batch1,6,2,106403840,110838784,4434944
SumMe/Kids_playing_in_leaves,SumMe,tome_r10,batch1,6,3,106403840,110838784,4434944
SumMe/Kids_playing_in_leaves,SumMe,tome_r10,batch1,6,4,106403840,110838784,4434944
SumMe/Kids_playing_in_leaves,SumMe,tome_r10,batch1,6,5,106403840,110838784,4434944
SumMe/Kids_playing_in_leaves,SumMe,tome_r10,batch1,6,6,106403840,110838784,4434944
SumMe/Kids_playing_in_leaves,SumMe,tome_r10,batch1,6,7,106403840,110838784,4434944
SumMe/Kids_playing_in_leaves,SumMe,tome_r10,batch1,6,8,106403840,110838784,4434944
SumMe/Kids_playing_in_leaves,SumMe,tome_r10,batch1,6,9,106403840,110838784,4434944
SumMe/Kids_playing_in_leaves,SumMe,tome_r10,batch1,6,10,106403840,110838784,4434944
SumMe/Kids_playing_in_leaves,SumMe,tome_r10,batch1,6,11,106403840,110838784,4434944
SumMe/Kids_playing_in_leaves,SumMe,tome_r10,batch1,6,12,106403840,110838784,4434944
SumMe/Kids_playing_in_leaves,SumMe,tome_r10,batch1,6,13,106403840,110838784,4434944
SumMe/Kids_playing_in_leaves,SumMe,tome_r10,batch1,6,14,106403840,110838784,4434944
SumMe/Kids_playing_in_leaves,SumMe,tome_r10,batch1,6,15,106403840,110838784,4434944
SumMe/Kids_playing_in_leaves,SumMe,tome_r10,batch1,7,0,106403840,110838784,4434944
SumMe/Kids_playing_in_leaves,SumMe,tome_r10,batch1,7,1,106403840,110838784,4434944
SumMe/Kids_playing_in_leaves,SumMe,tome_r10,batch1,7,2,106403840,110838784,4434944
SumMe/Kids_playing_in_leaves,SumMe,tome_r10,batch1,7,3,106403840,110838784,4434944
SumMe/Kids_playing_in_leaves,SumMe,tome_r10,batch1,7,4,106403840,110838784,4434944
SumMe/Kids_playing_in_leaves,SumMe,tome_r10,batch1,7,5,106403840,110838784,4434944
SumMe/Kids_playing_in_leaves,SumMe,tome_r10,batch1,7,6,106403840,110838784,4434944
SumMe/Kids_playing_in_leaves,SumMe,tome_r10,batch1,7,7,106403840,110838784,4434944
SumMe/Kids_playing_in_leaves,SumMe,tome_r10,batch1,7,8,106403840,110838784,4434944
SumMe/Kids_playing_in_leaves,SumMe,tome_r10,batch1,7,9,106403840,110838784,4434944
SumMe/Kids_playing_in_leaves,SumMe,tome_r10,batch1,7,10,106403840,110838784,4434944
SumMe/Kids_playing_in_leaves,SumMe,tome_r10,batch1,7,11,106403840,110838784,4434944
SumMe/Kids_playing_in_leaves,SumMe,tome_r10,batch1,7,12,106403840,110838784,4434944
SumMe/Kids_playing_in_leaves,SumMe,tome_r10,batch1,7,13,106403840,110838784,4434944
SumMe/Kids_playing_in_leaves,SumMe,tome_r10,batch1,7,14,106403840,110838784,4434944
SumMe/Kids_playing_in_leaves,SumMe,tome_r10,batch1,7,15,106403840,110838784,4434944
SumMe/Kids_playing_in_leaves,SumMe,tome_r10,batch1,8,0,106403840,110838784,4434944
SumMe/Kids_playing_in_leaves,SumMe,tome_r10,batch1,8,1,106403840,110838784,4434944
SumMe/Kids_playing_in_leaves,SumMe,tome_r10,batch1,8,2,106403840,110838784,4434944
SumMe/Kids_playing_in_leaves,SumMe,tome_r10,batch1,8,3,106403840,110838784,4434944
SumMe/Kids_playing_in_leaves,SumMe,tome_r10,batch1,8,4,106403840,110838784,4434944
SumMe/Kids_playing_in_leaves,SumMe,tome_r10,batch1,8,5,106403840,110838784,4434944
SumMe/Kids_playing_in_leaves,SumMe,tome_r10,batch1,8,6,106403840,110838784,4434944
SumMe/Kids_playing_in_leaves,SumMe,tome_r10,batch1,8,7,106403840,110838784,4434944
SumMe/Kids_playing_in_leaves,SumMe,tome_r10,batch1,8,8,106403840,110838784,4434944
SumMe/Kids_playing_in_leaves,SumMe,tome_r10,batch1,8,9,106403840,110838784,4434944
SumMe/Kids_playing_in_leaves,SumMe,tome_r10,batch1,8,10,106403840,110838784,4434944
SumMe/Kids_playing_in_leaves,SumMe,tome_r10,batch1,8,11,106403840,110838784,4434944
SumMe/Kids_playing_in_leaves,SumMe,tome_r10,batch1,8,12,106403840,110838784,4434944
SumMe/Kids_playing_in_leaves,SumMe,tome_r10,batch1,8,13,106403840,110838784,4434944
SumMe/Kids_playing_in_leaves,SumMe,tome_r10,batch1,8,14,106403840,110838784,4434944
SumMe/Kids_playing_in_leaves,SumMe,tome_r10,batch1,8,15,106403840,110838784,4434944
SumMe/Kids_playing_in_leaves,SumMe,tome_r10,batch1,9,0,106403840,110838784,4434944
SumMe/Kids_playing_in_leaves,SumMe,tome_r10,batch1,9,1,106403840,110838784,4434944
SumMe/Kids_playing_in_leaves,SumMe,tome_r10,batch1,9,2,106403840,110838784,4434944
SumMe/Kids_playing_in_leaves,SumMe,tome_r10,batch1,9,3,106403840,110838784,4434944
SumMe/Kids_playing_in_leaves,SumMe,tome_r10,batch1,9,4,106403840,110838784,4434944
SumMe/Kids_playing_in_leaves,SumMe,tome_r10,batch1,9,5,106403840,110838784,4434944
SumMe/Kids_playing_in_leaves,SumMe,tome_r10,batch1,9,6,106403840,110838784,4434944
SumMe/Kids_playing_in_leaves,SumMe,tome_r10,batch1,9,7,106403840,110838784,4434944
SumMe/Kids_playing_in_leaves,SumMe,tome_r10,batch1,9,8,106403840,110838784,4434944
SumMe/Kids_playing_in_leaves,SumMe,tome_r10,batch1,9,9,106403840,110838784,4434944
SumMe/Kids_playing_in_leaves,SumMe,tome_r10,batch1,9,10,106403840,110838784,4434944
SumMe/Kids_playing_in_leaves,SumMe,tome_r10,batch1,9,11,106403840,110838784,4434944
SumMe/Kids_playing_in_leaves,SumMe,tome_r10,batch1,9,12,106403840,110838784,4434944
SumMe/Kids_playing_in_leaves,SumMe,tome_r10,batch1,9,13,106403840,110838784,4434944
SumMe/Kids_playing_in_leaves,SumMe,tome_r10,batch1,9,14,106403840,110838784,4434944
SumMe/Kids_playing_in_leaves,SumMe,tome_r10,batch1,9,15,106403840,110838784,4434944
SumMe/Kids_playing_in_leaves,SumMe,tome_r15,batch1,0,0,106403840,110775296,4371456
SumMe/Kids_playing_in_leaves,SumMe,tome_r15,batch1,0,1,106403840,110775296,4371456
SumMe/Kids_playing_in_leaves,SumMe,tome_r15,batch1,0,2,106403840,110775296,4371456
SumMe/Kids_playing_in_leaves,SumMe,tome_r15,batch1,0,3,106403840,110775296,4371456
SumMe/Kids_playing_in_leaves,SumMe,tome_r15,batch1,0,4,106403840,110775296,4371456
SumMe/Kids_playing_in_leaves,SumMe,tome_r15,batch1,0,5,106403840,110775296,4371456
SumMe/Kids_playing_in_leaves,SumMe,tome_r15,batch1,0,6,106403840,110775296,4371456
SumMe/Kids_playing_in_leaves,SumMe,tome_r15,batch1,0,7,106403840,110775296,4371456
SumMe/Kids_playing_in_leaves,SumMe,tome_r15,batch1,0,8,106403840,110775296,4371456
SumMe/Kids_playing_in_leaves,SumMe,tome_r15,batch1,0,9,106403840,110775296,4371456
SumMe/Kids_playing_in_leaves,SumMe,tome_r15,batch1,0,10,106403840,110775296,4371456
SumMe/Kids_playing_in_leaves,SumMe,tome_r15,batch1,0,11,106403840,110775296,4371456
SumMe/Kids_playing_in_leaves,SumMe,tome_r15,batch1,0,12,106403840,110775296,4371456
SumMe/Kids_playing_in_leaves,SumMe,tome_r15,batch1,0,13,106403840,110775296,4371456
SumMe/Kids_playing_in_leaves,SumMe,tome_r15,batch1,0,14,106403840,110775296,4371456
SumMe/Kids_playing_in_leaves,SumMe,tome_r15,batch1,0,15,106403840,110775296,4371456
SumMe/Kids_playing_in_leaves,SumMe,tome_r15,batch1,1,0,106403840,110775296,4371456
SumMe/Kids_playing_in_leaves,SumMe,tome_r15,batch1,1,1,106403840,110775296,4371456
SumMe/Kids_playing_in_leaves,SumMe,tome_r15,batch1,1,2,106403840,110775296,4371456
SumMe/Kids_playing_in_leaves,SumMe,tome_r15,batch1,1,3,106403840,110775296,4371456
SumMe/Kids_playing_in_leaves,SumMe,tome_r15,batch1,1,4,106403840,110775296,4371456
SumMe/Kids_playing_in_leaves,SumMe,tome_r15,batch1,1,5,106403840,110775296,4371456
SumMe/Kids_playing_in_leaves,SumMe,tome_r15,batch1,1,6,106403840,110775296,4371456
SumMe/Kids_playing_in_leaves,SumMe,tome_r15,batch1,1,7,106403840,110775296,4371456
SumMe/Kids_playing_in_leaves,SumMe,tome_r15,batch1,1,8,106403840,110775296,4371456
SumMe/Kids_playing_in_leaves,SumMe,tome_r15,batch1,1,9,106403840,110775296,4371456
SumMe/Kids_playing_in_leaves,SumMe,tome_r15,batch1,1,10,106403840,110775296,4371456
SumMe/Kids_playing_in_leaves,SumMe,tome_r15,batch1,1,11,106403840,110775296,4371456
SumMe/Kids_playing_in_leaves,SumMe,tome_r15,batch1,1,12,106403840,110775296,4371456
SumMe/Kids_playing_in_leaves,SumMe,tome_r15,batch1,1,13,106403840,110775296,4371456
SumMe/Kids_playing_in_leaves,SumMe,tome_r15,batch1,1,14,106403840,110775296,4371456
SumMe/Kids_playing_in_leaves,SumMe,tome_r15,batch1,1,15,106403840,110775296,4371456
SumMe/Kids_playing_in_leaves,SumMe,tome_r15,batch1,2,0,106403840,110775296,4371456
SumMe/Kids_playing_in_leaves,SumMe,tome_r15,batch1,2,1,106403840,110775296,4371456
SumMe/Kids_playing_in_leaves,SumMe,tome_r15,batch1,2,2,106403840,110775296,4371456
SumMe/Kids_playing_in_leaves,SumMe,tome_r15,batch1,2,3,106403840,110775296,4371456
SumMe/Kids_playing_in_leaves,SumMe,tome_r15,batch1,2,4,106403840,110775296,4371456
SumMe/Kids_playing_in_leaves,SumMe,tome_r15,batch1,2,5,106403840,110775296,4371456
SumMe/Kids_playing_in_leaves,SumMe,tome_r15,batch1,2,6,106403840,110775296,4371456
SumMe/Kids_playing_in_leaves,SumMe,tome_r15,batch1,2,7,106403840,110775296,4371456
SumMe/Kids_playing_in_leaves,SumMe,tome_r15,batch1,2,8,106403840,110775296,4371456
SumMe/Kids_playing_in_leaves,SumMe,tome_r15,batch1,2,9,106403840,110775296,4371456
SumMe/Kids_playing_in_leaves,SumMe,tome_r15,batch1,2,10,106403840,110775296,4371456
SumMe/Kids_playing_in_leaves,SumMe,tome_r15,batch1,2,11,106403840,110775296,4371456
SumMe/Kids_playing_in_leaves,SumMe,tome_r15,batch1,2,12,106403840,110775296,4371456
SumMe/Kids_playing_in_leaves,SumMe,tome_r15,batch1,2,13,106403840,110775296,4371456
SumMe/Kids_playing_in_leaves,SumMe,tome_r15,batch1,2,14,106403840,110775296,4371456
SumMe/Kids_playing_in_leaves,SumMe,tome_r15,batch1,2,15,106403840,110775296,4371456
SumMe/Kids_playing_in_leaves,SumMe,tome_r15,batch1,3,0,106403840,110775296,4371456
SumMe/Kids_playing_in_leaves,SumMe,tome_r15,batch1,3,1,106403840,110775296,4371456
SumMe/Kids_playing_in_leaves,SumMe,tome_r15,batch1,3,2,106403840,110775296,4371456
SumMe/Kids_playing_in_leaves,SumMe,tome_r15,batch1,3,3,106403840,110775296,4371456
SumMe/Kids_playing_in_leaves,SumMe,tome_r15,batch1,3,4,106403840,110775296,4371456
SumMe/Kids_playing_in_leaves,SumMe,tome_r15,batch1,3,5,106403840,110775296,4371456
SumMe/Kids_playing_in_leaves,SumMe,tome_r15,batch1,3,6,106403840,110775296,4371456
SumMe/Kids_playing_in_leaves,SumMe,tome_r15,batch1,3,7,106403840,110775296,4371456
SumMe/Kids_playing_in_leaves,SumMe,tome_r15,batch1,3,8,106403840,110775296,4371456
SumMe/Kids_playing_in_leaves,SumMe,tome_r15,batch1,3,9,106403840,110775296,4371456
SumMe/Kids_playing_in_leaves,SumMe,tome_r15,batch1,3,10,106403840,110775296,4371456
SumMe/Kids_playing_in_leaves,SumMe,tome_r15,batch1,3,11,106403840,110775296,4371456
SumMe/Kids_playing_in_leaves,SumMe,tome_r15,batch1,3,12,106403840,110775296,4371456
SumMe/Kids_playing_in_leaves,SumMe,tome_r15,batch1,3,13,106403840,110775296,4371456
SumMe/Kids_playing_in_leaves,SumMe,tome_r15,batch1,3,14,106403840,110775296,4371456
SumMe/Kids_playing_in_leaves,SumMe,tome_r15,batch1,3,15,106403840,110775296,4371456
SumMe/Kids_playing_in_leaves,SumMe,tome_r15,batch1,4,0,106403840,110775296,4371456
SumMe/Kids_playing_in_leaves,SumMe,tome_r15,batch1,4,1,106403840,110775296,4371456
SumMe/Kids_playing_in_leaves,SumMe,tome_r15,batch1,4,2,106403840,110775296,4371456
SumMe/Kids_playing_in_leaves,SumMe,tome_r15,batch1,4,3,106403840,110775296,4371456
SumMe/Kids_playing_in_leaves,SumMe,tome_r15,batch1,4,4,106403840,110775296,4371456
SumMe/Kids_playing_in_leaves,SumMe,tome_r15,batch1,4,5,106403840,110775296,4371456
SumMe/Kids_playing_in_leaves,SumMe,tome_r15,batch1,4,6,106403840,110775296,4371456
SumMe/Kids_playing_in_leaves,SumMe,tome_r15,batch1,4,7,106403840,110775296,4371456
SumMe/Kids_playing_in_leaves,SumMe,tome_r15,batch1,4,8,106403840,110775296,4371456
SumMe/Kids_playing_in_leaves,SumMe,tome_r15,batch1,4,9,106403840,110775296,4371456
SumMe/Kids_playing_in_leaves,SumMe,tome_r15,batch1,4,10,106403840,110775296,4371456
SumMe/Kids_playing_in_leaves,SumMe,tome_r15,batch1,4,11,106403840,110775296,4371456
SumMe/Kids_playing_in_leaves,SumMe,tome_r15,batch1,4,12,106403840,110775296,4371456
SumMe/Kids_playing_in_leaves,SumMe,tome_r15,batch1,4,13,106403840,110775296,4371456
SumMe/Kids_playing_in_leaves,SumMe,tome_r15,batch1,4,14,106403840,110775296,4371456
SumMe/Kids_playing_in_leaves,SumMe,tome_r15,batch1,4,15,106403840,110775296,4371456
SumMe/Kids_playing_in_leaves,SumMe,tome_r15,batch1,5,0,106403840,110775296,4371456
SumMe/Kids_playing_in_leaves,SumMe,tome_r15,batch1,5,1,106403840,110775296,4371456
SumMe/Kids_playing_in_leaves,SumMe,tome_r15,batch1,5,2,106403840,110775296,4371456
SumMe/Kids_playing_in_leaves,SumMe,tome_r15,batch1,5,3,106403840,110775296,4371456
SumMe/Kids_playing_in_leaves,SumMe,tome_r15,batch1,5,4,106403840,110775296,4371456
SumMe/Kids_playing_in_leaves,SumMe,tome_r15,batch1,5,5,106403840,110775296,4371456
SumMe/Kids_playing_in_leaves,SumMe,tome_r15,batch1,5,6,106403840,110775296,4371456
SumMe/Kids_playing_in_leaves,SumMe,tome_r15,batch1,5,7,106403840,110775296,4371456
SumMe/Kids_playing_in_leaves,SumMe,tome_r15,batch1,5,8,106403840,110775296,4371456
SumMe/Kids_playing_in_leaves,SumMe,tome_r15,batch1,5,9,106403840,110775296,4371456
SumMe/Kids_playing_in_leaves,SumMe,tome_r15,batch1,5,10,106403840,110775296,4371456
SumMe/Kids_playing_in_leaves,SumMe,tome_r15,batch1,5,11,106403840,110775296,4371456
SumMe/Kids_playing_in_leaves,SumMe,tome_r15,batch1,5,12,106403840,110775296,4371456
SumMe/Kids_playing_in_leaves,SumMe,tome_r15,batch1,5,13,106403840,110775296,4371456
SumMe/Kids_playing_in_leaves,SumMe,tome_r15,batch1,5,14,106403840,110775296,4371456
SumMe/Kids_playing_in_leaves,SumMe,tome_r15,batch1,5,15,106403840,110775296,4371456
SumMe/Kids_playing_in_leaves,SumMe,tome_r15,batch1,6,0,106403840,110775296,4371456
SumMe/Kids_playing_in_leaves,SumMe,tome_r15,batch1,6,1,106403840,110775296,4371456
SumMe/Kids_playing_in_leaves,SumMe,tome_r15,batch1,6,2,106403840,110775296,4371456
SumMe/Kids_playing_in_leaves,SumMe,tome_r15,batch1,6,3,106403840,110775296,4371456
SumMe/Kids_playing_in_leaves,SumMe,tome_r15,batch1,6,4,106403840,110775296,4371456
SumMe/Kids_playing_in_leaves,SumMe,tome_r15,batch1,6,5,106403840,110775296,4371456
SumMe/Kids_playing_in_leaves,SumMe,tome_r15,batch1,6,6,106403840,110775296,4371456
SumMe/Kids_playing_in_leaves,SumMe,tome_r15,batch1,6,7,106403840,110775296,4371456
SumMe/Kids_playing_in_leaves,SumMe,tome_r15,batch1,6,8,106403840,110775296,4371456
SumMe/Kids_playing_in_leaves,SumMe,tome_r15,batch1,6,9,106403840,110775296,4371456
SumMe/Kids_playing_in_leaves,SumMe,tome_r15,batch1,6,10,106403840,110775296,4371456
SumMe/Kids_playing_in_leaves,SumMe,tome_r15,batch1,6,11,106403840,110775296,4371456
SumMe/Kids_playing_in_leaves,SumMe,tome_r15,batch1,6,12,106403840,110775296,4371456
SumMe/Kids_playing_in_leaves,SumMe,tome_r15,batch1,6,13,106403840,110775296,4371456
SumMe/Kids_playing_in_leaves,SumMe,tome_r15,batch1,6,14,106403840,110775296,4371456
SumMe/Kids_playing_in_leaves,SumMe,tome_r15,batch1,6,15,106403840,110775296,4371456
SumMe/Kids_playing_in_leaves,SumMe,tome_r15,batch1,7,0,106403840,110775296,4371456
SumMe/Kids_playing_in_leaves,SumMe,tome_r15,batch1,7,1,106403840,110775296,4371456
SumMe/Kids_playing_in_leaves,SumMe,tome_r15,batch1,7,2,106403840,110775296,4371456
SumMe/Kids_playing_in_leaves,SumMe,tome_r15,batch1,7,3,106403840,110775296,4371456
SumMe/Kids_playing_in_leaves,SumMe,tome_r15,batch1,7,4,106403840,110775296,4371456
SumMe/Kids_playing_in_leaves,SumMe,tome_r15,batch1,7,5,106403840,110775296,4371456
SumMe/Kids_playing_in_leaves,SumMe,tome_r15,batch1,7,6,106403840,110775296,4371456
SumMe/Kids_playing_in_leaves,SumMe,tome_r15,batch1,7,7,106403840,110775296,4371456
SumMe/Kids_playing_in_leaves,SumMe,tome_r15,batch1,7,8,106403840,110775296,4371456
SumMe/Kids_playing_in_leaves,SumMe,tome_r15,batch1,7,9,106403840,110775296,4371456
SumMe/Kids_playing_in_leaves,SumMe,tome_r15,batch1,7,10,106403840,110775296,4371456
SumMe/Kids_playing_in_leaves,SumMe,tome_r15,batch1,7,11,106403840,110775296,4371456
SumMe/Kids_playing_in_leaves,SumMe,tome_r15,batch1,7,12,106403840,110775296,4371456
SumMe/Kids_playing_in_leaves,SumMe,tome_r15,batch1,7,13,106403840,110775296,4371456
SumMe/Kids_playing_in_leaves,SumMe,tome_r15,batch1,7,14,106403840,110775296,4371456
SumMe/Kids_playing_in_leaves,SumMe,tome_r15,batch1,7,15,106403840,110775296,4371456
SumMe/Kids_playing_in_leaves,SumMe,tome_r15,batch1,8,0,106403840,110775296,4371456
SumMe/Kids_playing_in_leaves,SumMe,tome_r15,batch1,8,1,106403840,110775296,4371456
SumMe/Kids_playing_in_leaves,SumMe,tome_r15,batch1,8,2,106403840,110775296,4371456
SumMe/Kids_playing_in_leaves,SumMe,tome_r15,batch1,8,3,106403840,110775296,4371456
SumMe/Kids_playing_in_leaves,SumMe,tome_r15,batch1,8,4,106403840,110775296,4371456
SumMe/Kids_playing_in_leaves,SumMe,tome_r15,batch1,8,5,106403840,110775296,4371456
SumMe/Kids_playing_in_leaves,SumMe,tome_r15,batch1,8,6,106403840,110775296,4371456
SumMe/Kids_playing_in_leaves,SumMe,tome_r15,batch1,8,7,106403840,110775296,4371456
SumMe/Kids_playing_in_leaves,SumMe,tome_r15,batch1,8,8,106403840,110775296,4371456
SumMe/Kids_playing_in_leaves,SumMe,tome_r15,batch1,8,9,106403840,110775296,4371456
SumMe/Kids_playing_in_leaves,SumMe,tome_r15,batch1,8,10,106403840,110775296,4371456
SumMe/Kids_playing_in_leaves,SumMe,tome_r15,batch1,8,11,106403840,110775296,4371456
SumMe/Kids_playing_in_leaves,SumMe,tome_r15,batch1,8,12,106403840,110775296,4371456
SumMe/Kids_playing_in_leaves,SumMe,tome_r15,batch1,8,13,106403840,110775296,4371456
SumMe/Kids_playing_in_leaves,SumMe,tome_r15,batch1,8,14,106403840,110775296,4371456
SumMe/Kids_playing_in_leaves,SumMe,tome_r15,batch1,8,15,106403840,110775296,4371456
SumMe/Kids_playing_in_leaves,SumMe,tome_r15,batch1,9,0,106403840,110775296,4371456
SumMe/Kids_playing_in_leaves,SumMe,tome_r15,batch1,9,1,106403840,110775296,4371456
SumMe/Kids_playing_in_leaves,SumMe,tome_r15,batch1,9,2,106403840,110775296,4371456
SumMe/Kids_playing_in_leaves,SumMe,tome_r15,batch1,9,3,106403840,110775296,4371456
SumMe/Kids_playing_in_leaves,SumMe,tome_r15,batch1,9,4,106403840,110775296,4371456
SumMe/Kids_playing_in_leaves,SumMe,tome_r15,batch1,9,5,106403840,110775296,4371456
SumMe/Kids_playing_in_leaves,SumMe,tome_r15,batch1,9,6,106403840,110775296,4371456
SumMe/Kids_playing_in_leaves,SumMe,tome_r15,batch1,9,7,106403840,110775296,4371456
SumMe/Kids_playing_in_leaves,SumMe,tome_r15,batch1,9,8,106403840,110775296,4371456
SumMe/Kids_playing_in_leaves,SumMe,tome_r15,batch1,9,9,106403840,110775296,4371456
SumMe/Kids_playing_in_leaves,SumMe,tome_r15,batch1,9,10,106403840,110775296,4371456
SumMe/Kids_playing_in_leaves,SumMe,tome_r15,batch1,9,11,106403840,110775296,4371456
SumMe/Kids_playing_in_leaves,SumMe,tome_r15,batch1,9,12,106403840,110775296,4371456
SumMe/Kids_playing_in_leaves,SumMe,tome_r15,batch1,9,13,106403840,110775296,4371456
SumMe/Kids_playing_in_leaves,SumMe,tome_r15,batch1,9,14,106403840,110775296,4371456
SumMe/Kids_playing_in_leaves,SumMe,tome_r15,batch1,9,15,106403840,110775296,4371456
SumMe/Kids_playing_in_leaves,SumMe,spatial_block_r15,batch1,0,0,106403840,111218688,4814848
SumMe/Kids_playing_in_leaves,SumMe,spatial_block_r15,batch1,0,1,106403840,111218688,4814848
SumMe/Kids_playing_in_leaves,SumMe,spatial_block_r15,batch1,0,2,106403840,111218688,4814848
SumMe/Kids_playing_in_leaves,SumMe,spatial_block_r15,batch1,0,3,106403840,111218688,4814848
SumMe/Kids_playing_in_leaves,SumMe,spatial_block_r15,batch1,0,4,106403840,111218688,4814848
SumMe/Kids_playing_in_leaves,SumMe,spatial_block_r15,batch1,0,5,106403840,111218688,4814848
SumMe/Kids_playing_in_leaves,SumMe,spatial_block_r15,batch1,0,6,106403840,111218688,4814848
SumMe/Kids_playing_in_leaves,SumMe,spatial_block_r15,batch1,0,7,106403840,111218688,4814848
SumMe/Kids_playing_in_leaves,SumMe,spatial_block_r15,batch1,0,8,106403840,111218688,4814848
SumMe/Kids_playing_in_leaves,SumMe,spatial_block_r15,batch1,0,9,106403840,111218688,4814848
SumMe/Kids_playing_in_leaves,SumMe,spatial_block_r15,batch1,0,10,106403840,111218688,4814848
SumMe/Kids_playing_in_leaves,SumMe,spatial_block_r15,batch1,0,11,106403840,111218688,4814848
SumMe/Kids_playing_in_leaves,SumMe,spatial_block_r15,batch1,0,12,106403840,111218688,4814848
SumMe/Kids_playing_in_leaves,SumMe,spatial_block_r15,batch1,0,13,106403840,111218688,4814848
SumMe/Kids_playing_in_leaves,SumMe,spatial_block_r15,batch1,0,14,106403840,111218688,4814848
SumMe/Kids_playing_in_leaves,SumMe,spatial_block_r15,batch1,0,15,106403840,111218688,4814848
SumMe/Kids_playing_in_leaves,SumMe,spatial_block_r15,batch1,1,0,106403840,111218688,4814848
SumMe/Kids_playing_in_leaves,SumMe,spatial_block_r15,batch1,1,1,106403840,111218688,4814848
SumMe/Kids_playing_in_leaves,SumMe,spatial_block_r15,batch1,1,2,106403840,111218688,4814848
SumMe/Kids_playing_in_leaves,SumMe,spatial_block_r15,batch1,1,3,106403840,111218688,4814848
SumMe/Kids_playing_in_leaves,SumMe,spatial_block_r15,batch1,1,4,106403840,111218688,4814848
SumMe/Kids_playing_in_leaves,SumMe,spatial_block_r15,batch1,1,5,106403840,111218688,4814848
SumMe/Kids_playing_in_leaves,SumMe,spatial_block_r15,batch1,1,6,106403840,111218688,4814848
SumMe/Kids_playing_in_leaves,SumMe,spatial_block_r15,batch1,1,7,106403840,111218688,4814848
SumMe/Kids_playing_in_leaves,SumMe,spatial_block_r15,batch1,1,8,106403840,111218688,4814848
SumMe/Kids_playing_in_leaves,SumMe,spatial_block_r15,batch1,1,9,106403840,111218688,4814848
SumMe/Kids_playing_in_leaves,SumMe,spatial_block_r15,batch1,1,10,106403840,111218688,4814848
SumMe/Kids_playing_in_leaves,SumMe,spatial_block_r15,batch1,1,11,106403840,111218688,4814848
SumMe/Kids_playing_in_leaves,SumMe,spatial_block_r15,batch1,1,12,106403840,111218688,4814848
SumMe/Kids_playing_in_leaves,SumMe,spatial_block_r15,batch1,1,13,106403840,111218688,4814848
SumMe/Kids_playing_in_leaves,SumMe,spatial_block_r15,batch1,1,14,106403840,111218688,4814848
SumMe/Kids_playing_in_leaves,SumMe,spatial_block_r15,batch1,1,15,106403840,111218688,4814848
SumMe/Kids_playing_in_leaves,SumMe,spatial_block_r15,batch1,2,0,106403840,111218688,4814848
SumMe/Kids_playing_in_leaves,SumMe,spatial_block_r15,batch1,2,1,106403840,111218688,4814848
SumMe/Kids_playing_in_leaves,SumMe,spatial_block_r15,batch1,2,2,106403840,111218688,4814848
SumMe/Kids_playing_in_leaves,SumMe,spatial_block_r15,batch1,2,3,106403840,111218688,4814848
SumMe/Kids_playing_in_leaves,SumMe,spatial_block_r15,batch1,2,4,106403840,111218688,4814848
SumMe/Kids_playing_in_leaves,SumMe,spatial_block_r15,batch1,2,5,106403840,111218688,4814848
SumMe/Kids_playing_in_leaves,SumMe,spatial_block_r15,batch1,2,6,106403840,111218688,4814848
SumMe/Kids_playing_in_leaves,SumMe,spatial_block_r15,batch1,2,7,106403840,111218688,4814848
SumMe/Kids_playing_in_leaves,SumMe,spatial_block_r15,batch1,2,8,106403840,111218688,4814848
SumMe/Kids_playing_in_leaves,SumMe,spatial_block_r15,batch1,2,9,106403840,111218688,4814848
SumMe/Kids_playing_in_leaves,SumMe,spatial_block_r15,batch1,2,10,106403840,111218688,4814848
SumMe/Kids_playing_in_leaves,SumMe,spatial_block_r15,batch1,2,11,106403840,111218688,4814848
SumMe/Kids_playing_in_leaves,SumMe,spatial_block_r15,batch1,2,12,106403840,111218688,4814848
SumMe/Kids_playing_in_leaves,SumMe,spatial_block_r15,batch1,2,13,106403840,111218688,4814848
SumMe/Kids_playing_in_leaves,SumMe,spatial_block_r15,batch1,2,14,106403840,111218688,4814848
SumMe/Kids_playing_in_leaves,SumMe,spatial_block_r15,batch1,2,15,106403840,111218688,4814848
SumMe/Kids_playing_in_leaves,SumMe,spatial_block_r15,batch1,3,0,106403840,111218688,4814848
SumMe/Kids_playing_in_leaves,SumMe,spatial_block_r15,batch1,3,1,106403840,111218688,4814848
SumMe/Kids_playing_in_leaves,SumMe,spatial_block_r15,batch1,3,2,106403840,111218688,4814848
SumMe/Kids_playing_in_leaves,SumMe,spatial_block_r15,batch1,3,3,106403840,111218688,4814848
SumMe/Kids_playing_in_leaves,SumMe,spatial_block_r15,batch1,3,4,106403840,111218688,4814848
SumMe/Kids_playing_in_leaves,SumMe,spatial_block_r15,batch1,3,5,106403840,111218688,4814848
SumMe/Kids_playing_in_leaves,SumMe,spatial_block_r15,batch1,3,6,106403840,111218688,4814848
SumMe/Kids_playing_in_leaves,SumMe,spatial_block_r15,batch1,3,7,106403840,111218688,4814848
SumMe/Kids_playing_in_leaves,SumMe,spatial_block_r15,batch1,3,8,106403840,111218688,4814848
SumMe/Kids_playing_in_leaves,SumMe,spatial_block_r15,batch1,3,9,106403840,111218688,4814848
SumMe/Kids_playing_in_leaves,SumMe,spatial_block_r15,batch1,3,10,106403840,111218688,4814848
SumMe/Kids_playing_in_leaves,SumMe,spatial_block_r15,batch1,3,11,106403840,111218688,4814848
SumMe/Kids_playing_in_leaves,SumMe,spatial_block_r15,batch1,3,12,106403840,111218688,4814848
SumMe/Kids_playing_in_leaves,SumMe,spatial_block_r15,batch1,3,13,106403840,111218688,4814848
SumMe/Kids_playing_in_leaves,SumMe,spatial_block_r15,batch1,3,14,106403840,111218688,4814848
SumMe/Kids_playing_in_leaves,SumMe,spatial_block_r15,batch1,3,15,106403840,111218688,4814848
SumMe/Kids_playing_in_leaves,SumMe,spatial_block_r15,batch1,4,0,106403840,111218688,4814848
SumMe/Kids_playing_in_leaves,SumMe,spatial_block_r15,batch1,4,1,106403840,111218688,4814848
SumMe/Kids_playing_in_leaves,SumMe,spatial_block_r15,batch1,4,2,106403840,111218688,4814848
SumMe/Kids_playing_in_leaves,SumMe,spatial_block_r15,batch1,4,3,106403840,111218688,4814848
SumMe/Kids_playing_in_leaves,SumMe,spatial_block_r15,batch1,4,4,106403840,111218688,4814848
SumMe/Kids_playing_in_leaves,SumMe,spatial_block_r15,batch1,4,5,106403840,111218688,4814848
SumMe/Kids_playing_in_leaves,SumMe,spatial_block_r15,batch1,4,6,106403840,111218688,4814848
SumMe/Kids_playing_in_leaves,SumMe,spatial_block_r15,batch1,4,7,106403840,111218688,4814848
SumMe/Kids_playing_in_leaves,SumMe,spatial_block_r15,batch1,4,8,106403840,111218688,4814848
SumMe/Kids_playing_in_leaves,SumMe,spatial_block_r15,batch1,4,9,106403840,111218688,4814848
SumMe/Kids_playing_in_leaves,SumMe,spatial_block_r15,batch1,4,10,106403840,111218688,4814848
SumMe/Kids_playing_in_leaves,SumMe,spatial_block_r15,batch1,4,11,106403840,111218688,4814848
SumMe/Kids_playing_in_leaves,SumMe,spatial_block_r15,batch1,4,12,106403840,111218688,4814848
SumMe/Kids_playing_in_leaves,SumMe,spatial_block_r15,batch1,4,13,106403840,111218688,4814848
SumMe/Kids_playing_in_leaves,SumMe,spatial_block_r15,batch1,4,14,106403840,111218688,4814848
SumMe/Kids_playing_in_leaves,SumMe,spatial_block_r15,batch1,4,15,106403840,111218688,4814848
SumMe/Kids_playing_in_leaves,SumMe,spatial_block_r15,batch1,5,0,106403840,111218688,4814848
SumMe/Kids_playing_in_leaves,SumMe,spatial_block_r15,batch1,5,1,106403840,111218688,4814848
SumMe/Kids_playing_in_leaves,SumMe,spatial_block_r15,batch1,5,2,106403840,111218688,4814848
SumMe/Kids_playing_in_leaves,SumMe,spatial_block_r15,batch1,5,3,106403840,111218688,4814848
SumMe/Kids_playing_in_leaves,SumMe,spatial_block_r15,batch1,5,4,106403840,111218688,4814848
SumMe/Kids_playing_in_leaves,SumMe,spatial_block_r15,batch1,5,5,106403840,111218688,4814848
SumMe/Kids_playing_in_leaves,SumMe,spatial_block_r15,batch1,5,6,106403840,111218688,4814848
SumMe/Kids_playing_in_leaves,SumMe,spatial_block_r15,batch1,5,7,106403840,111218688,4814848
SumMe/Kids_playing_in_leaves,SumMe,spatial_block_r15,batch1,5,8,106403840,111218688,4814848
SumMe/Kids_playing_in_leaves,SumMe,spatial_block_r15,batch1,5,9,106403840,111218688,4814848
SumMe/Kids_playing_in_leaves,SumMe,spatial_block_r15,batch1,5,10,106403840,111218688,4814848
SumMe/Kids_playing_in_leaves,SumMe,spatial_block_r15,batch1,5,11,106403840,111218688,4814848
SumMe/Kids_playing_in_leaves,SumMe,spatial_block_r15,batch1,5,12,106403840,111218688,4814848
SumMe/Kids_playing_in_leaves,SumMe,spatial_block_r15,batch1,5,13,106403840,111218688,4814848
SumMe/Kids_playing_in_leaves,SumMe,spatial_block_r15,batch1,5,14,106403840,111218688,4814848
SumMe/Kids_playing_in_leaves,SumMe,spatial_block_r15,batch1,5,15,106403840,111218688,4814848
SumMe/Kids_playing_in_leaves,SumMe,spatial_block_r15,batch1,6,0,106403840,111218688,4814848
SumMe/Kids_playing_in_leaves,SumMe,spatial_block_r15,batch1,6,1,106403840,111218688,4814848
SumMe/Kids_playing_in_leaves,SumMe,spatial_block_r15,batch1,6,2,106403840,111218688,4814848
SumMe/Kids_playing_in_leaves,SumMe,spatial_block_r15,batch1,6,3,106403840,111218688,4814848
SumMe/Kids_playing_in_leaves,SumMe,spatial_block_r15,batch1,6,4,106403840,111218688,4814848
SumMe/Kids_playing_in_leaves,SumMe,spatial_block_r15,batch1,6,5,106403840,111218688,4814848
SumMe/Kids_playing_in_leaves,SumMe,spatial_block_r15,batch1,6,6,106403840,111218688,4814848
SumMe/Kids_playing_in_leaves,SumMe,spatial_block_r15,batch1,6,7,106403840,111218688,4814848
SumMe/Kids_playing_in_leaves,SumMe,spatial_block_r15,batch1,6,8,106403840,111218688,4814848
SumMe/Kids_playing_in_leaves,SumMe,spatial_block_r15,batch1,6,9,106403840,111218688,4814848
SumMe/Kids_playing_in_leaves,SumMe,spatial_block_r15,batch1,6,10,106403840,111218688,4814848
SumMe/Kids_playing_in_leaves,SumMe,spatial_block_r15,batch1,6,11,106403840,111218688,4814848
SumMe/Kids_playing_in_leaves,SumMe,spatial_block_r15,batch1,6,12,106403840,111218688,4814848
SumMe/Kids_playing_in_leaves,SumMe,spatial_block_r15,batch1,6,13,106403840,111218688,4814848
SumMe/Kids_playing_in_leaves,SumMe,spatial_block_r15,batch1,6,14,106403840,111218688,4814848
SumMe/Kids_playing_in_leaves,SumMe,spatial_block_r15,batch1,6,15,106403840,111218688,4814848
SumMe/Kids_playing_in_leaves,SumMe,spatial_block_r15,batch1,7,0,106403840,111218688,4814848
SumMe/Kids_playing_in_leaves,SumMe,spatial_block_r15,batch1,7,1,106403840,111218688,4814848
SumMe/Kids_playing_in_leaves,SumMe,spatial_block_r15,batch1,7,2,106403840,111218688,4814848
SumMe/Kids_playing_in_leaves,SumMe,spatial_block_r15,batch1,7,3,106403840,111218688,4814848
SumMe/Kids_playing_in_leaves,SumMe,spatial_block_r15,batch1,7,4,106403840,111218688,4814848
SumMe/Kids_playing_in_leaves,SumMe,spatial_block_r15,batch1,7,5,106403840,111218688,4814848
SumMe/Kids_playing_in_leaves,SumMe,spatial_block_r15,batch1,7,6,106403840,111218688,4814848
SumMe/Kids_playing_in_leaves,SumMe,spatial_block_r15,batch1,7,7,106403840,111218688,4814848
SumMe/Kids_playing_in_leaves,SumMe,spatial_block_r15,batch1,7,8,106403840,111218688,4814848
SumMe/Kids_playing_in_leaves,SumMe,spatial_block_r15,batch1,7,9,106403840,111218688,4814848
SumMe/Kids_playing_in_leaves,SumMe,spatial_block_r15,batch1,7,10,106403840,111218688,4814848
SumMe/Kids_playing_in_leaves,SumMe,spatial_block_r15,batch1,7,11,106403840,111218688,4814848
SumMe/Kids_playing_in_leaves,SumMe,spatial_block_r15,batch1,7,12,106403840,111218688,4814848
SumMe/Kids_playing_in_leaves,SumMe,spatial_block_r15,batch1,7,13,106403840,111218688,4814848
SumMe/Kids_playing_in_leaves,SumMe,spatial_block_r15,batch1,7,14,106403840,111218688,4814848
SumMe/Kids_playing_in_leaves,SumMe,spatial_block_r15,batch1,7,15,106403840,111218688,4814848
SumMe/Kids_playing_in_leaves,SumMe,spatial_block_r15,batch1,8,0,106403840,111218688,4814848
SumMe/Kids_playing_in_leaves,SumMe,spatial_block_r15,batch1,8,1,106403840,111218688,4814848
SumMe/Kids_playing_in_leaves,SumMe,spatial_block_r15,batch1,8,2,106403840,111218688,4814848
SumMe/Kids_playing_in_leaves,SumMe,spatial_block_r15,batch1,8,3,106403840,111218688,4814848
SumMe/Kids_playing_in_leaves,SumMe,spatial_block_r15,batch1,8,4,106403840,111218688,4814848
SumMe/Kids_playing_in_leaves,SumMe,spatial_block_r15,batch1,8,5,106403840,111218688,4814848
SumMe/Kids_playing_in_leaves,SumMe,spatial_block_r15,batch1,8,6,106403840,111218688,4814848
SumMe/Kids_playing_in_leaves,SumMe,spatial_block_r15,batch1,8,7,106403840,111218688,4814848
SumMe/Kids_playing_in_leaves,SumMe,spatial_block_r15,batch1,8,8,106403840,111218688,4814848
SumMe/Kids_playing_in_leaves,SumMe,spatial_block_r15,batch1,8,9,106403840,111218688,4814848
SumMe/Kids_playing_in_leaves,SumMe,spatial_block_r15,batch1,8,10,106403840,111218688,4814848
SumMe/Kids_playing_in_leaves,SumMe,spatial_block_r15,batch1,8,11,106403840,111218688,4814848
SumMe/Kids_playing_in_leaves,SumMe,spatial_block_r15,batch1,8,12,106403840,111218688,4814848
SumMe/Kids_playing_in_leaves,SumMe,spatial_block_r15,batch1,8,13,106403840,111218688,4814848
SumMe/Kids_playing_in_leaves,SumMe,spatial_block_r15,batch1,8,14,106403840,111218688,4814848
SumMe/Kids_playing_in_leaves,SumMe,spatial_block_r15,batch1,8,15,106403840,111218688,4814848
SumMe/Kids_playing_in_leaves,SumMe,spatial_block_r15,batch1,9,0,106403840,111218688,4814848
SumMe/Kids_playing_in_leaves,SumMe,spatial_block_r15,batch1,9,1,106403840,111218688,4814848
SumMe/Kids_playing_in_leaves,SumMe,spatial_block_r15,batch1,9,2,106403840,111218688,4814848
SumMe/Kids_playing_in_leaves,SumMe,spatial_block_r15,batch1,9,3,106403840,111218688,4814848
SumMe/Kids_playing_in_leaves,SumMe,spatial_block_r15,batch1,9,4,106403840,111218688,4814848
SumMe/Kids_playing_in_leaves,SumMe,spatial_block_r15,batch1,9,5,106403840,111218688,4814848
SumMe/Kids_playing_in_leaves,SumMe,spatial_block_r15,batch1,9,6,106403840,111218688,4814848
SumMe/Kids_playing_in_leaves,SumMe,spatial_block_r15,batch1,9,7,106403840,111218688,4814848
SumMe/Kids_playing_in_leaves,SumMe,spatial_block_r15,batch1,9,8,106403840,111218688,4814848
SumMe/Kids_playing_in_leaves,SumMe,spatial_block_r15,batch1,9,9,106403840,111218688,4814848
SumMe/Kids_playing_in_leaves,SumMe,spatial_block_r15,batch1,9,10,106403840,111218688,4814848
SumMe/Kids_playing_in_leaves,SumMe,spatial_block_r15,batch1,9,11,106403840,111218688,4814848
SumMe/Kids_playing_in_leaves,SumMe,spatial_block_r15,batch1,9,12,106403840,111218688,4814848
SumMe/Kids_playing_in_leaves,SumMe,spatial_block_r15,batch1,9,13,106403840,111218688,4814848
SumMe/Kids_playing_in_leaves,SumMe,spatial_block_r15,batch1,9,14,106403840,111218688,4814848
SumMe/Kids_playing_in_leaves,SumMe,spatial_block_r15,batch1,9,15,106403840,111218688,4814848
