policy,question_id,qa_key,video_key,process_warmup_state,video_frame_cache_state,decoder_actions_mean,valid_patches_mean,padded_slots_mean,expanded_context_length,expanded_visual_tokens,context_truncated,autogaze_total_seconds,cuda_peak_memory_allocated_bytes,decode_seconds,generation_total_seconds,language_prefill_and_decode_seconds,nvila_vision_encoder_projector_calls,nvila_vision_encoder_projector_seconds,processor_seconds,selector_seconds
pretrained_exact_k16,0,0e099996e3ef2d3f487cd75b0ba8b2d38e07c1b8bc5572ba18cf611f65b30c5c,a2864c179abb7936698a6c8f4a926005d552611319e6ae1ad7ba4afb1bd553c7,cold,not_applicable_frames_redecoded_each_question,16.0,64.0,64.0,48478,48384,False,30.31784938403871,34389581312,14.063549523998518,24.61214765900513,13.004335821984569,1,11.607811837020563,151.54763973600348,23.187977320019854
pretrained_exact_k16,1,e681bfc50c80d14c17b55aa8f718453f4844b53f92b147911a7b0c75355fe589,a2864c179abb7936698a6c8f4a926005d552611319e6ae1ad7ba4afb1bd553c7,cold,not_applicable_frames_redecoded_each_question,16.0,64.0,64.0,48466,48384,False,30.447405483108014,34385081344,13.993978951999452,24.655781162990024,13.024852196977008,1,11.630928966013016,149.9168189970078,23.28372748105903
pretrained_exact_k16,2,637438265b9ba81f72f63db70dc92acdaa20e8ade135794832ecef900f0e25c8,a2864c179abb7936698a6c8f4a926005d552611319e6ae1ad7ba4afb1bd553c7,warm,not_applicable_frames_redecoded_each_question,16.0,64.0,64.0,48460,48384,False,29.472350619878853,34383219712,13.753725343005499,24.27055451401975,12.722113680007169,1,11.548440834012581,151.4458674089983,22.74128718994325
pretrained_exact_k16,3,e67f273fd9063dc16bb68f8e3df5ca118f580ac50362d829022faf1602c652d3,a2864c179abb7936698a6c8f4a926005d552611319e6ae1ad7ba4afb1bd553c7,warm,not_applicable_frames_redecoded_each_question,16.0,64.0,64.0,48458,48384,False,29.895921616000123,34382469632,13.52665481501026,24.053644781000912,12.692342604015721,1,11.361302176985191,150.1693548479816,23.112471170024946
pretrained_exact_k16,4,28622c9f5f9001ed7f538aac64ced8b27cfbb16716e3b640c1607e5ae1ad02f3,a2864c179abb7936698a6c8f4a926005d552611319e6ae1ad7ba4afb1bd553c7,warm,not_applicable_frames_redecoded_each_question,16.0,64.0,64.0,48455,48384,False,30.245784437051043,34381344768,13.655945134989452,24.197634612006368,12.693683744990267,1,11.503950867016101,152.13097906499752,23.453991906018928
pretrained_exact_k16,5,5cce9b886c576be946cfa42824d5e6f9845a63f919a9057a9877d2c181e3ad6f,99e01e02f6fc06afa18624730cec5448911ba45f1c39d39726f8cbe3db973931,warm,not_applicable_frames_redecoded_each_question,16.0,64.0,64.0,48463,48384,False,29.877687974076252,34384344576,14.154918733984232,24.180339972983347,12.723174913000548,1,11.457165059982799,148.87588294001762,23.119582285988145
pretrained_exact_k16,6,674111ef779578e9018c1cdd117810467e76954adea5a6bc61b5fcd7426b3efd,99e01e02f6fc06afa18624730cec5448911ba45f1c39d39726f8cbe3db973931,warm,not_applicable_frames_redecoded_each_question,16.0,64.0,64.0,48456,48384,False,29.845638598053483,34381719552,14.019344113999978,24.28660203301115,12.706819379003718,1,11.579782654007431,150.3220706889988,23.0778963821067
pretrained_exact_k16,7,5c0e61ce0fa643af39fdfe3e96c41b98bd810326e5d395c40fdf94db8ba19579,99e01e02f6fc06afa18624730cec5448911ba45f1c39d39726f8cbe3db973931,warm,not_applicable_frames_redecoded_each_question,16.0,64.0,64.0,48463,48384,False,29.721415517968126,34384344576,13.973316943011014,24.178194417996565,12.691299561993219,1,11.486894856003346,149.9033276560076,22.972297177038854
pretrained_exact_k16,8,27a633626b123d9254aa7982a82283cf28a68a10373e8ce2e205edd1851f0cb4,e36d433fc97ab76e1841cf5be02a0d03d765cf572cd96939e7dfcea7b284e373,warm,not_applicable_frames_redecoded_each_question,16.0,64.0,64.0,48470,48384,False,29.709801819873974,34386969600,12.520344941993244,24.51212913999916,13.056718812003965,1,11.455410327995196,150.7631129680085,22.956564080988755
pretrained_exact_k16,9,b33fb045886058386c30700d69d22647965fbe06fe77f15be6e7467995a35ae8,e36d433fc97ab76e1841cf5be02a0d03d765cf572cd96939e7dfcea7b284e373,warm,not_applicable_frames_redecoded_each_question,16.0,64.0,64.0,48462,48384,False,29.962477114982903,34383969792,12.343098874989664,24.238777463004226,12.67950922701857,1,11.559268235985655,151.3713281149976,23.21558521402767
pretrained_exact_k16,10,c1bae44dccf7fca58895c3fea427cf434d786418f324b43b87eec9e27f90f32a,e36d433fc97ab76e1841cf5be02a0d03d765cf572cd96939e7dfcea7b284e373,warm,not_applicable_frames_redecoded_each_question,16.0,64.0,64.0,48477,48384,False,29.868291978986235,34389594112,12.317079670989187,24.590614324988564,13.07052280800417,1,11.520091516984394,151.75373505600146,23.117770911951084
pretrained_exact_k16,11,401ef48cf88487883e0dbcd0ee798003cd9d541eaf37e6604aaa89316695161f,e36d433fc97ab76e1841cf5be02a0d03d765cf572cd96939e7dfcea7b284e373,warm,not_applicable_frames_redecoded_each_question,16.0,64.0,64.0,48460,48384,False,29.426119567040587,34383219712,12.359969023993472,24.26238632699824,12.669659094011877,1,11.592727232986363,151.9722366789938,22.69378334301291
pretrained_exact_k16,12,591ffb3b4ff5e6aacc07d94a7f22eb7ed34da4e78af35a7b83d5b89423c5253b,f47dad9aa5c41add657041d68e8983bcdaaf0a1d2879316c0bbd8651b86675b4,warm,not_applicable_frames_redecoded_each_question,16.0,64.0,64.0,48463,48384,False,29.618390845978865,34384344576,12.453167237021262,24.169179855001858,12.673682758002542,1,11.495497096999316,151.6355392569967,22.852815287944395
pretrained_exact_k16,13,f21d2c08f6c9e68ac66f13b6e414a5b55ce43c91711b70042719d458c2441771,f47dad9aa5c41add657041d68e8983bcdaaf0a1d2879316c0bbd8651b86675b4,warm,not_applicable_frames_redecoded_each_question,16.0,64.0,64.0,48454,48384,False,29.78839772308129,34380969984,12.452102818002459,24.11931686999742,12.72763330998714,1,11.391683560010279,150.05772838799749,23.022773084056098
pretrained_exact_k16,14,aa7b4e859686df57f3ca8bddd5b10868fdb07e39c83af524248aad2ea891760a,f47dad9aa5c41add657041d68e8983bcdaaf0a1d2879316c0bbd8651b86675b4,warm,not_applicable_frames_redecoded_each_question,16.0,64.0,64.0,48462,48384,False,30.28563781705452,34383969792,12.199422541016247,24.202006901003188,12.75096741001471,1,11.451039490988478,153.28662754502147,23.517197521025082
pretrained_exact_k16,15,395d42118aaa8c5a88b128ab52af205f8bd0d6c4297e77578dc8adf292755283,f47dad9aa5c41add657041d68e8983bcdaaf0a1d2879316c0bbd8651b86675b4,warm,not_applicable_frames_redecoded_each_question,16.0,64.0,64.0,48455,48384,False,29.81185364400153,34381344768,12.429439731000457,24.115047671017237,12.667686746019172,1,11.447360924998065,151.77286953802104,23.062785628979327
pretrained_exact_k16,16,5b8a0bf182851d1844a0f49e51a780ac0975e4d1747e6c20c6a6c54b0064ac94,f47dad9aa5c41add657041d68e8983bcdaaf0a1d2879316c0bbd8651b86675b4,warm,not_applicable_frames_redecoded_each_question,16.0,64.0,64.0,48454,48384,False,29.877693212009035,34380969984,12.297928054991644,24.149226003006333,12.668000103003578,1,11.481225900002755,148.6385320200061,23.104390850960044
pretrained_exact_k16,17,e6f9a32f97fb29eafdf887590609db81a3c48b33b1712fda85e8aeefebbcd62a,f47dad9aa5c41add657041d68e8983bcdaaf0a1d2879316c0bbd8651b86675b4,warm,not_applicable_frames_redecoded_each_question,16.0,64.0,64.0,48462,48384,False,30.012995491939364,34383969792,12.566714184999,24.099957896018168,12.681120259017916,1,11.418837637000252,148.30566541900043,23.26030736597022
pretrained_exact_k16,18,32d74a60aa4860e8046a2c52eaffaca31257c85283eceb47d9622630653f8f7c,f47dad9aa5c41add657041d68e8983bcdaaf0a1d2879316c0bbd8651b86675b4,warm,not_applicable_frames_redecoded_each_question,16.0,64.0,64.0,48464,48384,False,29.606082553073065,34384719360,12.340852513007121,24.122509842010913,12.652360344014596,1,11.470149497996317,146.7678344110027,22.854374729038682
pretrained_exact_k16,19,889a911090eea9f28cfad0e03e60ce83eec6745d26d9947e11d5a16eeacad1ec,f47dad9aa5c41add657041d68e8983bcdaaf0a1d2879316c0bbd8651b86675b4,warm,not_applicable_frames_redecoded_each_question,16.0,64.0,64.0,48459,48384,False,29.728423121006927,34382844928,12.428648041997803,24.165182124997955,12.677175702992827,1,11.488006422005128,147.61112123599742,22.97037936403649
pretrained_exact_k16,20,6a8cd81450cfdb13050093207596aadb3b1a554cd054e6a5d2b87e580ecd7054,52c97d75ef170550b7a9949f04b478421fdc1530afbdfffbbab0acb252a41a1f,warm,not_applicable_frames_redecoded_each_question,16.0,64.0,64.0,48453,48384,False,29.465183929016348,34380594688,12.953364140004851,24.338104213005863,12.729406235011993,1,11.60869797799387,150.29958878998877,22.723357852868503
pretrained_exact_k16,21,8efc440853c844e77dee0cce887a9353e47dad1d74567dcaaca6ecdbcc056130,52c97d75ef170550b7a9949f04b478421fdc1530afbdfffbbab0acb252a41a1f,warm,not_applicable_frames_redecoded_each_question,16.0,64.0,64.0,48484,48384,False,29.798777555901324,34392219136,12.922654840978794,24.625092381989816,13.097600225999486,1,11.52749215599033,152.885242601973,23.074367313995026
pretrained_exact_k16,22,a05ee09a4c27030817b0c436f119f2d28067f503f99398ccb327fdc0b1f984c6,52c97d75ef170550b7a9949f04b478421fdc1530afbdfffbbab0acb252a41a1f,warm,not_applicable_frames_redecoded_each_question,16.0,64.0,64.0,48461,48384,False,29.341089622932486,34383594496,12.954542110994225,24.316409650986316,12.706730780977523,1,11.609678870008793,148.4843081550207,22.600720711954636
pretrained_exact_k16,23,c6633a78ff7819a4a83688706a55b48d8a56939fb8ce1c2ac7b54c4df79b1fb5,52c97d75ef170550b7a9949f04b478421fdc1530afbdfffbbab0acb252a41a1f,warm,not_applicable_frames_redecoded_each_question,16.0,64.0,64.0,48454,48384,False,29.308498310972936,34380969984,13.080404895998072,24.337838542996906,12.729732185980538,1,11.608106357016368,150.87124380198657,22.57252602907829
pretrained_exact_k16,24,472aec5f5bf39ea118f165c3de3d3d95745e18fad178ade4581e6b8b06851f10,52c97d75ef170550b7a9949f04b478421fdc1530afbdfffbbab0acb252a41a1f,warm,not_applicable_frames_redecoded_each_question,16.0,64.0,64.0,48456,48384,False,29.470205651014112,34381719552,13.050771836016793,24.263165269978344,12.7137041289825,1,11.549461140995845,152.2747340160131,22.70310973006417
pretrained_exact_k16,25,b0b644223b3e02829c9e23ab3bed4e7e3531f5a646cf272b932d552642486213,52c97d75ef170550b7a9949f04b478421fdc1530afbdfffbbab0acb252a41a1f,warm,not_applicable_frames_redecoded_each_question,16.0,64.0,64.0,48470,48384,False,30.086289779050276,34386969600,12.925060288020177,24.103115248988615,12.7147178069863,1,11.388397442002315,153.71241206399282,23.326658008038066
pretrained_exact_k16,26,468ab5abf9c70cf7874421bdf0bebb5856f5f4918bf3ff8a1d26947f4f775ddd,52c97d75ef170550b7a9949f04b478421fdc1530afbdfffbbab0acb252a41a1f,warm,not_applicable_frames_redecoded_each_question,16.0,64.0,64.0,48464,48384,False,29.726672707067337,34384719360,12.827881972974865,24.614715442003217,12.715839558979496,1,11.89887588302372,152.33257735299412,22.967691814090358
pretrained_exact_k16,27,9051f6633cb1fb9288d8de9ab68de4112938b995df1e35c0fdc198a33ac7d1f8,52c97d75ef170550b7a9949f04b478421fdc1530afbdfffbbab0acb252a41a1f,warm,not_applicable_frames_redecoded_each_question,16.0,64.0,64.0,48459,48384,False,29.861280107026687,34382844928,12.905878788005793,24.08370962101617,12.674709556013113,1,11.409000065003056,151.22703508700943,23.104495193023467
pretrained_exact_k16,28,914fa79626829cd89e2586648881004da97ec318f8efe98a83f34c31c6429381,52c97d75ef170550b7a9949f04b478421fdc1530afbdfffbbab0acb252a41a1f,warm,not_applicable_frames_redecoded_each_question,16.0,64.0,64.0,48461,48384,False,29.899028134008404,34383594496,13.036358847981319,24.10476234400994,12.666556151001714,1,11.438206193008227,151.4506800029776,23.142334999109153
pretrained_exact_k16,29,abff08b2252b9214d58dbe0553fd1a4e9374f89e94e65c6e86d5cc66574a0424,52c97d75ef170550b7a9949f04b478421fdc1530afbdfffbbab0acb252a41a1f,warm,not_applicable_frames_redecoded_each_question,16.0,64.0,64.0,48454,48384,False,29.85458682908211,34380969984,12.993165603023954,24.14665886500734,12.671934450016124,1,11.474724414991215,147.5876310299791,23.094174074940383
pretrained_exact_k16,30,022bc9af1abdef8145ee5c9c83bd74c73f700f95800f7f02730da612ea2814fc,52c97d75ef170550b7a9949f04b478421fdc1530afbdfffbbab0acb252a41a1f,warm,not_applicable_frames_redecoded_each_question,16.0,64.0,64.0,48467,48384,False,30.349422485014657,34385844736,13.021919878025074,24.069768971996382,12.676780375011731,1,11.392988596984651,151.86365988399484,23.59017372399103
pretrained_exact_k16,31,327bfce4b5bf1c2e48178797ff2ca245aae7073ef8548b53fc574c617b9eeaa5,52c97d75ef170550b7a9949f04b478421fdc1530afbdfffbbab0acb252a41a1f,warm,not_applicable_frames_redecoded_each_question,16.0,64.0,64.0,48457,48384,False,29.686114996031392,34382094848,13.029245569021441,24.154190338012995,12.682454160007183,1,11.471736178005813,150.44122345899814,22.949794626882067
pretrained_exact_k16,32,9be5da550e02ad2930678ba3c9a6a5e942c85040abc9b60ba73680d4b425688a,52c97d75ef170550b7a9949f04b478421fdc1530afbdfffbbab0acb252a41a1f,warm,not_applicable_frames_redecoded_each_question,16.0,64.0,64.0,48456,48384,False,29.764813863963354,34381719552,12.951307472016197,24.70202354399953,12.718492911022622,1,11.983530632976908,151.860850794008,23.0050597259833
pretrained_exact_k16,33,bb293ed5caa2a98457c3654c14608471aca4c05085bcd7c7f99aeac969267290,52c97d75ef170550b7a9949f04b478421fdc1530afbdfffbbab0acb252a41a1f,warm,not_applicable_frames_redecoded_each_question,16.0,64.0,64.0,48454,48384,False,29.70685386407422,34380969984,12.989317889005179,24.14907212901744,12.667874325998127,1,11.481197803019313,148.16673969299882,22.94744213402737
pretrained_exact_k16,34,f7651be7bffbaa4c58c8f5188376b321890e6ab7fd2301dd4c5a052c68c5b346,52c97d75ef170550b7a9949f04b478421fdc1530afbdfffbbab0acb252a41a1f,warm,not_applicable_frames_redecoded_each_question,16.0,64.0,64.0,48482,48384,False,29.348596919036936,34391469056,12.975357580988202,24.201708904001862,12.666781487001572,1,11.53492741700029,150.5529858060181,22.604012698022416
pretrained_exact_k16,35,14ff2de418d2c715eb24b622da964ad9c16de7ad04430592b5059de768cfc44f,52c97d75ef170550b7a9949f04b478421fdc1530afbdfffbbab0acb252a41a1f,warm,not_applicable_frames_redecoded_each_question,16.0,64.0,64.0,48487,48384,False,29.386147280049045,34393344000,12.922431323007913,24.28606739200768,12.68090193302487,1,11.60516545898281,147.26883505599108,22.65519983699778
pretrained_exact_k16,36,766424f5830ba4f900d186b79a5144f90222af0bbd55e79de1bdbc52a8a3a151,52c97d75ef170550b7a9949f04b478421fdc1530afbdfffbbab0acb252a41a1f,warm,not_applicable_frames_redecoded_each_question,16.0,64.0,64.0,48465,48384,False,29.44791407196317,34385094656,12.799133395019453,24.264935131999664,12.679237213975284,1,11.58569791802438,151.15931962497416,22.6930339980172
pretrained_exact_k16,37,6afb0e04a38874fdbdc9dab21a480d8e778790f739d2315eb3e14d3a66db7cf5,52c97d75ef170550b7a9949f04b478421fdc1530afbdfffbbab0acb252a41a1f,warm,not_applicable_frames_redecoded_each_question,16.0,64.0,64.0,48459,48384,False,29.471416025044164,34382844928,12.934076230012579,24.284265096997842,12.687352384004043,1,11.596912712993799,147.68811912997626,22.735865991038736
pretrained_exact_k16,38,63973b3a1c2ace86c65fbd8e966005bc4e407ba2ced006ae6decadf2d716b6d9,52c97d75ef170550b7a9949f04b478421fdc1530afbdfffbbab0acb252a41a1f,warm,not_applicable_frames_redecoded_each_question,16.0,64.0,64.0,48481,48384,False,29.50855775506352,34391094272,12.983155039983103,24.22993881200091,12.695587144000456,1,11.534351668000454,151.26015257000108,22.770540147001157
pretrained_exact_k16,39,99514cfa827e1cae11da3d06afd783e4ff7e6b89690710b2f0694af5b8069743,52c97d75ef170550b7a9949f04b478421fdc1530afbdfffbbab0acb252a41a1f,warm,not_applicable_frames_redecoded_each_question,16.0,64.0,64.0,48457,48384,False,29.559452883084305,34382094848,13.03832723700907,24.311126653978135,12.686999366967939,1,11.624127287010197,150.98788234899985,22.824575761973392
pretrained_exact_k16,40,0847e6f99a7d37d53d964c9fda94dedb9d5f6db7da0466750b926a8c1dbeeac1,52c97d75ef170550b7a9949f04b478421fdc1530afbdfffbbab0acb252a41a1f,warm,not_applicable_frames_redecoded_each_question,16.0,64.0,64.0,48464,48384,False,30.23056972498307,34384719360,12.847292733989889,24.247494629991706,12.65776074398309,1,11.589733886008617,151.38562908300082,23.501205042994116
pretrained_exact_k16,41,3caabdce815552d1fdc7894a2a29cb23e6ecbeebfaa4b730ea1baa6da5e39463,52c97d75ef170550b7a9949f04b478421fdc1530afbdfffbbab0acb252a41a1f,warm,not_applicable_frames_redecoded_each_question,16.0,64.0,64.0,48458,48384,False,29.539639021124458,34382469632,12.929624014999717,24.40223135901033,12.666991730016889,1,11.73523962899344,151.538414058974,22.80802100605797
pretrained_exact_k16,42,db30eb50841ad85e94810853d24af261a640fe43adad78155fcdfa44ede987fc,52c97d75ef170550b7a9949f04b478421fdc1530afbdfffbbab0acb252a41a1f,warm,not_applicable_frames_redecoded_each_question,16.0,64.0,64.0,48454,48384,False,30.270578767900588,34380969984,12.897289675020147,24.14274698900408,12.692583928030217,1,11.450163060973864,152.258464782004,23.528845507913502
pretrained_exact_k16,43,b4feb5d3a1413bf669b3f531acd34afe8e403f2501dde5a70dd91a8fe27b1d39,52c97d75ef170550b7a9949f04b478421fdc1530afbdfffbbab0acb252a41a1f,warm,not_applicable_frames_redecoded_each_question,16.0,64.0,64.0,48454,48384,False,29.678786268050317,34380969984,12.925897826004075,24.109495120996144,12.646981147991028,1,11.462513973005116,150.60142630100017,22.92886129693943
pretrained_exact_k16,44,fedab34abd3d872a60c9e64daf66ccf6643221f3c81849c0f30b9215a51fa69c,52c97d75ef170550b7a9949f04b478421fdc1530afbdfffbbab0acb252a41a1f,warm,not_applicable_frames_redecoded_each_question,16.0,64.0,64.0,48573,48384,False,29.491083111905027,34425799168,12.897818113997346,24.618413911986863,13.082306261989288,1,11.536107649997575,152.49374996000552,22.721554933086736
pretrained_exact_k16,45,0f90ac1d881d9caa423345b42a4fb39b730c55c266e46e9b2618e13ed73f1870,52c97d75ef170550b7a9949f04b478421fdc1530afbdfffbbab0acb252a41a1f,warm,not_applicable_frames_redecoded_each_question,16.0,64.0,64.0,48470,48384,False,29.170845035929233,34386970112,12.976982948981458,24.440581005997956,12.669236098998226,1,11.77134490699973,152.50442380498862,22.449882328975946
pretrained_exact_k16,46,c7babbae4dc8bcaa3fe6badaef9a81c8dc58e59e933c14dccc1d4f8e6c5a6e26,52c97d75ef170550b7a9949f04b478421fdc1530afbdfffbbab0acb252a41a1f,warm,not_applicable_frames_redecoded_each_question,16.0,64.0,64.0,48468,48384,False,29.20133428295958,34386219520,12.864577939995797,24.163416942988988,12.679780261969427,1,11.483636681019561,151.95279589298298,22.465767916030018
pretrained_exact_k16,47,302ec1f003e30acc1c00f81723b3afefcca9113ff1e0a872f75bfa074c9712cd,52c97d75ef170550b7a9949f04b478421fdc1530afbdfffbbab0acb252a41a1f,warm,not_applicable_frames_redecoded_each_question,16.0,64.0,64.0,48462,48384,False,29.168013960006647,34383969792,12.883935763995396,24.31078545001219,12.689609941007802,1,11.621175509004388,148.89604509898345,22.432617727987235
pretrained_exact_k16,48,bc382bfbe9680d943b42e3a61b2c281369786156c99e48cbeb356e9de3e0a4d4,52c97d75ef170550b7a9949f04b478421fdc1530afbdfffbbab0acb252a41a1f,warm,not_applicable_frames_redecoded_each_question,16.0,64.0,64.0,48486,48384,False,29.415332433069125,34392969216,12.929247853986453,24.30768384199473,12.66779801499797,1,11.63988582699676,151.76550932799,22.696559092990356
pretrained_exact_k16,49,321c9f4588bddc48db54be1c885c6a0f04f3fd4c16b9da3db6eb4dc812ec5094,52c97d75ef170550b7a9949f04b478421fdc1530afbdfffbbab0acb252a41a1f,warm,not_applicable_frames_redecoded_each_question,16.0,64.0,64.0,48472,48384,False,29.615001058991766,34387719680,12.86932915498619,24.369614588009426,12.683545252017211,1,11.686069335992215,148.29756452600122,22.86245453110314
pretrained_exact_k16,50,b21447a072a743ebdfdf1464d6854b285a2068189f62593d503168a098fe6b21,c37129d67ec50d8f6f0df1574be865fb7baf3864da3ec2feda378908fe5a3bef,cold,not_applicable_frames_redecoded_each_question,16.0,64.0,64.0,48458,48384,False,30.719416750071105,34382081536,16.374966001021676,24.681038045033347,12.883004955016077,1,11.79803309001727,161.343291511992,23.470149491971824
pretrained_exact_k16,51,2b4e41e482c0f2544ec0842125af1c505c7cae7d177792128fad349e964fa601,c37129d67ec50d8f6f0df1574be865fb7baf3864da3ec2feda378908fe5a3bef,warm,not_applicable_frames_redecoded_each_question,16.0,64.0,64.0,48466,48384,False,30.66382413712563,34385469440,13.81240069901105,24.706208496005274,12.943050382018555,1,11.76315811398672,163.0038997619995,23.894196398032364
pretrained_exact_k16,52,b5172416238294db151bf290fb5736d7244e8ab46297fcf8174caac207be98e9,c37129d67ec50d8f6f0df1574be865fb7baf3864da3ec2feda378908fe5a3bef,warm,not_applicable_frames_redecoded_each_question,16.0,64.0,64.0,48458,48384,False,30.479611630900763,34382469632,13.667867118958384,24.444476075994316,12.578224509954453,1,11.866251566039864,176.13384894601768,23.74240877700504
pretrained_exact_k16,53,1fc748f2ef85de1c7009f8fcbb6e85bf26be55c7162ac22655af1804733d6609,c37129d67ec50d8f6f0df1574be865fb7baf3864da3ec2feda378908fe5a3bef,warm,not_applicable_frames_redecoded_each_question,16.0,64.0,64.0,48457,48384,False,29.806724454043433,34382094848,13.58149663504446,24.796013168001082,12.563009647012223,1,12.23300352098886,153.77403827098897,23.076239259098656
pretrained_exact_k16,54,df2999b9ea73b7f5aa79ee8bd601166c141b3ad83e40122dbdf409ab3adf16aa,c37129d67ec50d8f6f0df1574be865fb7baf3864da3ec2feda378908fe5a3bef,warm,not_applicable_frames_redecoded_each_question,16.0,64.0,64.0,48458,48384,False,29.818000815692358,34382469632,13.669470167020336,24.74489392596297,12.562304290011525,1,12.182589635951445,156.9530944469734,23.06355297093978
pretrained_exact_k16,55,be3b399166c04ffefd477e48a7160dcb3570545f4299cf0971f3e25129c7df84,c37129d67ec50d8f6f0df1574be865fb7baf3864da3ec2feda378908fe5a3bef,warm,not_applicable_frames_redecoded_each_question,16.0,64.0,64.0,48469,48384,False,30.670845199143514,34386885120,13.7847469089902,24.736108065990265,12.576423741993494,1,12.159684323996771,176.31287304195575,23.908561355085112
pretrained_exact_k16,56,3e0f08d43fd17e0bac7e1de3adf24c1a780c1c7022cdfbcebb21da259faf7819,c37129d67ec50d8f6f0df1574be865fb7baf3864da3ec2feda378908fe5a3bef,warm,not_applicable_frames_redecoded_each_question,16.0,64.0,64.0,48463,48384,False,30.67864263697993,34384344576,13.548914276994765,24.753998945001513,12.538981078017969,1,12.215017866983544,158.52412597299553,23.904000044974964
pretrained_exact_k16,57,e34af6c6ba92363e2c924d180d806ab86a6a30dd19881b3c75d7ed55e0a42273,c37129d67ec50d8f6f0df1574be865fb7baf3864da3ec2feda378908fe5a3bef,warm,not_applicable_frames_redecoded_each_question,16.0,64.0,64.0,48459,48384,False,29.96984839317156,34382844928,14.613826803979464,24.357589575985912,12.554243642953224,1,11.803345933032688,160.40443440404488,23.225902476988267
pretrained_exact_k16,58,ce7d67c298e7a1eb8c1b99f4b31a7c447f383767b8bf9d729fac03373202e74d,c37129d67ec50d8f6f0df1574be865fb7baf3864da3ec2feda378908fe5a3bef,warm,not_applicable_frames_redecoded_each_question,16.0,64.0,64.0,48502,48384,False,30.34131863596849,34399736320,14.183906109945383,25.410821653029416,12.947899873077404,1,12.462921779952012,156.21384563698666,23.60848805808928
pretrained_exact_k16,59,995b737cfc298d11e6ebb56a71ff2fa5163ffc7acf65614c167329f570187a40,c37129d67ec50d8f6f0df1574be865fb7baf3864da3ec2feda378908fe5a3bef,warm,not_applicable_frames_redecoded_each_question,16.0,64.0,64.0,48462,48384,False,29.93269245402189,34383969792,13.784369061992038,24.89896405104082,12.557250443089288,1,12.341713607951533,159.15397534996737,23.156503244885243
pretrained_exact_k16,60,101b8ec8369f48a8f3c821a77bb8988d20bc8bf06b6ec948511a56bb14ca6043,c37129d67ec50d8f6f0df1574be865fb7baf3864da3ec2feda378908fe5a3bef,warm,not_applicable_frames_redecoded_each_question,16.0,64.0,64.0,48458,48384,False,30.05778970994288,34382469632,15.114538452995475,24.815857644949574,12.566105916921515,1,12.249751728028059,156.34086808399297,23.300558542017825
pretrained_exact_k16,61,395a3885aa563aa252ef4fa924ed819dde395578a0be19e57402a76f3ebe41e0,c37129d67ec50d8f6f0df1574be865fb7baf3864da3ec2feda378908fe5a3bef,warm,not_applicable_frames_redecoded_each_question,16.0,64.0,64.0,48458,48384,False,30.53698575310409,34382469632,13.63605557399569,24.75889337604167,12.570190452039242,1,12.188702924002428,158.44244096800685,23.764060872024857
pretrained_exact_k16,62,0afbbcd0109b9f068eab093ee9a1aea66260ca08136df12bde0219c07cba0f64,c37129d67ec50d8f6f0df1574be865fb7baf3864da3ec2feda378908fe5a3bef,warm,not_applicable_frames_redecoded_each_question,16.0,64.0,64.0,48477,48384,False,30.02292320894776,34389594112,13.996791040000971,24.831622211961076,12.577498841972556,1,12.25412336998852,158.06917934096418,23.25728058704408
pretrained_exact_k16,63,3a5154bb6eaacb25e74b9b64305f42fdc63faf463e97864ca67d1df0f9b2b8d1,d9cace0efdbfdf841f23aa6a4a4ebdb3d0fc2b9c9c4c12acb9f43bd4d977524e,warm,not_applicable_frames_redecoded_each_question,16.0,64.0,64.0,48470,48384,False,29.815619767061435,34386969600,16.174897585005965,24.751892941014376,12.587144896038808,1,12.164748044975568,156.58852277003461,23.071298723167274
pretrained_exact_k16,64,14db0502f1cc5830add80e11f323ec5f5ea23cb8aa93a8c09ee51de33c53eef8,d9cace0efdbfdf841f23aa6a4a4ebdb3d0fc2b9c9c4c12acb9f43bd4d977524e,warm,not_applicable_frames_redecoded_each_question,16.0,64.0,64.0,48453,48384,False,30.642752612067852,34380594688,13.904530372004956,25.22572152595967,12.58829365595011,1,12.63742787000956,159.88874477695208,23.870772929105442
pretrained_exact_k16,65,d4243a2d9e57d903203568b32d6be17632207fb747717d5998762690d2f07825,d9cace0efdbfdf841f23aa6a4a4ebdb3d0fc2b9c9c4c12acb9f43bd4d977524e,warm,not_applicable_frames_redecoded_each_question,16.0,64.0,64.0,48503,48384,False,29.867629130079877,34399808000,13.921907331969123,24.61245469300775,12.589680781995412,1,12.022773911012337,155.06821405200753,23.130588024971075
pretrained_exact_k16,66,8f5143851bb32d207df5191b3223ea05c722e0f30c2ee1203f7343879941ab3b,d9cace0efdbfdf841f23aa6a4a4ebdb3d0fc2b9c9c4c12acb9f43bd4d977524e,warm,not_applicable_frames_redecoded_each_question,16.0,64.0,64.0,48461,48384,False,29.978820586111397,34383594496,13.665977524011396,24.43390622502193,12.576217300025746,1,11.857688924996182,158.1110803919728,23.238554446201306
pretrained_exact_k16,67,fd8bcadcce8c20323a6830f95623e2b14c3889772ebcb08ce783b0b9bd17ea82,d9cace0efdbfdf841f23aa6a4a4ebdb3d0fc2b9c9c4c12acb9f43bd4d977524e,warm,not_applicable_frames_redecoded_each_question,16.0,64.0,64.0,48455,48384,False,30.07724079111358,34381344768,13.410312810970936,24.65647969499696,12.583620110002812,1,12.072859584994148,160.00839016301325,23.307402895065024
pretrained_exact_k16,68,2c767716dd2f69b013a95f2f66989ffcdb791d2128d26f6b25a80f1db37ebeff,d9cace0efdbfdf841f23aa6a4a4ebdb3d0fc2b9c9c4c12acb9f43bd4d977524e,warm,not_applicable_frames_redecoded_each_question,16.0,64.0,64.0,48480,48384,False,30.077404233801644,34390719488,13.845075049030129,24.370847285958007,12.56921089492971,1,11.801636391028296,160.50246879796032,23.330971825809684
pretrained_exact_k16,69,32bf97ea4ccb57d11ffb0d857ed5c36ff90bfa5f5bd46b666460891fc73e8ec2,d9cace0efdbfdf841f23aa6a4a4ebdb3d0fc2b9c9c4c12acb9f43bd4d977524e,warm,not_applicable_frames_redecoded_each_question,16.0,64.0,64.0,48520,48384,False,29.963491441099904,34405720576,13.602784882008564,25.204837266006507,13.023022469016723,1,12.181814796989784,157.91973629401764,23.217892969143577
pretrained_exact_k16,70,f48012dd07ab819b6bd7a67ed5fef7d6b4e8b9daf4c69232a3236c9da83d8ee8,d9cace0efdbfdf841f23aa6a4a4ebdb3d0fc2b9c9c4c12acb9f43bd4d977524e,warm,not_applicable_frames_redecoded_each_question,16.0,64.0,64.0,48480,48384,False,29.88970585289644,34390720000,13.673402687010821,24.960498181986623,12.607668532000389,1,12.352829649986234,161.04821410099976,23.13485988706816
pretrained_exact_k16,71,633e1230f21693fe97c6be3a1b59debc6ab63a017c91b5ed79da7ca0ee16eb15,d9cace0efdbfdf841f23aa6a4a4ebdb3d0fc2b9c9c4c12acb9f43bd4d977524e,warm,not_applicable_frames_redecoded_each_question,16.0,64.0,64.0,48506,48384,False,29.87478384800488,34400468992,13.082177403965034,24.172928152023815,12.534662426041905,1,11.63826572598191,159.07446943502873,23.1122636529617
pretrained_exact_k16,72,dc57317ce26d87eea7425918fc44d7447d27cd1091dbd0e18203ef1066d14c07,d9cace0efdbfdf841f23aa6a4a4ebdb3d0fc2b9c9c4c12acb9f43bd4d977524e,warm,not_applicable_frames_redecoded_each_question,16.0,64.0,64.0,48460,48384,False,30.00836553989211,34383219712,14.577449170988984,24.714469965023454,12.522677089029457,1,12.191792875993997,156.20314310101094,23.25229006324662
pretrained_exact_k16,73,d45c2c79bff1b7c7d7bb952abe69c15e58af5c118ad7d7e4af5226c521bbc3a7,d9cace0efdbfdf841f23aa6a4a4ebdb3d0fc2b9c9c4c12acb9f43bd4d977524e,warm,not_applicable_frames_redecoded_each_question,16.0,64.0,64.0,48593,48384,False,30.024140759953298,34433526272,13.78966725995997,24.70445783896139,12.97957777098054,1,11.724880067980848,160.66792227100814,23.26795931404922
pretrained_exact_k16,74,cae75eee571d37fe8c8cd9f846bc37088575fe043a5360c134d0c568ec6d66b4,d9cace0efdbfdf841f23aa6a4a4ebdb3d0fc2b9c9c4c12acb9f43bd4d977524e,warm,not_applicable_frames_redecoded_each_question,16.0,64.0,64.0,48476,48384,False,29.98538796894718,34389220352,13.461910844023805,24.81163991498761,12.545614245987963,1,12.266025668999646,157.1649654880166,23.24150608095806
pretrained_exact_k16,75,1a8bdc01df970ae6f154e675cbc24a07a7df500d55cfa69afe3cc14e1cc8c766,d9cace0efdbfdf841f23aa6a4a4ebdb3d0fc2b9c9c4c12acb9f43bd4d977524e,warm,not_applicable_frames_redecoded_each_question,16.0,64.0,64.0,48457,48384,False,29.788117644842714,34382094848,13.66803587100003,24.770276421972085,12.583958122995682,1,12.186318298976403,161.201068372,23.02592031401582
pretrained_exact_k16,76,b49e30fe05af854415d35802a85af1ddbacb0ae52ec471ac79626435b3dd0fe4,d9cace0efdbfdf841f23aa6a4a4ebdb3d0fc2b9c9c4c12acb9f43bd4d977524e,warm,not_applicable_frames_redecoded_each_question,16.0,64.0,64.0,48462,48384,False,29.975313964067027,34383969792,13.341045462992042,24.725093915010802,12.559315385005902,1,12.1657785300049,155.67733697302174,23.239035446953494
pretrained_exact_k16,77,de6684250730d0a2b47c0a3afe97f44d12a3e0a4b0711750d837bc8a33a761ac,11914a53e244bf0979d050d321aeab0db12722a669acafbf12e179efdb15777a,warm,not_applicable_frames_redecoded_each_question,16.0,64.0,64.0,48462,48384,False,30.012539998977445,34383969792,16.991535304987337,24.360519260982983,12.574609956005588,1,11.785909304977395,165.76546342903748,23.273326727969106
pretrained_exact_k16,78,79e15acc747009e490df67c54453e4b829e06b568636274579b5d4557b6a56cb,11914a53e244bf0979d050d321aeab0db12722a669acafbf12e179efdb15777a,warm,not_applicable_frames_redecoded_each_question,16.0,64.0,64.0,48462,48384,False,29.940318860928528,34383969792,15.049717287998646,24.831790910975542,12.545159547997173,1,12.286631362978369,156.35821556299925,23.20873562520137
pretrained_exact_k16,79,743d0c53e4840c9563143ea7d769c29b584a2154b588eeea8757f60fe6fc6fee,8ac1918b59596377a1b66f5e8a868fa99888ba0b186ff0125e7cd76b2045f5d9,warm,not_applicable_frames_redecoded_each_question,16.0,64.0,64.0,48486,48384,False,30.009163927985355,34392969216,19.11157363798702,24.31741644401336,12.569934358994942,1,11.747482085018419,159.4268622189993,23.255358277994674
pretrained_exact_k16,80,6df7e4da82f6e2382e6c374ef0dee321197c8887c6187e65286de1b5753ed275,8ac1918b59596377a1b66f5e8a868fa99888ba0b186ff0125e7cd76b2045f5d9,warm,not_applicable_frames_redecoded_each_question,16.0,64.0,64.0,48473,48384,False,29.771065597829875,34388094464,14.714686547988094,24.553554524027277,12.58319495600881,1,11.970359568018466,158.38582990603754,23.04137754807016
pretrained_exact_k16,81,d707033895007571217a10f4a082383dfcae001c4e134626ae3dc52db06dbbf2,8ac1918b59596377a1b66f5e8a868fa99888ba0b186ff0125e7cd76b2045f5d9,warm,not_applicable_frames_redecoded_each_question,16.0,64.0,64.0,48459,48384,False,30.108891156094614,34382844928,16.39158115797909,24.3581168410019,12.565408558002673,1,11.792708282999229,161.13949670403963,23.3197434360045
pretrained_exact_k16,82,8ff461670df1a65018c330879ba9c216c6fb350220586554c0d7199d1043ebcf,8ac1918b59596377a1b66f5e8a868fa99888ba0b186ff0125e7cd76b2045f5d9,warm,not_applicable_frames_redecoded_each_question,16.0,64.0,64.0,48476,48384,False,29.988664069969673,34389219328,15.180967739026528,25.68080737395212,12.569992647971958,1,13.110814725980163,161.6715880840202,23.239575232029893
pretrained_exact_k16,83,ace8db5c5ceba0030664a1c09a715a55c672f0acf421f00a010ebee73bd35ea2,8ac1918b59596377a1b66f5e8a868fa99888ba0b186ff0125e7cd76b2045f5d9,warm,not_applicable_frames_redecoded_each_question,16.0,64.0,64.0,48533,48384,False,29.904028713237494,34410595328,14.93017712503206,24.443714944005478,12.641293927037623,1,11.802421016967855,158.19823075301247,23.156260203861166
pretrained_exact_k16,84,fddda8420ebf69d41098a0750d2fc273d2b1deb0794fe7228d407c67d1677b1b,fe764d86d0de56ef2476a5ed06e1cca059e72cc9f6a045ef9d4d9e13659a959c,warm,not_applicable_frames_redecoded_each_question,16.0,64.0,64.0,48459,48384,False,30.036342504958156,34382845440,20.551152238971554,24.527353590005077,12.525588172022253,1,12.001765417982824,156.76206660899334,23.292720226862002
pretrained_exact_k16,85,214666231f91d288de8b2bf767429caac5cd16f2e20bfd0b4b9da5820228bda5,fe764d86d0de56ef2476a5ed06e1cca059e72cc9f6a045ef9d4d9e13659a959c,warm,not_applicable_frames_redecoded_each_question,16.0,64.0,64.0,48461,48384,False,30.09809580707224,34383594496,15.918213612982072,24.274541863997,12.545688370009884,1,11.728853493987117,159.14742293395102,23.30099552019965
pretrained_exact_k16,86,50661221ec4c535a8d8ad65041729053da09fce23bfc1d0b7966844792d81f20,fe764d86d0de56ef2476a5ed06e1cca059e72cc9f6a045ef9d4d9e13659a959c,warm,not_applicable_frames_redecoded_each_question,16.0,64.0,64.0,48463,48384,False,29.944334880972747,34384344576,15.85751281795092,24.26873805600917,12.536313772958238,1,11.732424283050932,156.74539324699435,23.20348596497206
pretrained_exact_k16,87,5ea20518ecdb8dc434094330b9fbdb2b9d28bc4d1bb090d7c9d4fa80da0d2eea,996cae1f271e96f21cb5c6ef309e9e365fd2bd894e8ac007ea4a005ef3d8df34,warm,not_applicable_frames_redecoded_each_question,16.0,64.0,64.0,48459,48384,False,29.938984601874836,34382844928,19.79412344301818,24.281984377012122,12.571311377047095,1,11.710672999965027,156.81480916100554,23.18786140915472
pretrained_exact_k16,88,db8d2d7d6f24b9ef73fca070889e5c676ffca6611cc8e3b1dd2a3542c8e76b2f,2f4585aa26eaf6df02e185fcad0f79ce526b543dfcf84729a405d06749cd7a51,warm,not_applicable_frames_redecoded_each_question,16.0,64.0,64.0,48470,48384,False,29.734564178914297,34386969600,16.53944451996358,25.10673430102179,12.578476686030626,1,12.528257614991162,160.3579875199939,23.000466186960693
pretrained_exact_k16,89,65f492d66e54ef517b8a741ac23de04289813af7be16ccaecd8174e22f470b32,2f4585aa26eaf6df02e185fcad0f79ce526b543dfcf84729a405d06749cd7a51,warm,not_applicable_frames_redecoded_each_question,16.0,64.0,64.0,48457,48384,False,29.965538901102263,34382094848,14.085914326016791,24.33010415401077,12.565838712034747,1,11.764265441976022,158.00603053800296,23.190005118842237
pretrained_exact_k16,90,aee80d295186f46ad7f46eaf0a5e686d677aae2b6c9598016ea10730ee61ed60,1f0da36c1d82f8e135f2d0bd781e478f51937d8b273624cddf0163421a298914,warm,not_applicable_frames_redecoded_each_question,16.0,64.0,64.0,48476,48384,False,29.82092458003899,34389219328,22.142479655041825,24.72370855504414,12.557675026066136,1,12.166033528978005,155.63100002502324,23.075562976941
pretrained_exact_k16,91,d7d6c6edcb07e5ad1de0bf4d070f293df56b153e09995859e21761093e6bd118,6ceecbe8abe42f5e66795262f2d09c5a33d6439e365233a99f7dcddd01145ea6,warm,not_applicable_frames_redecoded_each_question,16.0,64.0,64.0,48463,48384,False,29.784061825252138,34384344576,19.53549836901948,24.323740436986554,12.568104150006548,1,11.755636286980007,157.60969968000427,23.056422112102155
pretrained_exact_k16,92,2681c1c55063ab938b4353fe421db4efe259c37d99b56e4b40373fcca71a5ecc,6ceecbe8abe42f5e66795262f2d09c5a33d6439e365233a99f7dcddd01145ea6,warm,not_applicable_frames_redecoded_each_question,16.0,64.0,64.0,48460,48384,False,29.96742840099614,34383219712,14.608120445976965,24.749572933011223,12.517756710993126,1,12.231816222018097,156.43695409595966,23.222804968769196
pretrained_exact_k16,93,7c039e033bced3b95b045a8df47afebce9853d3a563605f89bb7bd299de4df16,8cc5d81820bfd16336cd4f49a319f1a6e6b766d527a1eb4518937ed9bc79fcd5,warm,not_applicable_frames_redecoded_each_question,16.0,64.0,64.0,48496,48384,False,30.20962705690181,34396719104,18.91185186698567,24.333235864993185,12.5283600470284,1,11.804875817964785,157.74576914595673,23.457011589896865
pretrained_exact_k16,94,d10dba430b3c710d5b41a1a78efe0ccbd66c67ed6e84cf6532127f080766d5ae,8cc5d81820bfd16336cd4f49a319f1a6e6b766d527a1eb4518937ed9bc79fcd5,warm,not_applicable_frames_redecoded_each_question,16.0,64.0,64.0,48467,48384,False,30.07509838900296,34385844736,16.734858667012304,24.78202471800614,12.531076801009476,1,12.250947916996665,158.11760266200872,23.314259447099175
pretrained_exact_k16,95,4557e192f149e4897d09c1b76b6c8a1f4be9f0de23e71a0b0ab20296e913c7e7,8cc5d81820bfd16336cd4f49a319f1a6e6b766d527a1eb4518937ed9bc79fcd5,warm,not_applicable_frames_redecoded_each_question,16.0,64.0,64.0,48461,48384,False,30.069172647083178,34383594496,15.446934129984584,24.45534320396837,12.54654930596007,1,11.908793898008298,159.50385882297996,23.310821422957815
pretrained_exact_k16,96,8dfb744022cdb09a0aab7a1a450284420a60f9fa0abcafe867beb2a337a472da,8cc5d81820bfd16336cd4f49a319f1a6e6b766d527a1eb4518937ed9bc79fcd5,warm,not_applicable_frames_redecoded_each_question,16.0,64.0,64.0,48461,48384,False,29.693059789133258,34383594496,14.82990868698107,24.711136615020223,12.578256137028802,1,12.13288047799142,158.415013682039,22.967169805895537
pretrained_exact_k16,97,b8eb02172d6ec33a8532391322df69d9dbb89898a5395e6c4b2a18689992225a,8cc5d81820bfd16336cd4f49a319f1a6e6b766d527a1eb4518937ed9bc79fcd5,warm,not_applicable_frames_redecoded_each_question,16.0,64.0,64.0,48462,48384,False,30.0103506189771,34383969792,14.830921753018629,24.388905206986237,12.574281023989897,1,11.81462418299634,158.23083534702891,23.262427199922968
pretrained_exact_k16,98,4fc14ccfe679991f9daf93adb5fc3c72042c6c2b3855bf7fa7d8d9c337ae173e,b3865136b855303375c097bd52110fbca8266293af7dc55f1e265f0319eb7981,warm,not_applicable_frames_redecoded_each_question,16.0,64.0,64.0,48455,48384,False,30.037259936041664,34381344768,21.2557624069741,24.862018878979143,12.571021480020136,1,12.290997398959007,158.71768228104338,23.289108677068725
pretrained_exact_k16,99,c40150fab1e6286ece0d724d8c27173be35cfc460fccd10e493e6e545fa7d2a5,b3ef21c44f3f5a73766fb4901fd70cfafbb1a7a5ae3965a2ce5ac16c7b672658,warm,not_applicable_frames_redecoded_each_question,16.0,64.0,64.0,48459,48384,False,30.035694826045074,34382844928,23.417503389995545,24.224165713996626,12.566728186968248,1,11.657437527028378,160.90716083097504,23.283717919606715
pretrained_exact_k16,100,59dd7bf05d2b59b76cc1042a40f08cb6d72b5bb19d8c3b8ccc8b4251a457281c,b3ef21c44f3f5a73766fb4901fd70cfafbb1a7a5ae3965a2ce5ac16c7b672658,warm,not_applicable_frames_redecoded_each_question,16.0,64.0,64.0,48463,48384,False,29.947351021924987,34384344576,18.314402667980175,25.32294122199528,12.570391300017945,1,12.752549921977334,157.02481188997626,23.20769702299731
pretrained_exact_k16,101,b1ad0aa3a834b10b9d68c99e25177c2ebd006896bde21563fc9958063c93e653,b3ef21c44f3f5a73766fb4901fd70cfafbb1a7a5ae3965a2ce5ac16c7b672658,warm,not_applicable_frames_redecoded_each_question,16.0,64.0,64.0,48470,48384,False,30.246027430112008,34386969600,19.45666915603215,24.43294180504745,12.576662125065923,1,11.856279679981526,158.9601535249967,23.479128565173596
pretrained_exact_k16,102,68077fe86b13a21d0eded47f935956e24d707680bfc0137968c66cebcf672f5a,b3ef21c44f3f5a73766fb4901fd70cfafbb1a7a5ae3965a2ce5ac16c7b672658,warm,not_applicable_frames_redecoded_each_question,16.0,64.0,64.0,48461,48384,False,30.040628857794218,34383594496,18.845249874982983,24.6898283380433,12.588557072042022,1,12.101271266001277,157.44410843600053,23.289157596882433
pretrained_exact_k16,103,2e4fb3dcb518eb5526e943917f3ed59b4df95f0ce5a691bc42418b190119baee,b3ef21c44f3f5a73766fb4901fd70cfafbb1a7a5ae3965a2ce5ac16c7b672658,warm,not_applicable_frames_redecoded_each_question,16.0,64.0,64.0,48472,48384,False,29.957536630157847,34387719680,17.135187112959102,24.350416376022622,12.562361153017264,1,11.788055223005358,159.24924202397233,23.21288328495575
pretrained_exact_k16,104,d5bebb6507ca190ee08c39340a366ad5d4c0ca7edaf16c35d829d6b93df4eb40,b3ef21c44f3f5a73766fb4901fd70cfafbb1a7a5ae3965a2ce5ac16c7b672658,warm,not_applicable_frames_redecoded_each_question,16.0,64.0,64.0,48472,48384,False,29.70590711000841,34387719680,17.467704354960006,24.762945675000083,12.54667246498866,1,12.216273210011423,155.91065037198132,22.996333285002038
pretrained_exact_k16,105,9b45075c1f82582fb07a354880929522eb30e0a9f44aac0884eae724f408e926,b7c905873905f7755270ecefe120ce5a777d077ba23b14deee61b020e3d978b8,warm,not_applicable_frames_redecoded_each_question,16.0,64.0,64.0,48472,48384,False,30.000771819090005,34387719680,24.04527079098625,24.291930283012334,12.535385334980674,1,11.75654494803166,158.68632995599182,23.2710930359317
pretrained_exact_k16,106,0909e7a45887983fe90e967f122f17e7c327d97b7dac185fb79348498144625a,b7c905873905f7755270ecefe120ce5a777d077ba23b14deee61b020e3d978b8,warm,not_applicable_frames_redecoded_each_question,16.0,64.0,64.0,48465,48384,False,29.991715560143348,34385094656,18.7798489810084,24.277013700979296,12.555780303024221,1,11.721233397955075,160.62101604399504,23.230884307064116
pretrained_exact_k16,107,4a7fad2d67a8b16b7d8f0267e5b1b5ed59b6a8ab481680bf7b7ca9a6464dd7e4,bfcc2f5af68959f68a1737711080ace20ffd299c13c741195aba0e5b90c5f5dc,warm,not_applicable_frames_redecoded_each_question,16.0,64.0,64.0,48465,48384,False,29.793790469004307,34385094656,19.821079749963246,24.424630463006906,12.566829240997322,1,11.857801222009584,158.63293417397654,23.079998225846794
pretrained_exact_k16,108,fe38c0f2ce11e3c60980bed4b77ffc64a59201e254128e34077c8491edcdbbd6,4896c281ca45bae61e53c2df0d6ff08831544c18ba488ab10e64e92f7bc0c908,warm,not_applicable_frames_redecoded_each_question,16.0,64.0,64.0,48468,48384,False,30.077970010985155,34386219520,20.137117546983063,24.62740874598967,12.545338620024268,1,12.082070125965402,156.6813489330234,23.332629796874244
pretrained_exact_k16,109,579539828fe7f9ccb3d10ba9d6379e5833812ebd26bdba7ade6d337f38ec794f,4896c281ca45bae61e53c2df0d6ff08831544c18ba488ab10e64e92f7bc0c908,warm,not_applicable_frames_redecoded_each_question,16.0,64.0,64.0,48467,48384,False,30.00269195897272,34385844736,14.846010477980599,24.416173485980835,12.572472330997698,1,11.843701154983137,157.4600223779562,23.265720024879556
pretrained_exact_k16,110,7607094f2d94359f04269ca7585a8f3bd74eeee2524bf45eb1ac0b4db9926371,4896c281ca45bae61e53c2df0d6ff08831544c18ba488ab10e64e92f7bc0c908,warm,not_applicable_frames_redecoded_each_question,16.0,64.0,64.0,48486,48384,False,29.88061013497645,34392969216,14.766636941989418,24.73297560401261,12.564466543029994,1,12.168509060982615,156.49897818098543,23.138815366080962
pretrained_exact_k16,111,28d1071434204a850dedda81a0c90da228c209abe662cd86d707d79e21140f10,4896c281ca45bae61e53c2df0d6ff08831544c18ba488ab10e64e92f7bc0c908,warm,not_applicable_frames_redecoded_each_question,16.0,64.0,64.0,48462,48384,False,30.090285225771368,34383969792,15.514785828010645,24.36979223502567,12.5635189920431,1,11.80627324298257,160.99045832100092,23.340217219025362
pretrained_exact_k16,112,63eed85cff13f6e738f3b20d3d06c44269d0a261cf6204b5ce47ea30fbe5a0e7,55678127e2f781a04cc0f71ac901ac9888e157c1963fe950fbbe1e0421799d7b,warm,not_applicable_frames_redecoded_each_question,16.0,64.0,64.0,48463,48384,False,30.31350371800363,34384344576,20.103361352987122,24.986600825970527,12.573419458931312,1,12.413181367039215,155.60029769595712,23.536860060936306
pretrained_exact_k16,113,b9297d7d7c24b714238b917ccf2cde972ccde760ad6da076338ed02e1d479049,30b8d396410e82d203b153ad95ddf9e9e617671183cde28d9fda270aa456a36a,warm,not_applicable_frames_redecoded_each_question,16.0,64.0,64.0,48463,48384,False,30.05011164897587,34384344576,17.588059085945133,24.443763516959734,12.570206610951573,1,11.873556906008162,161.76711234700633,23.293952427920885
pretrained_exact_k16,114,2e73c84ae0aa5b2bed3032285c0a8855206858fa9128561ffdfe3cea29b0e267,65f3b877c1b6535af35bb0e9b9fe7fb40b06e6644b6148323789e9307dede0d1,warm,not_applicable_frames_redecoded_each_question,16.0,64.0,64.0,48581,48384,False,30.04939814208774,34428596736,16.227961393014994,24.6603887930396,12.610718975018244,1,12.049669818021357,158.32890103996033,23.289707676973194
pretrained_exact_k16,115,f9b8c17c863cdd4410c70765b54907739c35ec9f4e5ec02df3a7bfecfd55f7ac,65f3b877c1b6535af35bb0e9b9fe7fb40b06e6644b6148323789e9307dede0d1,warm,not_applicable_frames_redecoded_each_question,16.0,64.0,64.0,48464,48384,False,29.787669535027817,34384720384,14.643189487978816,24.578740414988715,12.5675403670175,1,12.011200047971215,158.9819932000246,23.02882297092583
pretrained_exact_k16,116,159b37bfafa6f8e503a2b17de547e3ef15416e07c51c53bf0fab33aae828771e,65f3b877c1b6535af35bb0e9b9fe7fb40b06e6644b6148323789e9307dede0d1,warm,not_applicable_frames_redecoded_each_question,16.0,64.0,64.0,48454,48384,False,29.929597230278887,34380969984,14.869450602971483,24.753830778994597,12.54931630397914,1,12.204514475015458,156.7538299059961,23.195372021116782
pretrained_exact_k16,117,527290ed4851385dcdd303301af0149a7d421fbdbf3594fabfedf03b0c5b419a,96e721b998e240b7ca1d0b6dab2e9a90fe1a1b334915d2ff2d222c2610ad87ba,warm,not_applicable_frames_redecoded_each_question,16.0,64.0,64.0,48470,48384,False,30.133932334312703,34386969600,15.614118362020236,24.530780627042986,12.568510684010107,1,11.96226994303288,163.07210220897105,23.372604784206487
pretrained_exact_k16,118,905cae8807005144336a717802c04206b840882e2af1f01208b6cd8ea159a7b8,96e721b998e240b7ca1d0b6dab2e9a90fe1a1b334915d2ff2d222c2610ad87ba,warm,not_applicable_frames_redecoded_each_question,16.0,64.0,64.0,48471,48384,False,29.79192309093196,34387344384,13.177726686990354,24.801201633992605,12.59082198998658,1,12.210379644006025,157.38960829400457,23.068682777055074
pretrained_exact_k16,119,56609e7f18b861292ac377a7bcedf176abef9cf8dd08af90b071dc3f7bc06beb,96e721b998e240b7ca1d0b6dab2e9a90fe1a1b334915d2ff2d222c2610ad87ba,warm,not_applicable_frames_redecoded_each_question,16.0,64.0,64.0,48456,48384,False,29.964203434996307,34381719552,14.362563873000909,25.0917069829884,12.560158842010424,1,12.531548140977975,161.52764166000998,23.227296745812055
pretrained_exact_k16,120,99727b9d98f9e2fbf8492e7ce7d32cb782ee64e210e6297b8fe78f2ea3cab0a3,96e721b998e240b7ca1d0b6dab2e9a90fe1a1b334915d2ff2d222c2610ad87ba,warm,not_applicable_frames_redecoded_each_question,16.0,64.0,64.0,48458,48384,False,30.230158202932216,34382469632,13.888538055005483,24.367404499033,12.519083900027908,1,11.848320599005092,159.75858138798503,23.437746082316153
pretrained_exact_k16,121,52bd0ce1e5bddc3a318df1ac5a4b93f4de09be5c97deb72773640095dac1ffa6,96e721b998e240b7ca1d0b6dab2e9a90fe1a1b334915d2ff2d222c2610ad87ba,warm,not_applicable_frames_redecoded_each_question,16.0,64.0,64.0,48453,48384,False,30.07840503595071,34380594688,14.55942560301628,24.1596870800131,12.537096957035828,1,11.622590122977272,160.720491088985,23.311319389846176
pretrained_exact_k16,122,7bb0ed7fbbd7c6bb402af260fc81747e26aea2f6be274f9084a5177593b65fc1,96e721b998e240b7ca1d0b6dab2e9a90fe1a1b334915d2ff2d222c2610ad87ba,warm,not_applicable_frames_redecoded_each_question,16.0,64.0,64.0,48456,48384,False,29.979891725000925,34381719552,13.100704421987757,24.27070403797552,12.528964086959604,1,11.741739951015916,156.12206653197063,23.24041039805161
pretrained_exact_k16,123,ca9cdf15dbad79ad47027ecdfbac61047d3e5ca51c960adc53aa66d725e9e138,96e721b998e240b7ca1d0b6dab2e9a90fe1a1b334915d2ff2d222c2610ad87ba,warm,not_applicable_frames_redecoded_each_question,16.0,64.0,64.0,48470,48384,False,30.067263888020534,34386969600,13.476304752985016,24.52523555100197,12.54912153602345,1,11.97611401497852,158.20376134396065,23.322385259903967
pretrained_exact_k16,124,99c92c8e0b1560c91b4274a2f3ffb6b816b5d32fef875677a8ff22e822a44250,96e721b998e240b7ca1d0b6dab2e9a90fe1a1b334915d2ff2d222c2610ad87ba,warm,not_applicable_frames_redecoded_each_question,16.0,64.0,64.0,48477,48384,False,29.9727767209406,34389594112,13.409265455033164,24.294184661004692,12.567406265996397,1,11.726778395008296,157.5532532639918,23.234623564057983
pretrained_exact_k16,125,877bc142bb96f77f170eb4d28b10a8c55f3d87e92945246bcbbd72fa68d56b6a,96e721b998e240b7ca1d0b6dab2e9a90fe1a1b334915d2ff2d222c2610ad87ba,warm,not_applicable_frames_redecoded_each_question,16.0,64.0,64.0,48464,48384,False,29.873377827054355,34384719360,13.346704198047519,24.679568621038925,12.555995171016548,1,12.123573450022377,158.4108373989584,23.144276479783002
pretrained_exact_k16,126,ba6a37ba89eb6a3c90d2179739a9d63f006a2f3d9b37bac0c35c607163e94363,e4a648592e275da156f5b4071bc7f7a5c2a011acc488bccb511d4fb040ec6470,warm,not_applicable_frames_redecoded_each_question,16.0,64.0,64.0,48470,48384,False,30.110842355003115,34386969600,22.48552856099559,24.86816364497645,12.56782704096986,1,12.300336604006588,155.43319090799196,23.337817633873783
pretrained_exact_k16,127,78ad4f8f282c1506b745582cef5f3a33e2386251c8eac488675e02b9aa17c31f,e4a648592e275da156f5b4071bc7f7a5c2a011acc488bccb511d4fb040ec6470,warm,not_applicable_frames_redecoded_each_question,16.0,64.0,64.0,48463,48384,False,29.963143040135037,34384344576,16.71267642098246,24.283505841041915,12.561918849067297,1,11.721586991974618,163.1570472070016,23.214550695207436
pretrained_exact_k16,128,b364ab79f6f3f956db64a50fcb1c52e8fed6c4da3dd3c865f3f79154cdf3cc82,e4a648592e275da156f5b4071bc7f7a5c2a011acc488bccb511d4fb040ec6470,warm,not_applicable_frames_redecoded_each_question,16.0,64.0,64.0,48481,48384,False,30.001836790819652,34391094272,15.83743177499855,24.676648921973538,12.57227658899501,1,12.104372332978528,156.25016145105474,23.256672559014987
pretrained_exact_k16,129,3efb37a0100d4121c828759869cd74376cfe8d6c8a4039765c0eba4fc59814a4,02b39ee0ca124d991febda1cbf4d0ee95ebcc0ef03106a49b3fe7c4d28178e78,warm,not_applicable_frames_redecoded_each_question,16.0,64.0,64.0,48469,48384,False,30.201216435059905,34386594304,23.238186183967628,24.313244170043617,12.55622247006977,1,11.757021699973848,157.73945625300985,23.444345952011645
pretrained_exact_k16,130,7f71c61f3d1a4c08f16ef984803967967a2e344381b6f758cb2d2806d0c3c41c,02b39ee0ca124d991febda1cbf4d0ee95ebcc0ef03106a49b3fe7c4d28178e78,warm,not_applicable_frames_redecoded_each_question,16.0,64.0,64.0,48467,48384,False,30.044852959981654,34385844736,17.157264020992443,24.40485767001519,12.557727427047212,1,11.847130242967978,160.97110454697395,23.309662164130714
pretrained_exact_k16,131,ab78bfc7b84e9909b9a5fefca2cd4609642c94688556034d892235dc847ac44c,eb282257ef73857bb2648e0a8099894dcdae7fedba91cfaf38ee24148b529e3e,warm,not_applicable_frames_redecoded_each_question,16.0,64.0,64.0,48443,48384,False,29.994824189983774,34376842752,25.537948186974972,24.294343710003886,12.544574646977708,1,11.749769063026179,159.70555922103813,23.224386806075927
pretrained_exact_k16,132,771ae2c3bf8579f4e75d0b366b12dbc6e2ab90cafe7e66924e1db0fd688e61b7,99c687bd3e7dc1200f5f6bf3f2b8317cb2f0328719d6d7ae781ec7c193b7a645,warm,not_applicable_frames_redecoded_each_question,16.0,64.0,64.0,48461,48384,False,29.994709211983718,34383593984,15.16352686000755,24.58756886399351,12.564494954014663,1,12.023073909978848,157.88539355498506,23.251741098007187
pretrained_exact_k16,133,56fb4cec75c3397ff156597d4830fe84485f02385594a5e2797a86f5d6b90512,99c687bd3e7dc1200f5f6bf3f2b8317cb2f0328719d6d7ae781ec7c193b7a645,warm,not_applicable_frames_redecoded_each_question,16.0,64.0,64.0,48472,48384,False,30.022934951004572,34387719680,12.84605252201436,24.144866820948664,12.538955284981057,1,11.605911535967607,158.0644282400026,23.266274050984066
pretrained_exact_k16,134,730a70f3dc5c07cb1e10bb3c4e2ef6fbdd9a0882f9acb70782240055f04a8afc,99c687bd3e7dc1200f5f6bf3f2b8317cb2f0328719d6d7ae781ec7c193b7a645,warm,not_applicable_frames_redecoded_each_question,16.0,64.0,64.0,48463,48384,False,29.99160951981321,34384344576,12.469367376994342,24.28535440104315,12.566487599047832,1,11.718866801995318,154.25911007303512,23.241618779022247
pretrained_exact_k16,135,709b11597f3edd653f04c3ffb313af753efcb15f32ccbfedd7dd14f0f036580d,4ef4fe14b65dac37095ff46eb4fa261c74f7a0e08e765d9e60d5c2dae4879256,warm,not_applicable_frames_redecoded_each_question,16.0,64.0,64.0,48461,48384,False,30.1932921858388,34383594496,15.186581857968122,24.435892891022377,12.571385472023394,1,11.864507418998983,156.95346223202068,23.438485065184068
pretrained_exact_k16,136,5b81426f280f7fb942060779d9bba2e496a382ce065fdbddad58a5e55b161d02,258dbc13eee78a697bba44c9a4bd1684b7e33b06fd9166b8f8d13906906e5bc8,warm,not_applicable_frames_redecoded_each_question,16.0,64.0,64.0,48468,48384,False,30.00489992200164,34386219520,19.953625197988003,24.843120874022134,12.52074145100778,1,12.322379423014354,156.64806945400778,23.262853120919317
pretrained_exact_k16,137,5f870e24ec927d8adc463b524bf7566a3fb52d32fe908596cb718438b1fbfb27,258dbc13eee78a697bba44c9a4bd1684b7e33b06fd9166b8f8d13906906e5bc8,warm,not_applicable_frames_redecoded_each_question,16.0,64.0,64.0,48467,48384,False,30.06246734020533,34385844736,16.535116210987326,24.331291312002577,12.547339604003355,1,11.783951707999222,159.05219904903788,23.31661927292589
pretrained_exact_k16,138,885bcab317d274fc14d80c896888855affc4d9adf1869564202ede4b306841f5,258dbc13eee78a697bba44c9a4bd1684b7e33b06fd9166b8f8d13906906e5bc8,warm,not_applicable_frames_redecoded_each_question,16.0,64.0,64.0,48468,48384,False,30.12473257788224,34386219520,15.24573142704321,24.730838307994418,12.542231514991727,1,12.188606793002691,157.20663833600702,23.36141976399813
pretrained_exact_k16,139,ee9330ca822462f5570462ad5dc6fe433a1dad907b10af2bb3cbff6f5c93ed33,258dbc13eee78a697bba44c9a4bd1684b7e33b06fd9166b8f8d13906906e5bc8,warm,not_applicable_frames_redecoded_each_question,16.0,64.0,64.0,48458,48384,False,30.124415039026644,34382469632,15.514182198035996,24.274129327968694,12.55267714196816,1,11.721452186000533,160.2650801030104,23.356672944151796
pretrained_exact_k16,140,d9434b0b064bbfb9a9966bf5986035f3df0f9820ecd42e488b3e6b4ae62123d9,258dbc13eee78a697bba44c9a4bd1684b7e33b06fd9166b8f8d13906906e5bc8,warm,not_applicable_frames_redecoded_each_question,16.0,64.0,64.0,48471,48384,False,29.999265330145136,34387344384,14.785474116972182,24.70327925501624,12.56755645602243,1,12.135722798993811,156.24983362702187,23.25443435407942
pretrained_exact_k16,141,0b5e19bebf814d213ac97b417a3a9ad695fc0d1ec57492ad8f3d4955ba3f38c9,258dbc13eee78a697bba44c9a4bd1684b7e33b06fd9166b8f8d13906906e5bc8,warm,not_applicable_frames_redecoded_each_question,16.0,64.0,64.0,48466,48384,False,30.12454967206577,34385469440,17.556025691970717,24.451487671991345,12.57739627599949,1,11.874091395991854,157.37995817494811,23.37947526195785
pretrained_exact_k16,142,52db5d9b1e462c91408d85d5d0789d3f447c3931ac5f24d3576dcb43539ccf8c,149d80447cbe7800572c6d04419492cb72625b04774d93aed24c4169719a6af9,warm,not_applicable_frames_redecoded_each_question,16.0,64.0,64.0,48453,48384,False,29.97072319604922,34380594688,20.645583645964507,24.790818887995556,12.564380800002255,1,12.226438087993301,155.2643816350028,23.213590777944773
pretrained_exact_k16,143,b1a57fb18e65d591be7e5f2698208140aa76b79f63f5be4c56494934eb310500,149d80447cbe7800572c6d04419492cb72625b04774d93aed24c4169719a6af9,warm,not_applicable_frames_redecoded_each_question,16.0,64.0,64.0,48465,48384,False,30.10030973906396,34385094656,17.16999277099967,24.3072275420418,12.571120096021332,1,11.736107446020469,158.63894076499855,23.33916168194264
pretrained_exact_k16,144,9094d47ce2aae122f36958226aa35cb95c60819d892f91c59d9a9969ae58b2e9,149d80447cbe7800572c6d04419492cb72625b04774d93aed24c4169719a6af9,warm,not_applicable_frames_redecoded_each_question,16.0,64.0,64.0,48456,48384,False,30.12894247996155,34381719552,15.558998800988775,24.916521903011017,12.558727508992888,1,12.357794394018129,155.60972142097307,23.362247437005863
pretrained_exact_k16,145,d9b841fe72c18931d739f75c5f2ce1667cba355f34078cc9f88cb8c49950e91e,149d80447cbe7800572c6d04419492cb72625b04774d93aed24c4169719a6af9,warm,not_applicable_frames_redecoded_each_question,16.0,64.0,64.0,48469,48384,False,30.177473284769803,34386594304,15.91707367496565,24.411559199972544,12.575215329998173,1,11.836343869974371,161.1102647719672,23.41325638006674
pretrained_exact_k16,146,0799b2d17cd0b084ad6ea61efdb83bc75281e60190ca2ab8a615d479802a0510,149d80447cbe7800572c6d04419492cb72625b04774d93aed24c4169719a6af9,warm,not_applicable_frames_redecoded_each_question,16.0,64.0,64.0,48463,48384,False,30.178714027861133,34384344576,15.996052998991217,24.321362507995218,12.58434878801927,1,11.737013719975948,160.00423474999843,23.40743810380809
pretrained_exact_k16,147,666f97f5cd8cbb6a42322b8614d82d8ecdb820cb16807919ec1d38ff83e05fbe,149d80447cbe7800572c6d04419492cb72625b04774d93aed24c4169719a6af9,warm,not_applicable_frames_redecoded_each_question,16.0,64.0,64.0,48460,48384,False,30.08528830407886,34383219712,15.29469730501296,24.658462521038018,12.584441833081655,1,12.074020687956363,158.3520480809966,23.32992756605381
pretrained_exact_k16,148,9ed2434d7cdf0a8c6b89781f186e29384741d1437b4dbb28988df4ec96940e60,790abd0d407d7ad3ec672c63d78f568090662cd543c228268a741119fbf443f5,warm,not_applicable_frames_redecoded_each_question,16.0,64.0,64.0,48466,48384,False,30.11303875397425,34385469440,20.631017927022185,24.917098453035578,12.603712181036826,1,12.313386271998752,158.05037883197656,23.350414032815024
pretrained_exact_k16,149,3d0bca2b5dd535f000f79b4c73354e9c8bede0f1266f0894f7517c7573ba4abe,790abd0d407d7ad3ec672c63d78f568090662cd543c228268a741119fbf443f5,warm,not_applicable_frames_redecoded_each_question,16.0,64.0,64.0,48485,48384,False,29.98049825587077,34392594432,15.970373691001441,24.48842699098168,12.542269808007404,1,11.946157182974275,160.00480681302724,23.23902123089647
pretrained_exact_k16,150,8657612496d5a6e7a9eebf16fa1cdd863028c1beee0a9d0bfce7ae0ee7b58afe,790abd0d407d7ad3ec672c63d78f568090662cd543c228268a741119fbf443f5,warm,not_applicable_frames_redecoded_each_question,16.0,64.0,64.0,48468,48384,False,30.047658737865277,34386219520,15.492735610052478,24.29031000798568,12.539690785983112,1,11.75061922200257,155.0067161989864,23.312685819983017
pretrained_exact_k16,151,d150939414fb9f48f6dcd3584b68cdc198e88486b52f7e63d70320d71fa1be64,a28a1ecae7916a44753139d075937d76cefaaff0c0c71fe858ade45741fff829,warm,not_applicable_frames_redecoded_each_question,16.0,64.0,64.0,48463,48384,False,30.080293588107452,34384344576,5.79614310094621,24.335401994991116,12.560407346987631,1,11.774994648003485,143.45487261703238,23.330166167928837
pretrained_exact_k16,152,ab2b53ac1f021754f0fcf85530d466082dfe33ab03eb67e9fe0ed80a02ececd4,a28a1ecae7916a44753139d075937d76cefaaff0c0c71fe858ade45741fff829,warm,not_applicable_frames_redecoded_each_question,16.0,64.0,64.0,48454,48384,False,30.149120825051796,34380969984,4.154621156048961,24.453519744973164,12.553315722965635,1,11.900204022007529,148.3080535029876,23.378876176837366
pretrained_exact_k16,153,16fd1f871512954e521d8a67b230ebef17f859f7a0717814e1751e50ad7a95e7,a28a1ecae7916a44753139d075937d76cefaaff0c0c71fe858ade45741fff829,warm,not_applicable_frames_redecoded_each_question,16.0,64.0,64.0,48457,48384,False,29.897668252931908,34382094848,4.176417897979263,24.52529764699284,12.565234806970693,1,11.960062840022147,143.66458078095457,23.158319707144983
pretrained_exact_k16,154,23e0f85fb201ffd6295883e748628eb0ccf22737020e0b05cd445b1a3f664344,18afb9093c4530554fc3691ba94be5fc780e55e10fa1a6ffce1c1d41b71ee6c5,warm,not_applicable_frames_redecoded_each_question,16.0,64.0,64.0,48458,48384,False,30.022404269024264,34382469632,5.489873379003257,24.403076349990442,12.574561641959008,1,11.828514708031435,142.96598026604624,23.260658546118066
pretrained_exact_k16,155,966b935d53fbbe9baf35a7826f6a3671e2421693febcff00bee1499186d5393e,18afb9093c4530554fc3691ba94be5fc780e55e10fa1a6ffce1c1d41b71ee6c5,warm,not_applicable_frames_redecoded_each_question,16.0,64.0,64.0,48464,48384,False,30.11331390478881,34384719360,4.005024585989304,24.490865822008345,12.55009637499461,1,11.940769447013736,147.43068395799492,23.36136841593543
pretrained_exact_k16,156,5f8981eed0355034f76838fc7842ecc7fec0984bca3426e28934e4f72e7dadf7,53c93e34cfc303e0c9ef65b90fb8488e0f56525a3b3a7b02244067dddb160e53,warm,not_applicable_frames_redecoded_each_question,16.0,64.0,64.0,48461,48384,False,30.101262747019064,34383594496,5.503098825982306,24.754417949996423,12.57836565200705,1,12.176052297989372,143.47908006201033,23.32505175290862
pretrained_exact_k16,157,2e1cb5280c95a58ac9b7c4af068669b20406f48a3a88b799cbef85aef2411c13,53c93e34cfc303e0c9ef65b90fb8488e0f56525a3b3a7b02244067dddb160e53,warm,not_applicable_frames_redecoded_each_question,16.0,64.0,64.0,48456,48384,False,30.01367083907826,34381719552,4.117376887006685,24.270913344982546,12.57774639397394,1,11.693166951008607,145.05091275600716,23.269365795888007
pretrained_exact_k16,158,82b68e3a4033fa8e4cf2027ab65206e710694dcb80f1c5200a9552ead740cfe7,53c93e34cfc303e0c9ef65b90fb8488e0f56525a3b3a7b02244067dddb160e53,warm,not_applicable_frames_redecoded_each_question,16.0,64.0,64.0,48455,48384,False,30.204904156853445,34381344768,3.9413743289769627,24.447703338984866,12.605032491032034,1,11.842670847952832,137.1678918590187,23.442308066005353
pretrained_exact_k16,159,211a7276abca5a597d3a6d4a2ed3fffadc191c2a59fe965db2a50552292e3cdd,f5048ff5f94e1f4d932440aedaa1354bb20aba0f40db1bc6e4d65a4a3d0f6e31,warm,not_applicable_frames_redecoded_each_question,16.0,64.0,64.0,48472,48384,False,30.050999639905058,34387719680,6.0310095510212705,24.50084617297398,12.606419474992435,1,11.894426697981544,143.50325022998732,23.304487053886987
pretrained_exact_k16,160,6ef8d0473791e629c395aa82d0236826ec5d4bd6728af478d6d467415274cea6,f5048ff5f94e1f4d932440aedaa1354bb20aba0f40db1bc6e4d65a4a3d0f6e31,warm,not_applicable_frames_redecoded_each_question,16.0,64.0,64.0,48471,48384,False,31.813817742979154,34387344384,4.188710987975355,24.799149274011143,12.555696507974062,1,12.24345276603708,142.60818721004762,25.05588398006512
pretrained_exact_k16,161,acd869ed7f9b97bb251a3024d99139954f8c38cebd2629a79713530071fa2ae0,9fdc8db65e958e757576e7e650c48f07fb322eb887ade28d2cd08b42b7463f17,warm,not_applicable_frames_redecoded_each_question,16.0,64.0,64.0,48501,48384,False,30.084929491160437,34398594048,21.22581396397436,24.51489298098022,12.554289916995913,1,11.960603063984308,162.15736579801887,23.345244425116107
pretrained_exact_k16,162,4cbe773cc1df487c640ff502574464164b2c09a7ec5399575f357a474a725f89,9fdc8db65e958e757576e7e650c48f07fb322eb887ade28d2cd08b42b7463f17,warm,not_applicable_frames_redecoded_each_question,16.0,64.0,64.0,48465,48384,False,30.038302214059513,34385094656,17.55339246802032,24.683375836000778,12.569017039961182,1,12.114358796039596,156.5797677579685,23.29964495508466
pretrained_exact_k16,163,d4f257bcba81f98909929db99c8f3f8f981f117b1663fe7b43a3bc717dad7120,eb903117643e5935c18e76a1c22f552a965694dcdf914c83756773d7038ee67e,warm,not_applicable_frames_redecoded_each_question,16.0,64.0,64.0,48477,48384,False,29.93176571902586,34389594112,22.084077815990895,24.422080977004953,12.586631320999004,1,11.835449656005949,159.0136639670236,23.194276096881367
pretrained_exact_k16,164,7252cfb46da2615df0b17912e19ad6213cbdc36cab9189d458db46194242148e,eb903117643e5935c18e76a1c22f552a965694dcdf914c83756773d7038ee67e,warm,not_applicable_frames_redecoded_each_question,16.0,64.0,64.0,48458,48384,False,30.091093445953447,34382469632,16.43237411096925,24.970374372962397,12.590024529956281,1,12.380349843006115,158.2113687499659,23.33901071798755
pretrained_exact_k16,165,5978701b77de1abf4710ed04ba4046ea24e92a3fb4b50688c49e1ca923fd2af8,f5fd1414220835235040e482aa0e13ba3856f4f24a485eb46de7592347ca439e,warm,not_applicable_frames_redecoded_each_question,16.0,64.0,64.0,48470,48384,False,30.018163731787354,34386969600,20.130314951005857,24.233116723014973,12.593589965021238,1,11.639526757993735,160.41276490601012,23.27854193217354
pretrained_exact_k16,166,a689ac7bb19b24747af08eb358be7f9d88b5aafe5b63e3aeff4d4bd11563ca1b,f5fd1414220835235040e482aa0e13ba3856f4f24a485eb46de7592347ca439e,warm,not_applicable_frames_redecoded_each_question,16.0,64.0,64.0,48491,48384,False,30.040180658979807,34394844160,15.404150531976484,24.303089354012627,12.595577556057833,1,11.707511797954794,158.08401447802316,23.302365241921507
pretrained_exact_k16,167,44662e2ca2112d5a04d6f938796c313d0e754f6964849cbc2746e0afb6fa152e,f5fd1414220835235040e482aa0e13ba3856f4f24a485eb46de7592347ca439e,warm,not_applicable_frames_redecoded_each_question,16.0,64.0,64.0,48468,48384,False,30.033830886008218,34386219520,15.81579744501505,24.29640680796001,12.608186979952734,1,11.688219828007277,160.44859046000056,23.27331536670681
pretrained_exact_k16,168,73a6f0e6ee431b1f788b6ffebae85f2eb416954bcdd05e3cd87bdaebb9e07f79,f5fd1414220835235040e482aa0e13ba3856f4f24a485eb46de7592347ca439e,warm,not_applicable_frames_redecoded_each_question,16.0,64.0,64.0,48464,48384,False,29.770631405059248,34384719360,15.669131639995612,24.43925777898403,12.642600196995772,1,11.796657581988256,157.94003969000187,23.04387670394499
pretrained_exact_k16,169,c89b1060879fc2eb617a472feedd4f63b706430e6fdded5fe8c9bd4fbbe3f74e,f5fd1414220835235040e482aa0e13ba3856f4f24a485eb46de7592347ca439e,warm,not_applicable_frames_redecoded_each_question,16.0,64.0,64.0,48474,48384,False,30.055128467967734,34388469248,15.48890424403362,24.55976004904369,12.5884669040679,1,11.971293144975789,161.21178316802252,23.317580327158794
pretrained_exact_k16,170,940efc2bb50a7c1c4fc0d7ec86e75cc9f61b61081373cad6a74356eb93a85a68,6c058f74f6c6741c8da2642fc872ebcb2b8c1d174add3d3aca9192f5a18691e4,warm,not_applicable_frames_redecoded_each_question,16.0,64.0,64.0,48461,48384,False,30.01477853191318,34383594496,19.35460838698782,24.236463684996124,12.56890072900569,1,11.667562955990434,155.74789617297938,23.255864064965863
pretrained_exact_k16,171,77fa376df248241c91b00032bf41628d0892d640940b2284f6a7be46a35cb883,6c058f74f6c6741c8da2642fc872ebcb2b8c1d174add3d3aca9192f5a18691e4,warm,not_applicable_frames_redecoded_each_question,16.0,64.0,64.0,48462,48384,False,30.262204156955704,34383969792,15.13558015000308,24.43378742900677,12.545383029035293,1,11.888404399971478,160.41994874400552,23.491133649949916
pretrained_exact_k16,172,2c5c9ba619fd918e5ef579cf4117b845b3967849a945e23527e3556b9855a075,823136ee9853c9c6bdce3e6ebe294f0f3093a0dd06545c3730cba555730b5437,warm,not_applicable_frames_redecoded_each_question,16.0,64.0,64.0,48485,48384,False,30.109378262015525,34392594432,21.12738270504633,24.757306272978894,12.554711580974981,1,12.202594692003913,157.28924301598454,23.355068755918182
pretrained_exact_k16,173,b5d2e9c19dfe1b359f868cb3584bb65ffdb5ee8e1c580f884b3cabb5e661826a,823136ee9853c9c6bdce3e6ebe294f0f3093a0dd06545c3730cba555730b5437,warm,not_applicable_frames_redecoded_each_question,16.0,64.0,64.0,48463,48384,False,30.15894890180789,34384344576,16.094567772001028,24.334753557981458,12.576964524982031,1,11.757789032999426,161.33913141104858,23.39164100191556
pretrained_exact_k16,174,85d9af8597e5bbca917df5d37ba8df399510748ac37d3727d950981b593f6e46,823136ee9853c9c6bdce3e6ebe294f0f3093a0dd06545c3730cba555730b5437,warm,not_applicable_frames_redecoded_each_question,16.0,64.0,64.0,48468,48384,False,30.04224593791878,34386219520,16.41998397599673,24.913632182986476,12.567555078014266,1,12.34607710497221,157.34564201999456,23.3096576819662
pretrained_exact_k16,175,cf25852ee5a684fc880b604e16295064c5e50643fc8b475b4d53eb48fa0e0f10,823136ee9853c9c6bdce3e6ebe294f0f3093a0dd06545c3730cba555730b5437,warm,not_applicable_frames_redecoded_each_question,16.0,64.0,64.0,48459,48384,False,29.806650059879757,34382844928,15.778055167989805,24.57543894398259,12.602589331974741,1,11.972849612007849,159.44119166303426,23.059403687075246
pretrained_exact_k16,176,853721f5443c6b72c5954914b3dfe8ce8d03e251edd35d335756f689c5f7492d,823136ee9853c9c6bdce3e6ebe294f0f3093a0dd06545c3730cba555730b5437,warm,not_applicable_frames_redecoded_each_question,16.0,64.0,64.0,48462,48384,False,30.077739785192534,34383969792,17.487667385023087,24.464990551001392,12.571226180007216,1,11.893764370994177,157.23887413699413,23.318010870134458
pretrained_exact_k16,177,718d309b2db53f2a2da338c239c0c585ff3c5354fe5b6365ce446fd1fa9737ed,87361da87510da80616651b6271711e0b8f3420e27915e17c57d6541e29bd049,warm,not_applicable_frames_redecoded_each_question,16.0,64.0,64.0,48462,48384,False,30.09197906195186,34383969792,15.351140516984742,24.439015901996754,12.589851327007636,1,11.849164574989118,159.62937764596427,23.352371928165667
pretrained_exact_k16,178,dde5522c48b71e5cad9c49ce470228553027894fb373680366879885e91b2f10,2e754ed78b728c5a6c111681b41c664eef6a5d87ced8911900b390ddd657fb28,warm,not_applicable_frames_redecoded_each_question,16.0,64.0,64.0,48474,48384,False,30.264527504041325,34388469248,14.777190649998374,24.868027093994897,12.599799951014575,1,12.268227142980322,159.22180875501363,23.49162859399803
pretrained_exact_k16,179,1783a8edeaf426d2c4c11f8c39ccfd9628aa738af5286473c3c170a6005a053d,1d47fdeb452f29618fc34131a700b34e8259515fe701d1b805637dd20920e25a,warm,not_applicable_frames_redecoded_each_question,16.0,64.0,64.0,48485,48384,False,30.162093660910614,34392594432,21.861920047958847,24.433952524035703,12.602615805051755,1,11.831336718983948,161.43434290302685,23.397400500893127
pretrained_exact_k16,180,a88b43a8f271eb7d5f3f3479444eb1590f6662b293740bcae4e4dcb9f778cadf,16a6a771dbf97a3b0137bc1b23a0b4633dbe561b02b2a38bf2b19cf4a9222a79,warm,not_applicable_frames_redecoded_each_question,16.0,64.0,64.0,48468,48384,False,30.00680271803867,34386219520,20.77821463701548,24.43066249100957,12.59780900098849,1,11.83285349002108,156.64875432197005,23.268459648126736
pretrained_exact_k16,181,42c086cb8afb500a93398f7a0f02087942b398e0c0fb82e1a1a7b02a17e72870,f7ff267c331dc59d0bee73f37cbea0829410c9a8fed3198df820621c4baaa5de,warm,not_applicable_frames_redecoded_each_question,16.0,64.0,64.0,48473,48384,False,30.01244896213757,34388094464,19.51173754001502,24.555639523023274,12.569269828032702,1,11.986369694990572,160.1255769659765,23.270782552834135
pretrained_exact_k16,182,69792238a6153e2fcc6d6a6e5539891588fc2a03795342668265ab9ec7e6ce8b,b141c84c286556ad33082a1cef2eb8e7a968a199256ad1804aa329dfb963852b,warm,not_applicable_frames_redecoded_each_question,16.0,64.0,64.0,48457,48384,False,29.918666318117175,34382094848,15.814345197984949,24.81181545299478,12.568953887966927,1,12.242861565027852,157.622246103012,23.171701910963748
pretrained_exact_k16,183,bfca73246f2229783e6c053e367e4d85dd6d0eddd88de350b98f8a1a364c390e,f52d723bd90c41751da50849378a067a6b93f652f8297117f490aa9a75707179,warm,not_applicable_frames_redecoded_each_question,16.0,64.0,64.0,48461,48384,False,30.06706432806095,34383594496,15.935408641002141,24.325206244015135,12.563588686985895,1,11.76161755702924,162.25151429598918,23.32570762227988
pretrained_exact_k16,184,f948dff0f143e2489fb0dcf7789f0b0a9b0c68f0b74331ca7c622a8a5dfeff4f,3360c3d4615380b43e3a445a5e6abaf2238f116dfd4a092aac001177a32b7b4a,warm,not_applicable_frames_redecoded_each_question,16.0,64.0,64.0,48471,48384,False,29.991384968045168,34387344384,14.332918411004357,24.242588242981583,12.560648572980426,1,11.681939670001157,155.88937980897026,23.243021063040942
pretrained_exact_k16,185,b26c586b4d396548c934f27c8656b4668b3aebac1284ee1fcc91fa4d946556b8,aff9f69cbd0b5cde09593bd08e9817efff20f61016c20264813ac123b2b48e71,warm,not_applicable_frames_redecoded_each_question,16.0,64.0,64.0,48461,48384,False,30.201226236938965,34383594496,13.851269957027398,24.644987931009382,12.566367239982355,1,12.078620691027027,158.33713217900367,23.442550375824794
pretrained_exact_k16,186,ef55dad332c9c1359e18641618217eae935ec4f0685a18aa17a3941cc6070645,aff9f69cbd0b5cde09593bd08e9817efff20f61016c20264813ac123b2b48e71,warm,not_applicable_frames_redecoded_each_question,16.0,64.0,64.0,48487,48384,False,30.048849788145162,34393344000,13.939362692006398,24.85047032102011,12.567598595051095,1,12.282871725969017,158.89536421198864,23.28224555210909
pretrained_exact_k16,187,1d56a6e5c0383b6d7da76740b44e4f70d7c39ec285f766dc946fa18704dbfda8,aff9f69cbd0b5cde09593bd08e9817efff20f61016c20264813ac123b2b48e71,warm,not_applicable_frames_redecoded_each_question,16.0,64.0,64.0,48463,48384,False,29.95722979475977,34384344576,13.855762306018732,24.28615002799779,12.587043314008042,1,11.69910671398975,161.85353491199203,23.19102295587072
pretrained_exact_k16,188,d595688ad2d3e9b1160dcb9fc9183fc594fefa0be1511cf62426e1944a24f581,375856597d7673f8d2cb631fb4755ddee5e4e11ed2683e393fd3a216f3a69f6d,warm,not_applicable_frames_redecoded_each_question,16.0,64.0,64.0,48503,48384,False,30.047385497950017,34399344128,15.091871782031376,25.07907661696663,12.59632834896911,1,12.482748267997522,158.13863502099412,23.311038389976602
pretrained_exact_k16,189,1d3c6b5cd4f038814ffdf16cc2647165b2d992880dea77187b95c24ba852a09c,3329a21d227a6be0a2365aeb799314b5d87fb24a4d8e6ef9976980457180e718,warm,not_applicable_frames_redecoded_each_question,16.0,64.0,64.0,48507,48384,False,29.797221320157405,34400843776,14.940280889044516,24.701660812017508,12.59316301700892,1,12.108497795008589,160.03302268998232,23.035399833868723
pretrained_exact_k16,190,b19fbbabdbce9368ec99423fc9529e7e08c30dba98eae75e7fec47d1a3d16fb9,1847a1d328ca465828c9c8f4968402a1c7942d592c2771e75d9384fb69c911b3,warm,not_applicable_frames_redecoded_each_question,16.0,64.0,64.0,48461,48384,False,29.9488267218112,34383594496,15.014892289997078,24.685306744999252,12.602968241029885,1,12.082338503969368,156.00225887796842,23.218837248918135
pretrained_exact_k16,191,2ec7751f2be0ad25b042f51e2d8233390de2646c976c47091ecd6a593ef33680,e52c8b09020591e417d74ee3da67f5e3ec8aa6b24935c47c1d666978b7fc3eb0,warm,not_applicable_frames_redecoded_each_question,16.0,64.0,64.0,48468,48384,False,30.013504189962987,34386219520,14.303413680987433,24.34306350600673,12.600805009016767,1,11.742258496989962,158.3566435459652,23.25472114601871
pretrained_exact_k16,192,93a7e67a7f1c37b8661fc67d5ae2ef2c0903997670e67f8a93f99b16b8a647b6,e52c8b09020591e417d74ee3da67f5e3ec8aa6b24935c47c1d666978b7fc3eb0,warm,not_applicable_frames_redecoded_each_question,16.0,64.0,64.0,48470,48384,False,30.00329792383127,34386969600,14.073035528999753,24.521031040989328,12.607122724992223,1,11.913908315997105,158.07480058597866,23.25833511404926
pretrained_exact_k16,193,4b08a933333a105bf81d8464fb2b5d107eab355c9cdb6fc619189d6a9e4b343b,835211e402dc259697b943fc634f76839d7b108c76f47e7fe9764f1ec2ceb415,warm,not_applicable_frames_redecoded_each_question,16.0,64.0,64.0,48476,48384,False,29.805339712940622,34389219328,16.493628229014575,24.56520344503224,12.553345295076724,1,12.011858149955515,160.52839370898437,23.069975840102416
pretrained_exact_k16,194,1fa1bec38fb747bb3b72806ffcb31a210506fd9796e6a899098d4584946df501,1d27309be8047d7ea9be757dbaaef34acd22d90cf33df3b3c56d5e1a7749d088,warm,not_applicable_frames_redecoded_each_question,16.0,64.0,64.0,48449,48384,False,30.127155709895305,34379095040,15.248690380016342,24.692144285014365,12.554405010014307,1,12.137739275000058,159.30746313900454,23.379662886145525
pretrained_exact_k16,195,ccb5a119dbf929e869eb1d1f56f9b62d6772ded169cff57f26a584763b57bfb6,1d27309be8047d7ea9be757dbaaef34acd22d90cf33df3b3c56d5e1a7749d088,warm,not_applicable_frames_redecoded_each_question,16.0,64.0,64.0,48454,48384,False,30.045789718918968,34380969984,15.967383721028455,24.535862432967406,12.558042304008268,1,11.977820128959138,160.16239131102338,23.280566933914088
pretrained_exact_k16,196,81cd6657a0fc1a99eb0586e52d06332c1355b90c8b859bb27db55cdb7f6b719b,1d27309be8047d7ea9be757dbaaef34acd22d90cf33df3b3c56d5e1a7749d088,warm,not_applicable_frames_redecoded_each_question,16.0,64.0,64.0,48467,48384,False,30.148002658912446,34385844736,15.369601334037725,24.93522263003979,12.576107611996122,1,12.359115018043667,157.05226520897122,23.388544394110795
pretrained_exact_k16,197,dab84f6323e9520290e2f8a60024c4f09ff4b8084df5691f2e11479d9ec4e0eb,d78ad9db57c8fcbe0b309da8b2a5d93871743c686877a842d0b897e032c4459c,warm,not_applicable_frames_redecoded_each_question,16.0,64.0,64.0,48465,48384,False,30.14025851286715,34385094656,16.355659715016373,24.592818967998028,12.582700669008773,1,12.010118298989255,160.00963720300933,23.367229111900087
pretrained_exact_k16,198,3b74155ebfed31543a9b90991d4ca6e054831de61aca3b96c5816bd7ab3b945e,cf475511de23aecbdd57ccdc40e939d16134d4fdc7d6481a5e085eb56dfadb17,warm,not_applicable_frames_redecoded_each_question,16.0,64.0,64.0,48466,48384,False,30.081732864084188,34385469440,13.811595878971275,24.860119635006413,12.582118481048383,1,12.27800115395803,158.74123373400653,23.313056629151106
pretrained_exact_k16,199,78a3d26b8b855fa7dd08e75c6ef24600ae04f30ece7b864523fba9328b63ef0a,cf475511de23aecbdd57ccdc40e939d16134d4fdc7d6481a5e085eb56dfadb17,warm,not_applicable_frames_redecoded_each_question,16.0,64.0,64.0,48471,48384,False,30.04664613911882,34387344384,13.426179696049076,24.390807415999006,12.59876427904237,1,11.792043136956636,161.64493222598685,23.30488505004905
pretrained_exact_k16,200,5fbed86a48073eeba505d732439360aac1951589b9419ef332eedcfca347f0de,a39b0b9fc8bf385dced11ecb4b39cde12b5ca5df39647e4db35771749e82fb49,warm,not_applicable_frames_redecoded_each_question,16.0,64.0,64.0,48461,48384,False,30.088942884816788,34383594496,13.853395081008784,24.607389386976138,12.601562654948793,1,12.005826732027344,156.8658420369611,23.325812601076905
pretrained_exact_k16,201,179549a2d45c7a4ba2a6543a9d44ccebce7ea84d5cf0071f3660a406348077ce,a39b0b9fc8bf385dced11ecb4b39cde12b5ca5df39647e4db35771749e82fb49,warm,not_applicable_frames_redecoded_each_question,16.0,64.0,64.0,48459,48384,False,30.135492944100406,34382844928,13.74606367299566,24.54134402499767,12.612321597989649,1,11.929022427008022,158.27124733501114,23.36929553601658
pretrained_exact_k16,202,358fa87402e9345e02233eb6edc15d22ffb07bb685f11261755a239fc5fe7658,a39b0b9fc8bf385dced11ecb4b39cde12b5ca5df39647e4db35771749e82fb49,warm,not_applicable_frames_redecoded_each_question,16.0,64.0,64.0,48464,48384,False,30.03004684590269,34384719360,13.585758364992216,24.31701737997355,12.539611239975784,1,11.777406139997765,156.27260201994795,23.278573293995578
pretrained_exact_k16,203,44e0ee65ab3404cd7df9f6590c10ce6c14ad5976e526d3e3a1472550494f49ef,b1b5de24e9591084e4e8a8cb1e59c5c29d315f062deccdbeb172d594a7a6b394,warm,not_applicable_frames_redecoded_each_question,16.0,64.0,64.0,48459,48384,False,30.04370179976104,34382844928,14.336807632993441,24.41469523595879,12.571281216980424,1,11.843414018978365,160.42998390697176,23.296710295195226
pretrained_exact_k16,204,05c0028514695f29d8e7b01e82f16ab4c023953a7af7f5db3f9c322e07568372,b1b5de24e9591084e4e8a8cb1e59c5c29d315f062deccdbeb172d594a7a6b394,warm,not_applicable_frames_redecoded_each_question,16.0,64.0,64.0,48466,48384,False,29.73254186293343,34385469440,14.115416837972589,24.96385832701344,12.544851576036308,1,12.419006750977132,159.59690640104236,22.998250788950827
pretrained_exact_k16,205,3ad80babdc3279f965c7c20748b7318b4be7ae4bfd6ef69d33d959a504b6c1da,b1b5de24e9591084e4e8a8cb1e59c5c29d315f062deccdbeb172d594a7a6b394,warm,not_applicable_frames_redecoded_each_question,16.0,64.0,64.0,48461,48384,False,30.07981817604741,34383594496,14.764302171999589,24.30970059602987,12.585598467034288,1,11.724102128995582,159.91639658401255,23.319968449010048
pretrained_exact_k16,206,6ab77af1a81c139cd3dcc3de38e5a127cd22ba4d1f61261a346ffcdd6a4e1435,8bb961fe08f88fad049206f0014e39b972012b1aa61b0623e98eb573241d1ac5,warm,not_applicable_frames_redecoded_each_question,16.0,64.0,64.0,48465,48384,False,30.055271376972087,34385094656,15.395904895965941,24.331210503994953,12.58631816203706,1,11.744892341957893,157.45236607198603,23.292517691035755
pretrained_exact_k16,207,c1611d83995454e971bfc6d26248b91bbd4f11c83f0037077dc911da690c82d5,f42d3ba9e4d180363ff79e3d50cb4a6c6fd16be547485b2b35f4a683d3f35bb9,warm,not_applicable_frames_redecoded_each_question,16.0,64.0,64.0,48464,48384,False,30.012656083970796,34384719360,13.32776176702464,24.37841391400434,12.552285478974227,1,11.826128435030114,161.89530701498734,23.25757333089132
pretrained_exact_k16,208,7307cdf798b4b505f9769139c919328787cac1b1cec5c07b4308f976e8a58727,0db9493e1de9a387ca798ad2d27055495762cf1607a27f28e0dc5a91c1e8991b,warm,not_applicable_frames_redecoded_each_question,16.0,64.0,64.0,48470,48384,False,30.05973690189421,34386969600,17.06911013100762,24.774648360034917,12.562080745061394,1,12.212567614973523,158.00339380197693,23.307649581925943
pretrained_exact_k16,209,de76eb70d62cf712342a74a48bf6232dbc7a1c938f421e2a2609fd8468736ab4,b0efdb32b1fab5457ab2b35eaf7b2bcd9c5078a9219c06d31496898d07db6e59,warm,not_applicable_frames_redecoded_each_question,16.0,64.0,64.0,48470,48384,False,32.67485847399803,34386969600,17.023347290989477,24.37373586400645,12.608455770008732,1,11.765280093997717,162.90732841199497,25.87991567904828
pretrained_exact_k16,210,48e36d163d11e7b4802c7feeeb0837bf9f3588f6bcd20f5138c0816832f09da2,cd5ebde9a1a306960430371720e8c63e1cc97952bfd703bb54f63a61329c8453,warm,not_applicable_frames_redecoded_each_question,16.0,64.0,64.0,48484,48384,False,30.03896614490077,34392219136,15.040298624022398,24.3075264779618,12.58729424799094,1,11.720232229970861,159.61633365799207,23.309118297940586
pretrained_exact_k16,211,90032c2ad80229578999827e3a03846de72583b22e2cf30f165cadb4cfe953a3,cd5ebde9a1a306960430371720e8c63e1cc97952bfd703bb54f63a61329c8453,warm,not_applicable_frames_redecoded_each_question,16.0,64.0,64.0,48458,48384,False,30.09323127917014,34382469632,14.159978545969352,24.30053086898988,12.589348862995394,1,11.711182005994488,161.3401480729808,23.336631415993907
pretrained_exact_k16,212,4294d8b5092f0a29908a4bdf6e262b15b2e2db9fd22db5f3d2b7c6f9f9ca4756,cd5ebde9a1a306960430371720e8c63e1cc97952bfd703bb54f63a61329c8453,warm,not_applicable_frames_redecoded_each_question,16.0,64.0,64.0,48457,48384,False,29.77487059403211,34382094848,14.100709307007492,24.897997529013082,12.865355353977066,1,12.032642175036017,157.2762143590371,23.011751191981602
pretrained_exact_k16,213,86afc425ef9c6cf6f627b0450bc456fa3e2c689dffade243de46fda1539f6ffc,62a931be0f08e5392a6d6f486d68a8250c9069f23aa6996ac0dcf426bb43326a,warm,not_applicable_frames_redecoded_each_question,16.0,64.0,64.0,48474,48384,False,30.008766409941018,34388469248,13.582899530010764,24.4659667420201,12.60357107204618,1,11.862395669973921,172.783217283024,23.271324086934328
pretrained_exact_k16,214,7de58dc9ab4b0ff1adff1cab3a42cc53aedc943a73bef344466465ca08dd692e,62a931be0f08e5392a6d6f486d68a8250c9069f23aa6996ac0dcf426bb43326a,warm,not_applicable_frames_redecoded_each_question,16.0,64.0,64.0,48457,48384,False,30.130829725880176,34382094848,13.510046090988908,24.770804114989005,12.590867017977871,1,12.179937097011134,178.24931858701166,23.379542850947473
pretrained_exact_k16,215,bcaca90b7cde377285ed276d81c620df6515a47ae215bbffb498b6870c2d4771,04c848b0f68fe07eecc06d2e759f7ff09c7d29b66aa33b092e7e5baf53424f58,warm,not_applicable_frames_redecoded_each_question,16.0,64.0,64.0,48464,48384,False,30.279620965069626,34384719360,13.769916680001188,24.66641847998835,12.568087849009316,1,12.098330630979035,162.5467225330067,23.520157310005743
pretrained_exact_k16,216,024526e5f8b10f5ffed22b2497505bbd976aafa845b92260da6e603791dcd553,04c848b0f68fe07eecc06d2e759f7ff09c7d29b66aa33b092e7e5baf53424f58,warm,not_applicable_frames_redecoded_each_question,16.0,64.0,64.0,48478,48384,False,30.38519084599102,34389969408,14.844166924012825,24.87829582003178,12.579928193008527,1,12.298367627023254,159.29489730799105,23.58666865201667
pretrained_exact_k16,217,28efa0c430539513d50ef3c1e0a8755b1e56845d630a216f8c90ed29e0009b1a,04c848b0f68fe07eecc06d2e759f7ff09c7d29b66aa33b092e7e5baf53424f58,warm,not_applicable_frames_redecoded_each_question,16.0,64.0,64.0,48478,48384,False,30.250914051081054,34389969408,14.074356857978273,24.2950672180159,12.593060824030545,1,11.702006393985357,163.573976863001,23.46092306385981
pretrained_exact_k16,218,bbaeeba6d129c49f0194bf04bda5157912db7d126729b80976793ee0f1bedee7,04c848b0f68fe07eecc06d2e759f7ff09c7d29b66aa33b092e7e5baf53424f58,warm,not_applicable_frames_redecoded_each_question,16.0,64.0,64.0,48480,48384,False,30.22478204307845,34390719488,13.63671950402204,24.811405869026203,12.58003832102986,1,12.231367547996342,158.79223232599907,23.457149356079753
pretrained_exact_k16,219,d742fe1ee6060b0e48ac65264f35d5096222d59fdd69aa6988a80ee233603fe5,04c848b0f68fe07eecc06d2e759f7ff09c7d29b66aa33b092e7e5baf53424f58,warm,not_applicable_frames_redecoded_each_question,16.0,64.0,64.0,48457,48384,False,30.07991580700036,34382094848,13.8280004899716,24.40575491503114,12.584710585011635,1,11.821044330019504,160.92242059501586,23.297324068145826
pretrained_exact_k16,220,c60ae64d367b91de5d36ad1786b32484e0db5524d16bb2227ebd35c44a070dd2,04c848b0f68fe07eecc06d2e759f7ff09c7d29b66aa33b092e7e5baf53424f58,warm,not_applicable_frames_redecoded_each_question,16.0,64.0,64.0,48463,48384,False,30.348801038984675,34384344576,13.52347043104237,24.845881814020686,12.5557349610026,1,12.290146853018086,160.30183701904025,23.554200778075028
pretrained_exact_k16,221,6dbf0fc3f6a2be30886f27d1b3db1f4f662fd9545b800e3a2528003ba8d02c72,04c848b0f68fe07eecc06d2e759f7ff09c7d29b66aa33b092e7e5baf53424f58,warm,not_applicable_frames_redecoded_each_question,16.0,64.0,64.0,48457,48384,False,30.12263890291797,34382094848,13.41179826197913,24.356756238965318,12.550649943004828,1,11.80610629596049,161.85295501502696,23.353287569014356
pretrained_exact_k16,222,277383a71b7411414527e6ee21171a69a9d941709b12c9596ed4da4a879ef7ba,cd79d64706668b7b2ef37a39c0f8ac7371ae5c18b352ecc900c2981f56baab5c,warm,not_applicable_frames_redecoded_each_question,16.0,64.0,64.0,48473,48384,False,30.057345067849383,34388094464,14.072115406976081,24.50887270097155,12.54910480498802,1,11.959767895983532,157.7205594240222,23.30258133384632
pretrained_exact_k16,223,fb5c20c58f5fb435c21641bbb081b9adbc96c5132c3dd2b106dc450c51b11ada,cd79d64706668b7b2ef37a39c0f8ac7371ae5c18b352ecc900c2981f56baab5c,warm,not_applicable_frames_redecoded_each_question,16.0,64.0,64.0,48471,48384,False,30.287994309095666,34387344384,13.412704428017605,24.224072314042132,12.566440436057746,1,11.657631877984386,185.4288958660327,23.493562646908686
pretrained_exact_k16,224,68c05aede5299f25c7eb91200c347306fecf8c9385f9f51a4d83a6df71da2b2c,cd79d64706668b7b2ef37a39c0f8ac7371ae5c18b352ecc900c2981f56baab5c,warm,not_applicable_frames_redecoded_each_question,16.0,64.0,64.0,48477,48384,False,30.202976125117857,34389594112,13.844654173997696,24.84750667400658,12.568912642018404,1,12.278594031988177,162.32661598501727,23.43581084004836
pretrained_exact_k16,225,3e7ecb80b2da86234cf4eba10ce6ce03885d42c8065b3c843880d30fec95c3df,cd79d64706668b7b2ef37a39c0f8ac7371ae5c18b352ecc900c2981f56baab5c,warm,not_applicable_frames_redecoded_each_question,16.0,64.0,64.0,48460,48384,False,29.84000317606842,34383219712,14.186104149033781,24.423008723999374,12.587652271031402,1,11.835356452967972,160.25246574898483,23.087671158020385
pretrained_exact_k16,226,1df15b2fd2c6ebce4d71634b9da520baf8ecd36b849ca72adee8e4fca21d2b68,cd79d64706668b7b2ef37a39c0f8ac7371ae5c18b352ecc900c2981f56baab5c,warm,not_applicable_frames_redecoded_each_question,16.0,64.0,64.0,48475,48384,False,30.07289438380394,34388844544,14.035114293976221,24.669238583999686,12.595831206010189,1,12.073407377989497,158.31101541401586,23.328284553950652
pretrained_exact_k16,227,e06824da46bf74b6fe68c151346fb8284c2e132ef8a7ca58b809ec829064a336,a37bcd91a1c31e7a71cb9995d2d8a514adc9851eb58d496e0d004f448d4251ff,warm,not_applicable_frames_redecoded_each_question,16.0,64.0,64.0,48469,48384,False,30.293765121954493,34386594304,14.650287573982496,24.62168867397122,12.619729675003327,1,12.001958998967893,164.47493599000154,23.522659504960757
pretrained_exact_k16,228,2fb53bd1cf42de5f65524e430b947b84b67f7275b71969f58faa42b3e4a130e4,c39e8be4f1ae642b499e7bd7cde1275770137f328884eb0bd3047b73c75e1aa6,warm,not_applicable_frames_redecoded_each_question,16.0,64.0,64.0,48465,48384,False,30.066750343947206,34385094656,16.570439859002363,24.78740072500659,12.575423268019222,1,12.21197745698737,185.11935886502033,23.294052700919565
pretrained_exact_k16,229,38aaf27eca4476e39ff5fa44629b1f51a95435096b88ce9fb9ada594ae72ee89,9cf7dd502c9962f52d7d5394770cfa085bc9a244776901e4091aa04a9477e98b,warm,not_applicable_frames_redecoded_each_question,16.0,64.0,64.0,48478,48384,False,30.21112065005582,34389969408,16.064194020989817,24.412199574988335,12.580016154970508,1,11.832183420017827,161.14155325095635,23.446299474977423
pretrained_exact_k16,230,17cb6c15e48270c567f4d775c385258ba80e2e89aae20f6f88b3e6b96152cbd4,a37bcd91a1c31e7a71cb9995d2d8a514adc9851eb58d496e0d004f448d4251ff,warm,not_applicable_frames_redecoded_each_question,16.0,64.0,64.0,48471,48384,False,29.954491258074995,34387344384,14.91733549797209,24.794826714030933,12.565290674043354,1,12.229536039987579,158.29388332599774,23.222526737023145
pretrained_exact_k16,231,acea1c3da35fbed9f51cf3fa252e464b963d21e78685bb5fd6c2e9c82315d15c,f7ff267c331dc59d0bee73f37cbea0829410c9a8fed3198df820621c4baaa5de,warm,not_applicable_frames_redecoded_each_question,16.0,64.0,64.0,48463,48384,False,30.26062539697159,34384344576,15.841929538990371,24.354021374019794,12.58298042602837,1,11.771040947991423,162.65148812404368,23.474059953936376
pretrained_exact_k16,232,cf99eb3c1e755e50b328da08395f0a07d050b961b47edf88b4c759ddaa5e0a75,dcb89be99715a0ba9e6b450a325068833a5877c73752769f57176113e6dcfccc,warm,not_applicable_frames_redecoded_each_question,16.0,64.0,64.0,48471,48384,False,30.026528771035373,34387344384,16.49163896701066,24.588725359993987,12.577051443979144,1,12.011673916014843,160.82765485002892,23.275397767021786
pretrained_exact_k16,233,8afa5999e8afd3400520709812ab661ffbaf2e02e40600649cc7dfaa2e6e4786,c39e8be4f1ae642b499e7bd7cde1275770137f328884eb0bd3047b73c75e1aa6,warm,not_applicable_frames_redecoded_each_question,16.0,64.0,64.0,48467,48384,False,30.290264998038765,34385844736,16.73377899901243,24.25799678999465,12.570221990987193,1,11.687774799007457,165.05193999502808,23.51778062217636
pretrained_exact_k16,234,3e87b431b15ff20b94f20deab0ca5a86b9b8fe561db65665658d4e9ed1f97dd7,6df8876bdb6e07a8dcdcceffa19f3dd86981943ffd28d268315c5a4b0d37c59b,warm,not_applicable_frames_redecoded_each_question,16.0,64.0,64.0,48467,48384,False,30.1400710978196,34385844736,16.17410533502698,24.135088986018673,12.580932864977513,1,11.55415612104116,158.99753251799848,23.394734839966986
pretrained_exact_k16,235,d5a58fed10a2995c46a9a628188b072afee4c5efc552a763526aa857740e3543,8bb961fe08f88fad049206f0014e39b972012b1aa61b0623e98eb573241d1ac5,warm,not_applicable_frames_redecoded_each_question,16.0,64.0,64.0,48466,48384,False,30.157561620057095,34385469440,16.376207510009408,24.353781455021817,12.583000316983089,1,11.770781138038728,162.82894682203187,23.389575082983356
pretrained_exact_k16,236,e7155ed2facd5f09ce3d51514c34decd178cbb61a2f0fb6b4529662df3627314,f52d723bd90c41751da50849378a067a6b93f652f8297117f490aa9a75707179,warm,not_applicable_frames_redecoded_each_question,16.0,64.0,64.0,48457,48384,False,30.02594379609218,34382094848,15.290540969988797,24.256415440002456,12.602600040030666,1,11.65381539997179,158.43829291901784,23.2766226780368
pretrained_exact_k16,237,096d529395dd17c0430a5472d9eaaefcb9fd7b263fc5fe0245bf9f9a9e6f6053,3360c3d4615380b43e3a445a5e6abaf2238f116dfd4a092aac001177a32b7b4a,warm,not_applicable_frames_redecoded_each_question,16.0,64.0,64.0,48470,48384,False,30.17984167195391,34386969600,14.466923132014927,24.603181012964342,12.613779815961607,1,11.989401197002735,159.892822577036,23.411956104275305
pretrained_exact_k16,238,04cbd0a481e0b69cf8ccf566343c6b002b5cdce191b80bb90017e09902f87290,375856597d7673f8d2cb631fb4755ddee5e4e11ed2683e393fd3a216f3a69f6d,warm,not_applicable_frames_redecoded_each_question,16.0,64.0,64.0,48472,48384,False,30.125569744966924,34387719680,15.04749444796471,24.83894099900499,12.580514952016529,1,12.258426046988461,159.46687208500225,23.366583220020402
pretrained_exact_k16,239,dede0890769a17f52e7bdbda8c9ec6b57f65d42a809d2e3d4b02b3d5b824d0ea,3329a21d227a6be0a2365aeb799314b5d87fb24a4d8e6ef9976980457180e718,warm,not_applicable_frames_redecoded_each_question,16.0,64.0,64.0,48462,48384,False,30.263846558053046,34383969792,16.76482380600646,24.452019830001518,12.609908887010533,1,11.842110942990985,170.84931579302065,23.442369053896982
pretrained_exact_k16,240,4638f1da5daf1af71e150c9e213c91092c99a72c4a1e096d6dc358e9a13b256f,f42d3ba9e4d180363ff79e3d50cb4a6c6fd16be547485b2b35f4a683d3f35bb9,warm,not_applicable_frames_redecoded_each_question,16.0,64.0,64.0,48479,48384,False,30.146673372073565,34390344192,13.886291653034277,25.31432682200102,12.594571476976853,1,12.719755345024168,159.35627663397463,23.389847004029434
pretrained_exact_k16,241,72416c585e0c1d4d2ae0722f760efd97a49bc6b394faedad0db4499d1c423812,4ef4fe14b65dac37095ff46eb4fa261c74f7a0e08e765d9e60d5c2dae4879256,warm,not_applicable_frames_redecoded_each_question,16.0,64.0,64.0,48467,48384,False,30.135955796809867,34385844736,13.489466476021335,24.32087205100106,12.568445139972027,1,11.752426911029033,178.48202830995433,23.374918318877462
pretrained_exact_k16,242,39f301e9cdd13e9f1006ecc52ea3f61ed5f8b0a6ea6c7f78ebf9aeca46f77887,0db9493e1de9a387ca798ad2d27055495762cf1607a27f28e0dc5a91c1e8991b,warm,not_applicable_frames_redecoded_each_question,16.0,64.0,64.0,48481,48384,False,30.271406485990155,34391094272,17.361101635033265,24.844197411031928,12.573128871037625,1,12.271068539994303,160.0654904919793,23.498477824090514
pretrained_exact_k16,243,a9b0b9c297a7ff4d62791d9906015f173971ed1f672da135754aaedc053c4659,b0efdb32b1fab5457ab2b35eaf7b2bcd9c5078a9219c06d31496898d07db6e59,warm,not_applicable_frames_redecoded_each_question,16.0,64.0,64.0,48466,48384,False,30.106496651133057,34385469440,17.06213791598566,24.366775181959383,12.590329090948217,1,11.776446091011167,162.2255942869815,23.334225799073465
pretrained_exact_k16,244,cf97c21a245d0e613a68ade89dfb9140aab9c39af0961e8b05cc4c32d990bd66,a39b0b9fc8bf385dced11ecb4b39cde12b5ca5df39647e4db35771749e82fb49,warm,not_applicable_frames_redecoded_each_question,16.0,64.0,64.0,48466,48384,False,30.19186449609697,34385469440,14.661541777022649,24.878458340012003,12.599522154021543,1,12.27893618599046,159.269811709004,23.425017883069813
pretrained_exact_k16,245,edb04ef415dc7dfbc5fdff169dfbb15c24e993bbc56306b88ea1169a699c6422,87361da87510da80616651b6271711e0b8f3420e27915e17c57d6541e29bd049,warm,not_applicable_frames_redecoded_each_question,16.0,64.0,64.0,48456,48384,False,30.148743426951114,34381719552,13.32174327003304,24.483295483980328,12.597919248975813,1,11.885376235004514,159.1660480379942,23.394074717944022
pretrained_exact_k16,246,c47d8facc0e1091a9555814e6dbea7e686fd8f08aadb830861ffe6c661ddaa4d,96e721b998e240b7ca1d0b6dab2e9a90fe1a1b334915d2ff2d222c2610ad87ba,warm,not_applicable_frames_redecoded_each_question,16.0,64.0,64.0,48454,48384,False,30.47137149918126,34380969984,13.117537992016878,24.5738176649902,12.58011451800121,1,11.993703146988992,161.21870944899274,23.721238194033504
pretrained_exact_k16,247,e5f68ab4843a6ee9efc49846e13823fbd0d5ee88d57fe9314159e07486d339fd,96e721b998e240b7ca1d0b6dab2e9a90fe1a1b334915d2ff2d222c2610ad87ba,warm,not_applicable_frames_redecoded_each_question,16.0,64.0,64.0,48524,48384,False,30.100176324078348,34407220736,13.21492198400665,24.82648590899771,12.59547191899037,1,12.231013990007341,159.99307724199025,23.344750630960334
pretrained_exact_k16,248,b876bcabd3b60ce2e97282735ac3789714580b2e12999d2254ab9287b2c33e2e,96e721b998e240b7ca1d0b6dab2e9a90fe1a1b334915d2ff2d222c2610ad87ba,warm,not_applicable_frames_redecoded_each_question,16.0,64.0,64.0,48461,48384,False,30.177860038878862,34383595008,13.298662491026334,24.839056968980003,12.583839319937397,1,12.255217649042606,161.35993184900144,23.415907204907853
pretrained_exact_k16,249,e5dfbb3acde6e29864a33a0c753351b84a019aee0e3fe56ceb831b1776f3cca6,e776d556536c7f74b83d0390f630e7cc594a130e16159d89c13ba84b4a539d30,warm,not_applicable_frames_redecoded_each_question,16.0,64.0,64.0,48479,48384,False,30.12579649698455,34390344192,12.679086034011561,24.24223959102528,12.557842143054586,1,11.684397447970696,162.73853446001885,23.378168022143655
pretrained_exact_k16,250,b9554d8d2a27ee17cda46bd628f862808e3b43db683a53d9dee84162c71170d2,e776d556536c7f74b83d0390f630e7cc594a130e16159d89c13ba84b4a539d30,warm,not_applicable_frames_redecoded_each_question,16.0,64.0,64.0,48452,48384,False,29.933660599053837,34380219904,12.691365669947118,24.648610703996383,12.56995770597132,1,12.078652998025063,176.28447270399192,23.192539818119258
pretrained_exact_k16,251,7e583016ef7d13810719cb11cc5875c39c959feffcc99c63cfa5a49063f86fde,a28a1ecae7916a44753139d075937d76cefaaff0c0c71fe858ade45741fff829,warm,not_applicable_frames_redecoded_each_question,16.0,64.0,64.0,48456,48384,False,30.098663253011182,34381719552,4.191763359995093,24.263193289050832,12.558198880054988,1,11.704994408995844,148.38756886101328,23.34678818786051
pretrained_exact_k16,252,d333ab2191e55478fa98fd506a8fe008942e910f82ca7ec09de836120303c495,18afb9093c4530554fc3691ba94be5fc780e55e10fa1a6ffce1c1d41b71ee6c5,warm,not_applicable_frames_redecoded_each_question,16.0,64.0,64.0,48455,48384,False,30.029858492780477,34381344768,4.0677946449723095,24.71427025803132,12.558960170077626,1,12.155310087953694,142.38295140501577,23.261206842958927
pretrained_exact_k16,253,94037cefcfb104d6eb836e1f3a9f82b88cdd77a857acefb64693d3d794121458,b50dd4e19494503a68f51addf11933407fedafd4ef9c38baccf1aa7d07f35bce,warm,not_applicable_frames_redecoded_each_question,16.0,64.0,64.0,48461,48384,False,30.51139857986709,34383594496,4.113333977002185,24.23675313597778,12.580518715956714,1,11.656234420021065,149.7205333149759,23.69752597186016
pretrained_exact_k16,254,d00edae7bf9aaf5ca950fff212997b98e9dc56c1e93d601b30e6bc07059a24c0,b50dd4e19494503a68f51addf11933407fedafd4ef9c38baccf1aa7d07f35bce,warm,not_applicable_frames_redecoded_each_question,16.0,64.0,64.0,48452,48384,False,30.095320950902533,34380219904,3.870397073973436,24.67130523500964,12.578704448009375,1,12.092600787000265,160.689913359005,23.321752124931663
pretrained_exact_k16,255,fb6f6f6ce4277aefd05afa11badc5a7670a43b3c2c59283eec8f24bdc916bc00,53c93e34cfc303e0c9ef65b90fb8488e0f56525a3b3a7b02244067dddb160e53,warm,not_applicable_frames_redecoded_each_question,16.0,64.0,64.0,48474,48384,False,30.03277729207184,34388469248,4.118163475999609,24.387910576013383,12.606025542016141,1,11.781885033997241,142.32857609697385,23.27072062593652
pretrained_exact_k16,256,6b566a9e3877c0446996ae639f995127881c093d5e84e4a77cd55a691c064895,f5048ff5f94e1f4d932440aedaa1354bb20aba0f40db1bc6e4d65a4a3d0f6e31,warm,not_applicable_frames_redecoded_each_question,16.0,64.0,64.0,48459,48384,False,30.125007092021406,34382844928,4.0061301499954425,24.5940934040118,12.606323783053085,1,11.987769620958716,144.2972113789874,23.372101357090287
pretrained_exact_k16,257,7ca87ba891649d356d0c41ad89179c4119593f2e69a022c5705128a439614146,fa2e7c0311fdf17e2cbe0679c5359118d1c32fc18b5331318faa7a4d349bf1b9,warm,not_applicable_frames_redecoded_each_question,16.0,64.0,64.0,48453,48384,False,30.027117231977172,34380594688,4.225079358031508,24.267267459013965,12.610863858019002,1,11.656403600994963,143.31294397299644,23.297257358033676
pretrained_exact_k16,258,c439d535fecab4868c721c347addd45b8639ee5a6ce3df28678d95c7ed333606,fa2e7c0311fdf17e2cbe0679c5359118d1c32fc18b5331318faa7a4d349bf1b9,warm,not_applicable_frames_redecoded_each_question,16.0,64.0,64.0,48453,48384,False,30.14563505514525,34380594688,3.926892562012654,24.56824939599028,12.613134689978324,1,11.955114706011955,143.551642534032,23.389195826952346
pretrained_exact_k16,259,871c87addf30c66759dd79d0be77a5590cb51687fd5326d34a3acfe03687eab3,fa2e7c0311fdf17e2cbe0679c5359118d1c32fc18b5331318faa7a4d349bf1b9,warm,not_applicable_frames_redecoded_each_question,16.0,64.0,64.0,48459,48384,False,29.873819263011683,34382844928,4.083487231982872,24.104411292995792,12.572204587049782,1,11.53220670594601,145.68804067303427,23.14047644205857
pretrained_exact_k16,260,2198ca232f89b2841e88617146cd2338c2407ade7b22a55824ffd0070b583be6,62f259aca90ad30294a580370ff0150a8062604c94006ac872ad211c3a85129d,warm,not_applicable_frames_redecoded_each_question,16.0,64.0,64.0,48466,48384,False,30.19691151904408,34385469440,4.156324554991443,24.78066073503578,12.56188243208453,1,12.21877830295125,143.4127641459927,23.432156657159794
pretrained_exact_k16,261,3a8d9b14237640d5edf198277e46acd94149c88706117c72a18ca2aea6e4a860,62f259aca90ad30294a580370ff0150a8062604c94006ac872ad211c3a85129d,warm,not_applicable_frames_redecoded_each_question,16.0,64.0,64.0,48455,48384,False,30.062264789943583,34381344768,3.9757941509597003,24.478053598024417,12.569624153024051,1,11.908429445000365,142.8456423690077,23.28186859114794
pretrained_exact_k16,262,502def72a78931080a982793372cc97f522af015399ecefacc5a838403ec5d2a,62f259aca90ad30294a580370ff0150a8062604c94006ac872ad211c3a85129d,warm,not_applicable_frames_redecoded_each_question,16.0,64.0,64.0,48473,48384,False,30.244209306081757,34388094464,3.9600768229574896,24.736492512980476,12.570517992018722,1,12.165974520961754,145.0820304939989,23.494012944109272
pretrained_exact_k16,263,0d61d5f175f8235ff492df11d55acb04b39f8fa0ed93829be7675e47e020db45,e52c8b09020591e417d74ee3da67f5e3ec8aa6b24935c47c1d666978b7fc3eb0,warm,not_applicable_frames_redecoded_each_question,16.0,64.0,64.0,48468,48384,False,30.15323889197316,34386219520,14.08832361700479,24.47355495399097,12.588042711955495,1,11.885512242035475,161.33395086799283,23.362090656883083
pretrained_exact_k16,264,c75f6656eed23c3de093d1f9ae758f84eddb7d0cec0a30761a839e51219059d4,e52c8b09020591e417d74ee3da67f5e3ec8aa6b24935c47c1d666978b7fc3eb0,warm,not_applicable_frames_redecoded_each_question,16.0,64.0,64.0,48457,48384,False,29.760922568035312,34382094848,14.209640774992295,24.341233894985635,12.641829566971865,1,11.69940432801377,152.03734928596532,23.044953454169445
pretrained_exact_k16,265,30d8aff6bee8c9adb16e6b0573c9f1614f84b898cb544fbff8b4f9cb59c7e1db,d78ad9db57c8fcbe0b309da8b2a5d93871743c686877a842d0b897e032c4459c,warm,not_applicable_frames_redecoded_each_question,16.0,64.0,64.0,48468,48384,False,30.149659216986038,34386219520,16.26052702398738,24.28164955205284,12.577443725022022,1,11.704205827030819,154.64312190102646,23.40130989602767
pretrained_exact_k16,266,5152df5ae6a610a1b8cf1f03eae4d8854d181313fb703c78fd947fd9c4cd3fba,d78ad9db57c8fcbe0b309da8b2a5d93871743c686877a842d0b897e032c4459c,warm,not_applicable_frames_redecoded_each_question,16.0,64.0,64.0,48465,48384,False,29.6164933842374,34385094656,17.215882919961587,24.70469616103219,12.584112664044369,1,12.12058349698782,161.43833279103274,22.884109096892644
pretrained_exact_k16,267,fbcb2c75f9945c6c0b5ff809f0b09ccf0edc6eab3872baaf9e7eab0c64970b54,d78ad9db57c8fcbe0b309da8b2a5d93871743c686877a842d0b897e032c4459c,warm,not_applicable_frames_redecoded_each_question,16.0,64.0,64.0,48458,48384,False,29.807953647046816,34382469632,15.777785795042291,24.419287227035966,12.596459033025894,1,11.822828194010071,158.67773722897982,23.07250173081411
stavis_center16,0,0e099996e3ef2d3f487cd75b0ba8b2d38e07c1b8bc5572ba18cf611f65b30c5c,a2864c179abb7936698a6c8f4a926005d552611319e6ae1ad7ba4afb1bd553c7,cold,not_applicable_frames_redecoded_each_question,16.0,64.0,64.0,48478,48384,False,2.633048065006733,34389581312,19.022520737024024,25.628129157004878,13.111248205997981,1,12.516880951006897,177.67211925599258,0.027171839901711792
stavis_center16,1,e681bfc50c80d14c17b55aa8f718453f4844b53f92b147911a7b0c75355fe589,a2864c179abb7936698a6c8f4a926005d552611319e6ae1ad7ba4afb1bd553c7,cold,not_applicable_frames_redecoded_each_question,16.0,64.0,64.0,48466,48384,False,2.726279668160714,34385081344,16.464170823979657,25.3866906259791,13.097307342977729,1,12.28938328300137,168.1962028479902,0.0258772851084359
stavis_center16,2,637438265b9ba81f72f63db70dc92acdaa20e8ade135794832ecef900f0e25c8,a2864c179abb7936698a6c8f4a926005d552611319e6ae1ad7ba4afb1bd553c7,warm,not_applicable_frames_redecoded_each_question,16.0,64.0,64.0,48460,48384,False,2.324194670014549,34383219712,14.481868013972417,24.71062092203647,12.636049880005885,1,12.074571042030584,170.14838826202322,0.00918474979698658
stavis_center16,3,e67f273fd9063dc16bb68f8e3df5ca118f580ac50362d829022faf1602c652d3,a2864c179abb7936698a6c8f4a926005d552611319e6ae1ad7ba4afb1bd553c7,warm,not_applicable_frames_redecoded_each_question,16.0,64.0,64.0,48458,48384,False,2.3659896989702247,34382469632,14.600310850015376,24.222298658976797,12.538456115929876,1,11.683842543046921,161.41814183699898,0.00939240911975503
stavis_center16,4,28622c9f5f9001ed7f538aac64ced8b27cfbb16716e3b640c1607e5ae1ad02f3,a2864c179abb7936698a6c8f4a926005d552611319e6ae1ad7ba4afb1bd553c7,warm,not_applicable_frames_redecoded_each_question,16.0,64.0,64.0,48455,48384,False,2.407824987138156,34381344768,14.66751578898402,24.598997164983302,12.549148124991916,1,12.049849039991386,166.4679714370286,0.009533916017971933
stavis_center16,5,5cce9b886c576be946cfa42824d5e6f9845a63f919a9057a9877d2c181e3ad6f,99e01e02f6fc06afa18624730cec5448911ba45f1c39d39726f8cbe3db973931,warm,not_applicable_frames_redecoded_each_question,16.0,64.0,64.0,48463,48384,False,2.4918619279633276,34384344576,20.23251620901283,24.287869078980293,12.592547749984078,1,11.695321328996215,132.11558967694873,0.012967212009243667
stavis_center16,6,674111ef779578e9018c1cdd117810467e76954adea5a6bc61b5fcd7426b3efd,99e01e02f6fc06afa18624730cec5448911ba45f1c39d39726f8cbe3db973931,warm,not_applicable_frames_redecoded_each_question,16.0,64.0,64.0,48456,48384,False,2.371878409932833,34381719552,16.85665593703743,24.725931657012552,12.561870401026681,1,12.164061255985871,143.84439367701998,0.010807097947690636
stavis_center16,7,5c0e61ce0fa643af39fdfe3e96c41b98bd810326e5d395c40fdf94db8ba19579,99e01e02f6fc06afa18624730cec5448911ba45f1c39d39726f8cbe3db973931,warm,not_applicable_frames_redecoded_each_question,16.0,64.0,64.0,48463,48384,False,2.3484217158984393,34384344576,17.85604867199436,24.728185638028663,12.589336605044082,1,12.13884903298458,137.6444811449619,0.009514171862974763
stavis_center16,8,27a633626b123d9254aa7982a82283cf28a68a10373e8ce2e205edd1851f0cb4,e36d433fc97ab76e1841cf5be02a0d03d765cf572cd96939e7dfcea7b284e373,warm,not_applicable_frames_redecoded_each_question,16.0,64.0,64.0,48470,48384,False,2.3407678650692105,34386969600,15.445344980980735,25.051740136987064,12.96134035999421,1,12.090399776992854,126.85142667300534,0.009130419697612524
stavis_center16,9,b33fb045886058386c30700d69d22647965fbe06fe77f15be6e7467995a35ae8,e36d433fc97ab76e1841cf5be02a0d03d765cf572cd96939e7dfcea7b284e373,warm,not_applicable_frames_redecoded_each_question,16.0,64.0,64.0,48462,48384,False,2.3315443268511444,34383969792,13.913883051951416,24.852542912005447,12.596955218992662,1,12.255587693012785,123.76924836501712,0.009279505058657378
stavis_center16,10,c1bae44dccf7fca58895c3fea427cf434d786418f324b43b87eec9e27f90f32a,e36d433fc97ab76e1841cf5be02a0d03d765cf572cd96939e7dfcea7b284e373,warm,not_applicable_frames_redecoded_each_question,16.0,64.0,64.0,48477,48384,False,2.3537540629622526,34389594112,13.434000981040299,25.31732028099941,13.082682456995826,1,12.234637824003585,133.99903960799566,0.009160314919427037
stavis_center16,11,401ef48cf88487883e0dbcd0ee798003cd9d541eaf37e6604aaa89316695161f,e36d433fc97ab76e1841cf5be02a0d03d765cf572cd96939e7dfcea7b284e373,warm,not_applicable_frames_redecoded_each_question,16.0,64.0,64.0,48460,48384,False,2.3423220451222733,34383219712,15.920397049048916,24.76279822405195,12.608063140069135,1,12.154735083982814,123.85237517894711,0.009401277115102857
stavis_center16,12,591ffb3b4ff5e6aacc07d94a7f22eb7ed34da4e78af35a7b83d5b89423c5253b,f47dad9aa5c41add657041d68e8983bcdaaf0a1d2879316c0bbd8651b86675b4,warm,not_applicable_frames_redecoded_each_question,16.0,64.0,64.0,48463,48384,False,2.3562406601849943,34384344576,14.875452019041404,25.083807244955096,12.623870948969852,1,12.459936295985244,125.93841825297568,0.009424704883713275
stavis_center16,13,f21d2c08f6c9e68ac66f13b6e414a5b55ce43c91711b70042719d458c2441771,f47dad9aa5c41add657041d68e8983bcdaaf0a1d2879316c0bbd8651b86675b4,warm,not_applicable_frames_redecoded_each_question,16.0,64.0,64.0,48454,48384,False,2.3545338329277,34380969984,13.259755033010151,24.527710747963283,12.61342640494695,1,11.914284343016334,123.20596272102557,0.009339019015897065
stavis_center16,14,aa7b4e859686df57f3ca8bddd5b10868fdb07e39c83af524248aad2ea891760a,f47dad9aa5c41add657041d68e8983bcdaaf0a1d2879316c0bbd8651b86675b4,warm,not_applicable_frames_redecoded_each_question,16.0,64.0,64.0,48462,48384,False,2.345057391154114,34383969792,13.720592844008934,24.231589072966017,12.606083638966084,1,11.625505433999933,124.2522043469944,0.00945310405222699
stavis_center16,15,395d42118aaa8c5a88b128ab52af205f8bd0d6c4297e77578dc8adf292755283,f47dad9aa5c41add657041d68e8983bcdaaf0a1d2879316c0bbd8651b86675b4,warm,not_applicable_frames_redecoded_each_question,16.0,64.0,64.0,48455,48384,False,2.3576351850642823,34381344768,13.482816116942558,24.740006366977468,12.618088165996596,1,12.121918200980872,124.98606077197473,0.009376950154546648
stavis_center16,16,5b8a0bf182851d1844a0f49e51a780ac0975e4d1747e6c20c6a6c54b0064ac94,f47dad9aa5c41add657041d68e8983bcdaaf0a1d2879316c0bbd8651b86675b4,warm,not_applicable_frames_redecoded_each_question,16.0,64.0,64.0,48454,48384,False,2.405183540948201,34380969984,13.805812177015468,24.727028647030238,12.602173624036368,1,12.12485502299387,124.18562349601416,0.010482431156560779
stavis_center16,17,e6f9a32f97fb29eafdf887590609db81a3c48b33b1712fda85e8aeefebbcd62a,f47dad9aa5c41add657041d68e8983bcdaaf0a1d2879316c0bbd8651b86675b4,warm,not_applicable_frames_redecoded_each_question,16.0,64.0,64.0,48462,48384,False,2.351311142963823,34383969792,13.734806444030255,24.76351328502642,12.602212817990221,1,12.161300467036199,125.13080099597573,0.00943572900723666
stavis_center16,18,32d74a60aa4860e8046a2c52eaffaca31257c85283eceb47d9622630653f8f7c,f47dad9aa5c41add657041d68e8983bcdaaf0a1d2879316c0bbd8651b86675b4,warm,not_applicable_frames_redecoded_each_question,16.0,64.0,64.0,48464,48384,False,2.3855125679983757,34384719360,13.96170477301348,24.741117988014594,12.588830485998187,1,12.152287502016407,125.02748326299479,0.009584884974174201
stavis_center16,19,889a911090eea9f28cfad0e03e60ce83eec6745d26d9947e11d5a16eeacad1ec,f47dad9aa5c41add657041d68e8983bcdaaf0a1d2879316c0bbd8651b86675b4,warm,not_applicable_frames_redecoded_each_question,16.0,64.0,64.0,48459,48384,False,2.3560372941428795,34382844928,13.423778627999127,25.01087982399622,12.598242935957387,1,12.412636888038833,122.95324707101099,0.00949037988903001
stavis_center16,20,6a8cd81450cfdb13050093207596aadb3b1a554cd054e6a5d2b87e580ecd7054,52c97d75ef170550b7a9949f04b478421fdc1530afbdfffbbab0acb252a41a1f,warm,not_applicable_frames_redecoded_each_question,16.0,64.0,64.0,48453,48384,False,2.3665228000609204,34380594688,17.202654130989686,24.779604782001115,12.610996844014153,1,12.168607937986962,126.47783234599046,0.009751942940056324
stavis_center16,21,8efc440853c844e77dee0cce887a9353e47dad1d74567dcaaca6ecdbcc056130,52c97d75ef170550b7a9949f04b478421fdc1530afbdfffbbab0acb252a41a1f,warm,not_applicable_frames_redecoded_each_question,16.0,64.0,64.0,48484,48384,False,2.713603918964509,34392219136,14.39941362501122,25.30431540304562,12.996296691067982,1,12.308018711977638,124.09816189901903,0.009509227995295078
stavis_center16,22,a05ee09a4c27030817b0c436f119f2d28067f503f99398ccb327fdc0b1f984c6,52c97d75ef170550b7a9949f04b478421fdc1530afbdfffbbab0acb252a41a1f,warm,not_applicable_frames_redecoded_each_question,16.0,64.0,64.0,48461,48384,False,2.3594861909514293,34383594496,14.17556937300833,24.937242094019894,12.637524493038654,1,12.29971760098124,123.96639224304818,0.00943901011487469
stavis_center16,23,c6633a78ff7819a4a83688706a55b48d8a56939fb8ce1c2ac7b54c4df79b1fb5,52c97d75ef170550b7a9949f04b478421fdc1530afbdfffbbab0acb252a41a1f,warm,not_applicable_frames_redecoded_each_question,16.0,64.0,64.0,48454,48384,False,2.387165362131782,34380969984,14.076369418005925,24.739676725002937,12.593494759988971,1,12.146181965013966,125.04420045798179,0.009873914357740432
stavis_center16,24,472aec5f5bf39ea118f165c3de3d3d95745e18fad178ade4581e6b8b06851f10,52c97d75ef170550b7a9949f04b478421fdc1530afbdfffbbab0acb252a41a1f,warm,not_applicable_frames_redecoded_each_question,16.0,64.0,64.0,48456,48384,False,2.379340919025708,34381719552,14.354247240989935,24.777450536959805,12.610410973953549,1,12.167039563006256,125.58078185102204,0.009736161911860108
stavis_center16,25,b0b644223b3e02829c9e23ab3bed4e7e3531f5a646cf272b932d552642486213,52c97d75ef170550b7a9949f04b478421fdc1530afbdfffbbab0acb252a41a1f,warm,not_applicable_frames_redecoded_each_question,16.0,64.0,64.0,48470,48384,False,2.7238024778780527,34386969600,13.82184726500418,24.687664216035046,12.62156825803686,1,12.066095957998186,125.29859025101177,0.009575337055139244
stavis_center16,26,468ab5abf9c70cf7874421bdf0bebb5856f5f4918bf3ff8a1d26947f4f775ddd,52c97d75ef170550b7a9949f04b478421fdc1530afbdfffbbab0acb252a41a1f,warm,not_applicable_frames_redecoded_each_question,16.0,64.0,64.0,48464,48384,False,2.381831439852249,34384719360,14.313794861955103,24.69800418196246,12.59817974694306,1,12.0998244350194,123.11066239600768,0.0096749771037139
stavis_center16,27,9051f6633cb1fb9288d8de9ab68de4112938b995df1e35c0fdc198a33ac7d1f8,52c97d75ef170550b7a9949f04b478421fdc1530afbdfffbbab0acb252a41a1f,warm,not_applicable_frames_redecoded_each_question,16.0,64.0,64.0,48459,48384,False,2.3586421060026623,34382844928,13.883435269002803,24.561342451022938,12.604687246028334,1,11.956655204994604,122.99592507403577,0.009808258968405426
stavis_center16,28,914fa79626829cd89e2586648881004da97ec318f8efe98a83f34c31c6429381,52c97d75ef170550b7a9949f04b478421fdc1530afbdfffbbab0acb252a41a1f,warm,not_applicable_frames_redecoded_each_question,16.0,64.0,64.0,48461,48384,False,2.4137854548171163,34383594496,14.084783545986284,24.598265231994446,12.616360261978116,1,11.98190497001633,123.4615897530457,0.009924547048285604
stavis_center16,29,abff08b2252b9214d58dbe0553fd1a4e9374f89e94e65c6e86d5cc66574a0424,52c97d75ef170550b7a9949f04b478421fdc1530afbdfffbbab0acb252a41a1f,warm,not_applicable_frames_redecoded_each_question,16.0,64.0,64.0,48454,48384,False,2.3789628651575185,34380969984,13.99613775499165,24.982670105993748,12.608551224984694,1,12.374118881009053,125.0884441040107,0.009796378144528717
stavis_center16,30,022bc9af1abdef8145ee5c9c83bd74c73f700f95800f7f02730da612ea2814fc,52c97d75ef170550b7a9949f04b478421fdc1530afbdfffbbab0acb252a41a1f,warm,not_applicable_frames_redecoded_each_question,16.0,64.0,64.0,48467,48384,False,2.3911323198699392,34385844736,14.089556929015089,24.904631400015205,12.603036466985941,1,12.301594933029264,124.26288594101788,0.01001067110337317
stavis_center16,31,327bfce4b5bf1c2e48178797ff2ca245aae7073ef8548b53fc574c617b9eeaa5,52c97d75ef170550b7a9949f04b478421fdc1530afbdfffbbab0acb252a41a1f,warm,not_applicable_frames_redecoded_each_question,16.0,64.0,64.0,48457,48384,False,2.368680406943895,34382094848,14.213054241030477,24.256452486035414,12.606313815049361,1,11.650138670986053,124.13282372202957,0.009578244993463159
stavis_center16,32,9be5da550e02ad2930678ba3c9a6a5e942c85040abc9b60ba73680d4b425688a,52c97d75ef170550b7a9949f04b478421fdc1530afbdfffbbab0acb252a41a1f,warm,not_applicable_frames_redecoded_each_question,16.0,64.0,64.0,48456,48384,False,2.4227597139542922,34381719552,14.384816335979849,24.411483421979938,12.608622008992825,1,11.802861412987113,137.995661457011,0.0100806750706397
stavis_center16,33,bb293ed5caa2a98457c3654c14608471aca4c05085bcd7c7f99aeac969267290,52c97d75ef170550b7a9949f04b478421fdc1530afbdfffbbab0acb252a41a1f,warm,not_applicable_frames_redecoded_each_question,16.0,64.0,64.0,48454,48384,False,2.3604393209679984,34380969984,13.945418521994725,24.471387968980707,12.600259920989629,1,11.871128047991078,124.68500702898018,0.009659197996370494
stavis_center16,34,f7651be7bffbaa4c58c8f5188376b321890e6ab7fd2301dd4c5a052c68c5b346,52c97d75ef170550b7a9949f04b478421fdc1530afbdfffbbab0acb252a41a1f,warm,not_applicable_frames_redecoded_each_question,16.0,64.0,64.0,48482,48384,False,2.360220594040584,34391469056,14.31624490901595,24.643318318005186,12.610270802979358,1,12.033047515025828,124.78667447797488,0.009444724884815514
stavis_center16,35,14ff2de418d2c715eb24b622da964ad9c16de7ad04430592b5059de768cfc44f,52c97d75ef170550b7a9949f04b478421fdc1530afbdfffbbab0acb252a41a1f,warm,not_applicable_frames_redecoded_each_question,16.0,64.0,64.0,48487,48384,False,2.3797397029120475,34393344000,13.999601616000291,24.653322013968136,12.618591576989274,1,12.034730436978862,123.2659835810191,0.009593853959813714
stavis_center16,36,766424f5830ba4f900d186b79a5144f90222af0bbd55e79de1bdbc52a8a3a151,52c97d75ef170550b7a9949f04b478421fdc1530afbdfffbbab0acb252a41a1f,warm,not_applicable_frames_redecoded_each_question,16.0,64.0,64.0,48465,48384,False,2.360524462768808,34385094656,15.392441814998165,24.798903691000305,12.636233375000302,1,12.162670316000003,130.2632242909749,0.009620186989195645
stavis_center16,37,6afb0e04a38874fdbdc9dab21a480d8e778790f739d2315eb3e14d3a66db7cf5,52c97d75ef170550b7a9949f04b478421fdc1530afbdfffbbab0acb252a41a1f,warm,not_applicable_frames_redecoded_each_question,16.0,64.0,64.0,48459,48384,False,2.357805422099773,34382844928,14.916489090013783,24.854656675015576,12.612021263979841,1,12.242635411035735,125.81313387397677,0.009680700139142573
stavis_center16,38,63973b3a1c2ace86c65fbd8e966005bc4e407ba2ced006ae6decadf2d716b6d9,52c97d75ef170550b7a9949f04b478421fdc1530afbdfffbbab0acb252a41a1f,warm,not_applicable_frames_redecoded_each_question,16.0,64.0,64.0,48481,48384,False,2.356132039160002,34391094272,15.56907297600992,24.734906552999746,12.600255032011773,1,12.134651520987973,127.2697079089703,0.00952318892814219
stavis_center16,39,99514cfa827e1cae11da3d06afd783e4ff7e6b89690710b2f0694af5b8069743,52c97d75ef170550b7a9949f04b478421fdc1530afbdfffbbab0acb252a41a1f,warm,not_applicable_frames_redecoded_each_question,16.0,64.0,64.0,48457,48384,False,2.3782988459570333,34382094848,14.269659589976072,24.662382573005743,12.605683721019886,1,12.056698851985857,123.79203762800898,0.009421406895853579
stavis_center16,40,0847e6f99a7d37d53d964c9fda94dedb9d5f6db7da0466750b926a8c1dbeeac1,52c97d75ef170550b7a9949f04b478421fdc1530afbdfffbbab0acb252a41a1f,warm,not_applicable_frames_redecoded_each_question,16.0,64.0,64.0,48464,48384,False,2.819011878920719,34384719360,14.276723969029263,24.42644349799957,12.587409614992794,1,11.839033883006778,124.07206617103657,0.009619504038710147
stavis_center16,41,3caabdce815552d1fdc7894a2a29cb23e6ecbeebfaa4b730ea1baa6da5e39463,52c97d75ef170550b7a9949f04b478421fdc1530afbdfffbbab0acb252a41a1f,warm,not_applicable_frames_redecoded_each_question,16.0,64.0,64.0,48458,48384,False,2.3644167110905983,34382469632,15.571016289992258,25.13229010096984,12.622599415946752,1,12.509690685023088,125.48326597898267,0.009714101965073496
stavis_center16,42,db30eb50841ad85e94810853d24af261a640fe43adad78155fcdfa44ede987fc,52c97d75ef170550b7a9949f04b478421fdc1530afbdfffbbab0acb252a41a1f,warm,not_applicable_frames_redecoded_each_question,16.0,64.0,64.0,48454,48384,False,2.360946270870045,34380969984,14.00182958302321,25.116993731993716,12.600345620012376,1,12.51664811198134,124.30279575800523,0.009540176019072533
stavis_center16,43,b4feb5d3a1413bf669b3f531acd34afe8e403f2501dde5a70dd91a8fe27b1d39,52c97d75ef170550b7a9949f04b478421fdc1530afbdfffbbab0acb252a41a1f,warm,not_applicable_frames_redecoded_each_question,16.0,64.0,64.0,48454,48384,False,2.371071894885972,34380969984,15.304324258002453,24.99604785599513,12.609377819986548,1,12.386670036008582,143.08308903500438,0.010914519196376204
stavis_center16,44,fedab34abd3d872a60c9e64daf66ccf6643221f3c81849c0f30b9215a51fa69c,52c97d75ef170550b7a9949f04b478421fdc1530afbdfffbbab0acb252a41a1f,warm,not_applicable_frames_redecoded_each_question,16.0,64.0,64.0,48573,48384,False,2.5121778710745275,34425799168,14.996833726007026,24.81669804296689,13.02537222095998,1,11.791325822006911,133.02881880500354,0.0139271299703978
stavis_center16,45,0f90ac1d881d9caa423345b42a4fb39b730c55c266e46e9b2618e13ed73f1870,52c97d75ef170550b7a9949f04b478421fdc1530afbdfffbbab0acb252a41a1f,warm,not_applicable_frames_redecoded_each_question,16.0,64.0,64.0,48470,48384,False,2.353042673144955,34386970112,14.954787653987296,24.893091947946232,12.608586770948023,1,12.28450517699821,132.0123689720058,0.011594478040933609
stavis_center16,46,c7babbae4dc8bcaa3fe6badaef9a81c8dc58e59e933c14dccc1d4f8e6c5a6e26,52c97d75ef170550b7a9949f04b478421fdc1530afbdfffbbab0acb252a41a1f,warm,not_applicable_frames_redecoded_each_question,16.0,64.0,64.0,48468,48384,False,2.3588831270462833,34386219520,14.346963795018382,24.25705269095488,12.593061872932594,1,11.663990818022285,122.68666193500394,0.00951031525619328
stavis_center16,47,302ec1f003e30acc1c00f81723b3afefcca9113ff1e0a872f75bfa074c9712cd,52c97d75ef170550b7a9949f04b478421fdc1530afbdfffbbab0acb252a41a1f,warm,not_applicable_frames_redecoded_each_question,16.0,64.0,64.0,48462,48384,False,2.3537497701472603,34383969792,14.003355385968462,24.40818077401491,12.606650584028102,1,11.801530189986806,126.14330137200886,0.009526489011477679
stavis_center16,48,bc382bfbe9680d943b42e3a61b2c281369786156c99e48cbeb356e9de3e0a4d4,52c97d75ef170550b7a9949f04b478421fdc1530afbdfffbbab0acb252a41a1f,warm,not_applicable_frames_redecoded_each_question,16.0,64.0,64.0,48486,48384,False,2.3930647922097705,34392969216,14.1901582069695,24.26351896196138,12.614318057952914,1,11.649200904008467,121.99317890702514,0.010225931706372648
stavis_center16,49,321c9f4588bddc48db54be1c885c6a0f04f3fd4c16b9da3db6eb4dc812ec5094,52c97d75ef170550b7a9949f04b478421fdc1530afbdfffbbab0acb252a41a1f,warm,not_applicable_frames_redecoded_each_question,16.0,64.0,64.0,48472,48384,False,2.366617310035508,34387719680,14.496259177976754,24.442903731018305,12.601069074007683,1,11.841834657010622,125.42235017102212,0.009718827030155808
stavis_center16,50,b21447a072a743ebdfdf1464d6854b285a2068189f62593d503168a098fe6b21,c37129d67ec50d8f6f0df1574be865fb7baf3864da3ec2feda378908fe5a3bef,warm,not_applicable_frames_redecoded_each_question,16.0,64.0,64.0,48458,48384,False,2.3598004981176928,34382469632,15.506547619006597,24.18431501003215,12.65874333307147,1,11.52557167696068,121.88094026496401,0.009517642844002694
stavis_center16,51,2b4e41e482c0f2544ec0842125af1c505c7cae7d177792128fad349e964fa601,c37129d67ec50d8f6f0df1574be865fb7baf3864da3ec2feda378908fe5a3bef,warm,not_applicable_frames_redecoded_each_question,16.0,64.0,64.0,48466,48384,False,2.3726339059649035,34385469440,13.615007676999085,24.736634088039864,12.616633797006216,1,12.120000291033648,122.86888907197863,0.009628317202441394
stavis_center16,52,b5172416238294db151bf290fb5736d7244e8ab46297fcf8174caac207be98e9,c37129d67ec50d8f6f0df1574be865fb7baf3864da3ec2feda378908fe5a3bef,warm,not_applicable_frames_redecoded_each_question,16.0,64.0,64.0,48458,48384,False,2.35465444898,34382469632,13.60750027303584,24.183163050969597,12.60006801597774,1,11.583095034991857,123.53574431699235,0.009455606166739017
stavis_center16,53,1fc748f2ef85de1c7009f8fcbb6e85bf26be55c7162ac22655af1804733d6609,c37129d67ec50d8f6f0df1574be865fb7baf3864da3ec2feda378908fe5a3bef,warm,not_applicable_frames_redecoded_each_question,16.0,64.0,64.0,48457,48384,False,2.3906920840381645,34382094848,13.704568762972485,24.284919404017273,12.603313607047312,1,11.681605796969961,122.6648792999913,0.00987779110437259
stavis_center16,54,df2999b9ea73b7f5aa79ee8bd601166c141b3ad83e40122dbdf409ab3adf16aa,c37129d67ec50d8f6f0df1574be865fb7baf3864da3ec2feda378908fe5a3bef,warm,not_applicable_frames_redecoded_each_question,16.0,64.0,64.0,48458,48384,False,2.3560653030872345,34382469632,13.46751847397536,24.249852993001696,12.606411666958593,1,11.643441326043103,123.44838425796479,0.009306265972554684
stavis_center16,55,be3b399166c04ffefd477e48a7160dcb3570545f4299cf0971f3e25129c7df84,c37129d67ec50d8f6f0df1574be865fb7baf3864da3ec2feda378908fe5a3bef,warm,not_applicable_frames_redecoded_each_question,16.0,64.0,64.0,48469,48384,False,2.3822039929800667,34386594304,13.469638266018592,24.229932436952367,12.595297879946884,1,11.634634557005484,122.54409878898878,0.0097482799901627
stavis_center16,56,3e0f08d43fd17e0bac7e1de3adf24c1a780c1c7022cdfbcebb21da259faf7819,c37129d67ec50d8f6f0df1574be865fb7baf3864da3ec2feda378908fe5a3bef,warm,not_applicable_frames_redecoded_each_question,16.0,64.0,64.0,48463,48384,False,2.37126950599486,34384344576,13.558494742959738,24.284118261013646,12.616642116045114,1,11.667476144968532,123.5681182029657,0.009626535815186799
stavis_center16,57,e34af6c6ba92363e2c924d180d806ab86a6a30dd19881b3c75d7ed55e0a42273,c37129d67ec50d8f6f0df1574be865fb7baf3864da3ec2feda378908fe5a3bef,warm,not_applicable_frames_redecoded_each_question,16.0,64.0,64.0,48459,48384,False,2.362732641864568,34382844928,14.138722506992053,24.59870419098297,12.66217951499857,1,11.936524675984401,121.15293420798844,0.00992697587935254
stavis_center16,58,ce7d67c298e7a1eb8c1b99f4b31a7c447f383767b8bf9d729fac03373202e74d,c37129d67ec50d8f6f0df1574be865fb7baf3864da3ec2feda378908fe5a3bef,warm,not_applicable_frames_redecoded_each_question,16.0,64.0,64.0,48502,48384,False,2.392318098805845,34398968832,13.594885810976848,24.26314806099981,12.611869196989574,1,11.651278864010237,123.15824215498287,0.009723841096274555
stavis_center16,59,995b737cfc298d11e6ebb56a71ff2fa5163ffc7acf65614c167329f570187a40,c37129d67ec50d8f6f0df1574be865fb7baf3864da3ec2feda378908fe5a3bef,warm,not_applicable_frames_redecoded_each_question,16.0,64.0,64.0,48462,48384,False,2.3512155820499174,34383969792,13.736828722001519,24.34270001697587,12.591382340004202,1,11.751317676971667,121.52320638200035,0.009651123080402613
stavis_center16,60,101b8ec8369f48a8f3c821a77bb8988d20bc8bf06b6ec948511a56bb14ca6043,c37129d67ec50d8f6f0df1574be865fb7baf3864da3ec2feda378908fe5a3bef,warm,not_applicable_frames_redecoded_each_question,16.0,64.0,64.0,48458,48384,False,2.366419967089314,34382469632,14.462914014002308,24.553258908970747,12.60080246097641,1,11.952456447994336,123.61887204600498,0.009692070074379444
stavis_center16,61,395a3885aa563aa252ef4fa924ed819dde395578a0be19e57402a76f3ebe41e0,c37129d67ec50d8f6f0df1574be865fb7baf3864da3ec2feda378908fe5a3bef,warm,not_applicable_frames_redecoded_each_question,16.0,64.0,64.0,48458,48384,False,2.363098833942786,34382469632,13.576241760980338,24.9703853650135,12.606123920006212,1,12.364261445007287,124.40126462397166,0.009445109171792865
stavis_center16,62,0afbbcd0109b9f068eab093ee9a1aea66260ca08136df12bde0219c07cba0f64,c37129d67ec50d8f6f0df1574be865fb7baf3864da3ec2feda378908fe5a3bef,warm,not_applicable_frames_redecoded_each_question,16.0,64.0,64.0,48477,48384,False,2.3693794838618487,34389594112,13.521216429013293,24.67326494900044,12.613475857011508,1,12.059789091988932,123.45981572300661,0.009608853026293218
stavis_center16,63,3a5154bb6eaacb25e74b9b64305f42fdc63faf463e97864ca67d1df0f9b2b8d1,d9cace0efdbfdf841f23aa6a4a4ebdb3d0fc2b9c9c4c12acb9f43bd4d977524e,warm,not_applicable_frames_redecoded_each_question,16.0,64.0,64.0,48470,48384,False,2.4037755509489216,34386969600,15.314464271999896,24.660374089959078,12.602210654004011,1,12.058163435955066,125.57806700997753,0.010026999923866242
stavis_center16,64,14db0502f1cc5830add80e11f323ec5f5ea23cb8aa93a8c09ee51de33c53eef8,d9cace0efdbfdf841f23aa6a4a4ebdb3d0fc2b9c9c4c12acb9f43bd4d977524e,warm,not_applicable_frames_redecoded_each_question,16.0,64.0,64.0,48453,48384,False,2.4291221130406484,34380594688,13.52048081002431,24.499317744979635,12.592714015976526,1,11.906603729003109,123.39053545997012,0.00985066604334861
stavis_center16,65,d4243a2d9e57d903203568b32d6be17632207fb747717d5998762690d2f07825,d9cace0efdbfdf841f23aa6a4a4ebdb3d0fc2b9c9c4c12acb9f43bd4d977524e,warm,not_applicable_frames_redecoded_each_question,16.0,64.0,64.0,48503,48384,False,2.3782589668990113,34399344128,13.522217116958927,24.691965015023015,12.60666641802527,1,12.085298596997745,126.21191133599496,0.00962131196865812
stavis_center16,66,8f5143851bb32d207df5191b3223ea05c722e0f30c2ee1203f7343879941ab3b,d9cace0efdbfdf841f23aa6a4a4ebdb3d0fc2b9c9c4c12acb9f43bd4d977524e,warm,not_applicable_frames_redecoded_each_question,16.0,64.0,64.0,48461,48384,False,2.363523322099354,34383594496,13.580510222993325,24.807546847034246,12.60993708006572,1,12.197609766968526,126.23184657702222,0.009625207108911127
stavis_center16,67,fd8bcadcce8c20323a6830f95623e2b14c3889772ebcb08ce783b0b9bd17ea82,d9cace0efdbfdf841f23aa6a4a4ebdb3d0fc2b9c9c4c12acb9f43bd4d977524e,warm,not_applicable_frames_redecoded_each_question,16.0,64.0,64.0,48455,48384,False,2.370477240125183,34381344768,13.31716931401752,24.5854859429528,12.60788662492996,1,11.97759931802284,125.11132747400552,0.010074503079522401
stavis_center16,68,2c767716dd2f69b013a95f2f66989ffcdb791d2128d26f6b25a80f1db37ebeff,d9cace0efdbfdf841f23aa6a4a4ebdb3d0fc2b9c9c4c12acb9f43bd4d977524e,warm,not_applicable_frames_redecoded_each_question,16.0,64.0,64.0,48480,48384,False,2.3653347832150757,34390719488,13.428372465015855,24.754973560979124,12.603549833002035,1,12.15142372797709,123.13271652103867,0.009464750066399574
stavis_center16,69,32bf97ea4ccb57d11ffb0d857ed5c36ff90bfa5f5bd46b666460891fc73e8ec2,d9cace0efdbfdf841f23aa6a4a4ebdb3d0fc2b9c9c4c12acb9f43bd4d977524e,warm,not_applicable_frames_redecoded_each_question,16.0,64.0,64.0,48520,48384,False,2.3707343919668347,34405720576,13.089714734989684,24.676651418965776,12.653008799999952,1,12.023642618965823,124.03615071199602,0.009652317967265844
stavis_center16,70,f48012dd07ab819b6bd7a67ed5fef7d6b4e8b9daf4c69232a3236c9da83d8ee8,d9cace0efdbfdf841f23aa6a4a4ebdb3d0fc2b9c9c4c12acb9f43bd4d977524e,warm,not_applicable_frames_redecoded_each_question,16.0,64.0,64.0,48480,48384,False,2.3634895920404233,34390720000,14.190535066009033,24.924761804984882,12.586016790999565,1,12.338745013985317,122.67085555498488,0.009825173125136644
stavis_center16,71,633e1230f21693fe97c6be3a1b59debc6ab63a017c91b5ed79da7ca0ee16eb15,d9cace0efdbfdf841f23aa6a4a4ebdb3d0fc2b9c9c4c12acb9f43bd4d977524e,warm,not_applicable_frames_redecoded_each_question,16.0,64.0,64.0,48506,48384,False,2.377151634078473,34400468992,13.193280276027508,24.861922233947553,12.602802813926246,1,12.259119420021307,125.29095658299047,0.01033069787081331
stavis_center16,72,dc57317ce26d87eea7425918fc44d7447d27cd1091dbd0e18203ef1066d14c07,d9cace0efdbfdf841f23aa6a4a4ebdb3d0fc2b9c9c4c12acb9f43bd4d977524e,warm,not_applicable_frames_redecoded_each_question,16.0,64.0,64.0,48460,48384,False,2.393911151913926,34383219712,14.061072101991158,24.68341280898312,12.607279529969674,1,12.076133279013447,122.82238967798185,0.009885526029393077
stavis_center16,73,d45c2c79bff1b7c7d7bb952abe69c15e58af5c118ad7d7e4af5226c521bbc3a7,d9cace0efdbfdf841f23aa6a4a4ebdb3d0fc2b9c9c4c12acb9f43bd4d977524e,warm,not_applicable_frames_redecoded_each_question,16.0,64.0,64.0,48593,48384,False,2.364985844003968,34433526272,13.301973572990391,25.314703429990914,13.098339171963744,1,12.21636425802717,142.31609337596456,0.012756298878230155
stavis_center16,74,cae75eee571d37fe8c8cd9f846bc37088575fe043a5360c134d0c568ec6d66b4,d9cace0efdbfdf841f23aa6a4a4ebdb3d0fc2b9c9c4c12acb9f43bd4d977524e,warm,not_applicable_frames_redecoded_each_question,16.0,64.0,64.0,48476,48384,False,2.3579525239765644,34389220352,13.50929795904085,24.822916076984257,12.601284639036749,1,12.221631437947508,126.92216265603201,0.009538220998365432
stavis_center16,75,1a8bdc01df970ae6f154e675cbc24a07a7df500d55cfa69afe3cc14e1cc8c766,d9cace0efdbfdf841f23aa6a4a4ebdb3d0fc2b9c9c4c12acb9f43bd4d977524e,warm,not_applicable_frames_redecoded_each_question,16.0,64.0,64.0,48457,48384,False,2.3757714888779446,34382094848,13.85805071197683,24.74463669100078,12.60458615195239,1,12.140050539048389,123.40863413299667,0.010007338947616518
stavis_center16,76,b49e30fe05af854415d35802a85af1ddbacb0ae52ec471ac79626435b3dd0fe4,d9cace0efdbfdf841f23aa6a4a4ebdb3d0fc2b9c9c4c12acb9f43bd4d977524e,warm,not_applicable_frames_redecoded_each_question,16.0,64.0,64.0,48462,48384,False,2.363427429983858,34383969792,13.293075207038783,24.81985639000777,12.604381674958859,1,12.215474715048913,123.35584491502959,0.009718437970150262
stavis_center16,77,de6684250730d0a2b47c0a3afe97f44d12a3e0a4b0711750d837bc8a33a761ac,11914a53e244bf0979d050d321aeab0db12722a669acafbf12e179efdb15777a,warm,not_applicable_frames_redecoded_each_question,16.0,64.0,64.0,48462,48384,False,2.3508273368352093,34383969792,17.18255320400931,24.581341808021534,12.603136490972247,1,11.978205317049287,123.45808607898653,0.009603110956959426
stavis_center16,78,79e15acc747009e490df67c54453e4b829e06b568636274579b5d4557b6a56cb,11914a53e244bf0979d050d321aeab0db12722a669acafbf12e179efdb15777a,warm,not_applicable_frames_redecoded_each_question,16.0,64.0,64.0,48462,48384,False,2.3950045618694276,34383969792,14.11383977602236,24.775155655981507,12.606801780988462,1,12.168353874993045,125.13949315197533,0.00948370504193008
stavis_center16,79,743d0c53e4840c9563143ea7d769c29b584a2154b588eeea8757f60fe6fc6fee,8ac1918b59596377a1b66f5e8a868fa99888ba0b186ff0125e7cd76b2045f5d9,warm,not_applicable_frames_redecoded_each_question,16.0,64.0,64.0,48486,48384,False,2.366061178909149,34392969216,17.302252706023864,25.10183447296731,12.614239014976192,1,12.48759545799112,124.39090368902544,0.009258645819500089
stavis_center16,80,6df7e4da82f6e2382e6c374ef0dee321197c8887c6187e65286de1b5753ed275,8ac1918b59596377a1b66f5e8a868fa99888ba0b186ff0125e7cd76b2045f5d9,warm,not_applicable_frames_redecoded_each_question,16.0,64.0,64.0,48473,48384,False,2.3884744969545864,34388094464,15.521633843018208,24.545594891009387,12.635448089975398,1,11.910146801033989,124.86316121200798,0.009825722896493971
stavis_center16,81,d707033895007571217a10f4a082383dfcae001c4e134626ae3dc52db06dbbf2,8ac1918b59596377a1b66f5e8a868fa99888ba0b186ff0125e7cd76b2045f5d9,warm,not_applicable_frames_redecoded_each_question,16.0,64.0,64.0,48459,48384,False,2.37308675510576,34382844928,14.66070203698473,24.61357929802034,12.607290609972551,1,12.006288688047789,123.02560033503687,0.00969821197213605
stavis_center16,82,8ff461670df1a65018c330879ba9c216c6fb350220586554c0d7199d1043ebcf,8ac1918b59596377a1b66f5e8a868fa99888ba0b186ff0125e7cd76b2045f5d9,warm,not_applicable_frames_redecoded_each_question,16.0,64.0,64.0,48476,48384,False,2.3892037551268004,34389219328,14.604618408018723,24.468801932001952,12.609134650032502,1,11.85966728196945,123.84571839595446,0.009719237277749926
stavis_center16,83,ace8db5c5ceba0030664a1c09a715a55c672f0acf421f00a010ebee73bd35ea2,8ac1918b59596377a1b66f5e8a868fa99888ba0b186ff0125e7cd76b2045f5d9,warm,not_applicable_frames_redecoded_each_question,16.0,64.0,64.0,48533,48384,False,2.354295652010478,34410595328,15.902700917038601,24.674576096003875,12.668113216001075,1,12.0064628800028,125.59011316497345,0.009292747010476887
stavis_center16,84,fddda8420ebf69d41098a0750d2fc273d2b1deb0794fe7228d407c67d1677b1b,fe764d86d0de56ef2476a5ed06e1cca059e72cc9f6a045ef9d4d9e13659a959c,warm,not_applicable_frames_redecoded_each_question,16.0,64.0,64.0,48459,48384,False,2.3677068070392124,34382845440,19.921418877958786,24.565921995032113,12.607929548015818,1,11.957992447016295,125.88416430703364,0.009802846179809421
stavis_center16,85,214666231f91d288de8b2bf767429caac5cd16f2e20bfd0b4b9da5820228bda5,fe764d86d0de56ef2476a5ed06e1cca059e72cc9f6a045ef9d4d9e13659a959c,warm,not_applicable_frames_redecoded_each_question,16.0,64.0,64.0,48461,48384,False,2.358735747926403,34383594496,15.656967314018402,24.596582094964106,12.60986572393449,1,11.986716371029615,123.10214626701782,0.009318138007074594
stavis_center16,86,50661221ec4c535a8d8ad65041729053da09fce23bfc1d0b7966844792d81f20,fe764d86d0de56ef2476a5ed06e1cca059e72cc9f6a045ef9d4d9e13659a959c,warm,not_applicable_frames_redecoded_each_question,16.0,64.0,64.0,48463,48384,False,2.4279105909517966,34384344576,17.12844938901253,24.554102385998704,12.616027310024947,1,11.938075075973757,123.25482969795121,0.010216423193924129
stavis_center16,87,5ea20518ecdb8dc434094330b9fbdb2b9d28bc4d1bb090d7c9d4fa80da0d2eea,996cae1f271e96f21cb5c6ef309e9e365fd2bd894e8ac007ea4a005ef3d8df34,warm,not_applicable_frames_redecoded_each_question,16.0,64.0,64.0,48459,48384,False,2.357391479832586,34382844928,19.425744556006975,24.570207709039096,12.620752950024325,1,11.94945475901477,125.54431895900052,0.00937192712444812
stavis_center16,88,db8d2d7d6f24b9ef73fca070889e5c676ffca6611cc8e3b1dd2a3542c8e76b2f,2f4585aa26eaf6df02e185fcad0f79ce526b543dfcf84729a405d06749cd7a51,warm,not_applicable_frames_redecoded_each_question,16.0,64.0,64.0,48470,48384,False,2.369933467009105,34386969600,17.239329719974194,24.593860550958198,12.609726335969754,1,11.984134214988444,124.25373721896904,0.009446007199585438
stavis_center16,89,65f492d66e54ef517b8a741ac23de04289813af7be16ccaecd8174e22f470b32,2f4585aa26eaf6df02e185fcad0f79ce526b543dfcf84729a405d06749cd7a51,warm,not_applicable_frames_redecoded_each_question,16.0,64.0,64.0,48457,48384,False,2.377171410014853,34382094848,13.818461132992525,24.919297490967438,12.624726035923231,1,12.294571455044206,154.92948448297102,0.012016158900223672
stavis_center16,90,aee80d295186f46ad7f46eaf0a5e686d677aae2b6c9598016ea10730ee61ed60,1f0da36c1d82f8e135f2d0bd781e478f51937d8b273624cddf0163421a298914,warm,not_applicable_frames_redecoded_each_question,16.0,64.0,64.0,48476,48384,False,2.380102231109049,34389219328,22.69530565099558,24.451339128951076,12.593894835968968,1,11.857444292982109,126.6848465219955,0.009498521103523672
stavis_center16,91,d7d6c6edcb07e5ad1de0bf4d070f293df56b153e09995859e21761093e6bd118,6ceecbe8abe42f5e66795262f2d09c5a33d6439e365233a99f7dcddd01145ea6,warm,not_applicable_frames_redecoded_each_question,16.0,64.0,64.0,48463,48384,False,2.3721381159848534,34384344576,17.645707777002826,24.749134358018637,12.612144917016849,1,12.136989441001788,122.94495548901614,0.009730264020618051
stavis_center16,92,2681c1c55063ab938b4353fe421db4efe259c37d99b56e4b40373fcca71a5ecc,6ceecbe8abe42f5e66795262f2d09c5a33d6439e365233a99f7dcddd01145ea6,warm,not_applicable_frames_redecoded_each_question,16.0,64.0,64.0,48460,48384,False,2.367749967961572,34383219712,14.837789465964306,24.630106967000756,12.590491851966362,1,12.039615115034394,128.5494859770406,0.009649124986026436
stavis_center16,93,7c039e033bced3b95b045a8df47afebce9853d3a563605f89bb7bd299de4df16,8cc5d81820bfd16336cd4f49a319f1a6e6b766d527a1eb4518937ed9bc79fcd5,warm,not_applicable_frames_redecoded_each_question,16.0,64.0,64.0,48496,48384,False,2.357055704051163,34396719104,17.40861402702285,24.54911171499407,12.589591406984255,1,11.959520308009814,122.4161210799939,0.009329815162345767
stavis_center16,94,d10dba430b3c710d5b41a1a78efe0ccbd66c67ed6e84cf6532127f080766d5ae,8cc5d81820bfd16336cd4f49a319f1a6e6b766d527a1eb4518937ed9bc79fcd5,warm,not_applicable_frames_redecoded_each_question,16.0,64.0,64.0,48467,48384,False,2.3590714591555297,34385844736,14.515330530004576,24.703129736997653,12.608671613968909,1,12.094458123028744,123.32182298297994,0.00949671893613413
stavis_center16,95,4557e192f149e4897d09c1b76b6c8a1f4be9f0de23e71a0b0ab20296e913c7e7,8cc5d81820bfd16336cd4f49a319f1a6e6b766d527a1eb4518937ed9bc79fcd5,warm,not_applicable_frames_redecoded_each_question,16.0,64.0,64.0,48461,48384,False,2.381719292141497,34383594496,14.738007832027506,24.741556218999904,12.614264267962426,1,12.127291951037478,135.46181716601131,0.014759770012460649
stavis_center16,96,8dfb744022cdb09a0aab7a1a450284420a60f9fa0abcafe867beb2a337a472da,8cc5d81820bfd16336cd4f49a319f1a6e6b766d527a1eb4518937ed9bc79fcd5,warm,not_applicable_frames_redecoded_each_question,16.0,64.0,64.0,48461,48384,False,2.3609171439311467,34383594496,14.762371591001283,24.180257820000406,12.616043357993476,1,11.56421446200693,123.17681874497794,0.009461085079237819
stavis_center16,97,b8eb02172d6ec33a8532391322df69d9dbb89898a5395e6c4b2a18689992225a,8cc5d81820bfd16336cd4f49a319f1a6e6b766d527a1eb4518937ed9bc79fcd5,warm,not_applicable_frames_redecoded_each_question,16.0,64.0,64.0,48462,48384,False,2.356015254976228,34383969792,15.608416968025267,24.698991625977214,12.61414405296091,1,12.084847573016305,122.45440835598856,0.009318573109339923
stavis_center16,98,4fc14ccfe679991f9daf93adb5fc3c72042c6c2b3855bf7fa7d8d9c337ae173e,b3865136b855303375c097bd52110fbca8266293af7dc55f1e265f0319eb7981,warm,not_applicable_frames_redecoded_each_question,16.0,64.0,64.0,48455,48384,False,2.3672708480153233,34381344768,18.507245449000038,24.51879701402504,12.624295824032743,1,11.894501189992297,122.98690309701487,0.009492876182775944
stavis_center16,99,c40150fab1e6286ece0d724d8c27173be35cfc460fccd10e493e6e545fa7d2a5,b3ef21c44f3f5a73766fb4901fd70cfafbb1a7a5ae3965a2ce5ac16c7b672658,warm,not_applicable_frames_redecoded_each_question,16.0,64.0,64.0,48459,48384,False,2.3693073778995313,34382844928,20.905298850964755,24.60148895101156,12.616570068988949,1,11.984918882022612,122.41555142897414,0.010181172110605985
stavis_center16,100,59dd7bf05d2b59b76cc1042a40f08cb6d72b5bb19d8c3b8ccc8b4251a457281c,b3ef21c44f3f5a73766fb4901fd70cfafbb1a7a5ae3965a2ce5ac16c7b672658,warm,not_applicable_frames_redecoded_each_question,16.0,64.0,64.0,48463,48384,False,2.3784461049363017,34384344576,18.492317769967485,24.501185652043205,12.619269570044708,1,11.881916081998497,122.34391704999143,0.00971395306987688
stavis_center16,101,b1ad0aa3a834b10b9d68c99e25177c2ebd006896bde21563fc9958063c93e653,b3ef21c44f3f5a73766fb4901fd70cfafbb1a7a5ae3965a2ce5ac16c7b672658,warm,not_applicable_frames_redecoded_each_question,16.0,64.0,64.0,48470,48384,False,2.3508496620925143,34386969600,16.622088978998363,24.704934576991946,12.609922110976186,1,12.09501246601576,128.6341272679856,0.009704418072942644
stavis_center16,102,68077fe86b13a21d0eded47f935956e24d707680bfc0137968c66cebcf672f5a,b3ef21c44f3f5a73766fb4901fd70cfafbb1a7a5ae3965a2ce5ac16c7b672658,warm,not_applicable_frames_redecoded_each_question,16.0,64.0,64.0,48461,48384,False,2.385392951895483,34383594496,17.43589557299856,24.545424019976053,12.619462428963743,1,11.92596159101231,121.28833070304245,0.00970366399269551
stavis_center16,103,2e4fb3dcb518eb5526e943917f3ed59b4df95f0ce5a691bc42418b190119baee,b3ef21c44f3f5a73766fb4901fd70cfafbb1a7a5ae3965a2ce5ac16c7b672658,warm,not_applicable_frames_redecoded_each_question,16.0,64.0,64.0,48472,48384,False,2.3702643929282203,34387719680,17.149348523002118,24.709510646003764,12.609594518027734,1,12.09991612797603,130.1864917309722,0.01118670211872086
stavis_center16,104,d5bebb6507ca190ee08c39340a366ad5d4c0ca7edaf16c35d829d6b93df4eb40,b3ef21c44f3f5a73766fb4901fd70cfafbb1a7a5ae3965a2ce5ac16c7b672658,warm,not_applicable_frames_redecoded_each_question,16.0,64.0,64.0,48472,48384,False,2.4788823219714686,34387719680,19.329649509047158,24.557420454977546,12.6169948609313,1,11.940425594046246,132.664083235024,0.013270151102915406
stavis_center16,105,9b45075c1f82582fb07a354880929522eb30e0a9f44aac0884eae724f408e926,b7c905873905f7755270ecefe120ce5a777d077ba23b14deee61b020e3d978b8,warm,not_applicable_frames_redecoded_each_question,16.0,64.0,64.0,48472,48384,False,2.360272821970284,34387719680,21.537160068983212,25.01879555499181,12.599205576989334,1,12.419589978002477,125.91261279501487,0.009652585140429437
stavis_center16,106,0909e7a45887983fe90e967f122f17e7c327d97b7dac185fb79348498144625a,b7c905873905f7755270ecefe120ce5a777d077ba23b14deee61b020e3d978b8,warm,not_applicable_frames_redecoded_each_question,16.0,64.0,64.0,48465,48384,False,2.3659544949769042,34385094656,18.8654584029573,24.739514279994182,12.6155559750041,1,12.123958304990083,125.22385832300643,0.009637734037823975
stavis_center16,107,4a7fad2d67a8b16b7d8f0267e5b1b5ed59b6a8ab481680bf7b7ca9a6464dd7e4,bfcc2f5af68959f68a1737711080ace20ffd299c13c741195aba0e5b90c5f5dc,warm,not_applicable_frames_redecoded_each_question,16.0,64.0,64.0,48465,48384,False,2.3590026349993423,34385094656,17.692772518959828,24.766694337013178,12.60595729999477,1,12.160737037018407,125.4099892990198,0.009567130939103663
stavis_center16,108,fe38c0f2ce11e3c60980bed4b77ffc64a59201e254128e34077c8491edcdbbd6,4896c281ca45bae61e53c2df0d6ff08831544c18ba488ab10e64e92f7bc0c908,warm,not_applicable_frames_redecoded_each_question,16.0,64.0,64.0,48468,48384,False,2.3817608221434057,34386219520,17.531964045017958,24.60356400400633,12.604355939023662,1,11.999208064982668,124.82289410103112,0.009459540888201445
stavis_center16,109,579539828fe7f9ccb3d10ba9d6379e5833812ebd26bdba7ade6d337f38ec794f,4896c281ca45bae61e53c2df0d6ff08831544c18ba488ab10e64e92f7bc0c908,warm,not_applicable_frames_redecoded_each_question,16.0,64.0,64.0,48467,48384,False,2.359339229995385,34385844736,14.795642003999092,24.85978427703958,12.61940634099301,1,12.24037793604657,124.22126910299994,0.009326217113994062
stavis_center16,110,7607094f2d94359f04269ca7585a8f3bd74eeee2524bf45eb1ac0b4db9926371,4896c281ca45bae61e53c2df0d6ff08831544c18ba488ab10e64e92f7bc0c908,warm,not_applicable_frames_redecoded_each_question,16.0,64.0,64.0,48486,48384,False,2.3622312379302457,34392969216,14.484094864979852,25.581649841973558,12.627700713986997,1,12.953949127986562,125.8345608090167,0.009453142120037228
stavis_center16,111,28d1071434204a850dedda81a0c90da228c209abe662cd86d707d79e21140f10,4896c281ca45bae61e53c2df0d6ff08831544c18ba488ab10e64e92f7bc0c908,warm,not_applicable_frames_redecoded_each_question,16.0,64.0,64.0,48462,48384,False,2.3703992659575306,34383969792,14.489060297026299,24.429732622986194,12.59738012397429,1,11.832352499011904,126.44344298902433,0.009762364905327559
stavis_center16,112,63eed85cff13f6e738f3b20d3d06c44269d0a261cf6204b5ce47ea30fbe5a0e7,55678127e2f781a04cc0f71ac901ac9888e157c1963fe950fbbe1e0421799d7b,warm,not_applicable_frames_redecoded_each_question,16.0,64.0,64.0,48463,48384,False,2.4104355738381855,34384344576,20.058061874005944,24.831014716997743,12.638922550017014,1,12.192092166980729,144.71673695801292,0.011379802075680345
stavis_center16,113,b9297d7d7c24b714238b917ccf2cde972ccde760ad6da076338ed02e1d479049,30b8d396410e82d203b153ad95ddf9e9e617671183cde28d9fda270aa456a36a,warm,not_applicable_frames_redecoded_each_question,16.0,64.0,64.0,48463,48384,False,2.375847113027703,34384344576,18.353761923033744,24.796880103007425,12.64903155801585,1,12.147848544991575,126.02783971099416,0.009772892051842064
stavis_center16,114,2e73c84ae0aa5b2bed3032285c0a8855206858fa9128561ffdfe3cea29b0e267,65f3b877c1b6535af35bb0e9b9fe7fb40b06e6644b6148323789e9307dede0d1,warm,not_applicable_frames_redecoded_each_question,16.0,64.0,64.0,48581,48384,False,2.35693563480163,34428596736,15.409862974018324,24.719209521019366,12.655584523978177,1,12.063624997041188,125.10332898696652,0.009892837959341705
stavis_center16,115,f9b8c17c863cdd4410c70765b54907739c35ec9f4e5ec02df3a7bfecfd55f7ac,65f3b877c1b6535af35bb0e9b9fe7fb40b06e6644b6148323789e9307dede0d1,warm,not_applicable_frames_redecoded_each_question,16.0,64.0,64.0,48464,48384,False,2.3555535734049045,34384720384,14.49354418402072,24.78487785998732,12.600906656996813,1,12.183971202990506,123.69429125002353,0.009596450079698116
stavis_center16,116,159b37bfafa6f8e503a2b17de547e3ef15416e07c51c53bf0fab33aae828771e,65f3b877c1b6535af35bb0e9b9fe7fb40b06e6644b6148323789e9307dede0d1,warm,not_applicable_frames_redecoded_each_question,16.0,64.0,64.0,48454,48384,False,2.513173151121009,34380969984,14.575256306037772,26.225481745030265,12.636795515019912,1,13.588686230010353,132.88233264302835,0.012161466060206294
stavis_center16,117,527290ed4851385dcdd303301af0149a7d421fbdbf3594fabfedf03b0c5b419a,96e721b998e240b7ca1d0b6dab2e9a90fe1a1b334915d2ff2d222c2610ad87ba,warm,not_applicable_frames_redecoded_each_question,16.0,64.0,64.0,48470,48384,False,2.3929050630540587,34386969600,14.324684246035758,24.348085985984653,12.644034482014831,1,11.704051503969822,124.69218766898848,0.009436486987397075
stavis_center16,118,905cae8807005144336a717802c04206b840882e2af1f01208b6cd8ea159a7b8,96e721b998e240b7ca1d0b6dab2e9a90fe1a1b334915d2ff2d222c2610ad87ba,warm,not_applicable_frames_redecoded_each_question,16.0,64.0,64.0,48471,48384,False,2.365320722979959,34387344384,13.488389091973659,24.452489716990385,12.638525967951864,1,11.813963749038521,123.78284988400992,0.010123128071427345
stavis_center16,119,56609e7f18b861292ac377a7bcedf176abef9cf8dd08af90b071dc3f7bc06beb,96e721b998e240b7ca1d0b6dab2e9a90fe1a1b334915d2ff2d222c2610ad87ba,warm,not_applicable_frames_redecoded_each_question,16.0,64.0,64.0,48456,48384,False,2.3760571280145086,34381719552,13.268870275991503,24.54967580898665,12.627443776000291,1,11.922232032986358,128.31649246899178,0.010697176097892225
stavis_center16,120,99727b9d98f9e2fbf8492e7ce7d32cb782ee64e210e6297b8fe78f2ea3cab0a3,96e721b998e240b7ca1d0b6dab2e9a90fe1a1b334915d2ff2d222c2610ad87ba,warm,not_applicable_frames_redecoded_each_question,16.0,64.0,64.0,48458,48384,False,2.3644804239738733,34382469632,13.138217081024777,24.219664973963518,12.538597786973696,1,11.681067186989821,124.85619759996189,0.009469947079196572
stavis_center16,121,52bd0ce1e5bddc3a318df1ac5a4b93f4de09be5c97deb72773640095dac1ffa6,96e721b998e240b7ca1d0b6dab2e9a90fe1a1b334915d2ff2d222c2610ad87ba,warm,not_applicable_frames_redecoded_each_question,16.0,64.0,64.0,48453,48384,False,2.3855818099691533,34380594688,13.10011066700099,24.24065396504011,12.555426931066904,1,11.685227033973206,124.73191656701965,0.009513090015389025
stavis_center16,122,7bb0ed7fbbd7c6bb402af260fc81747e26aea2f6be274f9084a5177593b65fc1,96e721b998e240b7ca1d0b6dab2e9a90fe1a1b334915d2ff2d222c2610ad87ba,warm,not_applicable_frames_redecoded_each_question,16.0,64.0,64.0,48456,48384,False,2.3699048729613423,34381719552,14.243992042029276,24.27653867105255,12.548365900060162,1,11.728172770992387,126.39814944699174,0.009954111825209111
stavis_center16,123,ca9cdf15dbad79ad47027ecdfbac61047d3e5ca51c960adc53aa66d725e9e138,96e721b998e240b7ca1d0b6dab2e9a90fe1a1b334915d2ff2d222c2610ad87ba,warm,not_applicable_frames_redecoded_each_question,16.0,64.0,64.0,48470,48384,False,2.3536610060255043,34386969600,13.534157149959356,24.207373272976838,12.55768165801419,1,11.649691614962649,125.68227749102516,0.009500250103883445
stavis_center16,124,99c92c8e0b1560c91b4274a2f3ffb6b816b5d32fef875677a8ff22e822a44250,96e721b998e240b7ca1d0b6dab2e9a90fe1a1b334915d2ff2d222c2610ad87ba,cold,not_applicable_frames_redecoded_each_question,16.0,64.0,64.0,48477,48384,False,2.4759170777979307,34389206016,13.218686476990115,24.998673394031357,12.947354636038654,1,12.051318757992703,138.40598169295117,0.02537938696332276
stavis_center16,125,877bc142bb96f77f170eb4d28b10a8c55f3d87e92945246bcbbd72fa68d56b6a,96e721b998e240b7ca1d0b6dab2e9a90fe1a1b334915d2ff2d222c2610ad87ba,warm,not_applicable_frames_redecoded_each_question,16.0,64.0,64.0,48464,48384,False,2.3569348001037724,34384719360,12.823234590003267,24.636002952989656,12.485869320982601,1,12.150133632007055,132.52150254696608,0.00947838817955926
stavis_center16,126,ba6a37ba89eb6a3c90d2179739a9d63f006a2f3d9b37bac0c35c607163e94363,e4a648592e275da156f5b4071bc7f7a5c2a011acc488bccb511d4fb040ec6470,warm,not_applicable_frames_redecoded_each_question,16.0,64.0,64.0,48470,48384,False,2.3972226349869743,34386969600,20.24697863101028,24.171992840012535,12.493505637976341,1,11.678487202036195,136.6513978820294,0.010048770869616419
stavis_center16,127,78ad4f8f282c1506b745582cef5f3a33e2386251c8eac488675e02b9aa17c31f,e4a648592e275da156f5b4071bc7f7a5c2a011acc488bccb511d4fb040ec6470,warm,not_applicable_frames_redecoded_each_question,16.0,64.0,64.0,48463,48384,False,2.4116095190984197,34384344576,16.516794714028947,23.97702773695346,12.488416224950925,1,11.488611512002535,132.67980777396588,0.010186387167777866
stavis_center16,128,b364ab79f6f3f956db64a50fcb1c52e8fed6c4da3dd3c865f3f79154cdf3cc82,e4a648592e275da156f5b4071bc7f7a5c2a011acc488bccb511d4fb040ec6470,warm,not_applicable_frames_redecoded_each_question,16.0,64.0,64.0,48481,48384,False,2.375857203034684,34391939584,15.80211337201763,24.37058701098431,12.510024841001723,1,11.860562169982586,134.41481358697638,0.009429632045794278
stavis_center16,129,3efb37a0100d4121c828759869cd74376cfe8d6c8a4039765c0eba4fc59814a4,02b39ee0ca124d991febda1cbf4d0ee95ebcc0ef03106a49b3fe7c4d28178e78,warm,not_applicable_frames_redecoded_each_question,16.0,64.0,64.0,48469,48384,False,2.358245378942229,34386594304,22.423576800967567,24.639992884011008,12.529005919990595,1,12.110986964020412,131.49429608799983,0.00850644096499309
stavis_center16,130,7f71c61f3d1a4c08f16ef984803967967a2e344381b6f758cb2d2806d0c3c41c,02b39ee0ca124d991febda1cbf4d0ee95ebcc0ef03106a49b3fe7c4d28178e78,warm,not_applicable_frames_redecoded_each_question,16.0,64.0,64.0,48467,48384,False,2.390023353858851,34385844736,16.650188700994477,24.152257777052,12.508753155067097,1,11.643504621984903,133.15369588905014,0.010562504932750016
stavis_center16,131,ab78bfc7b84e9909b9a5fefca2cd4609642c94688556034d892235dc847ac44c,eb282257ef73857bb2648e0a8099894dcdae7fedba91cfaf38ee24148b529e3e,warm,not_applicable_frames_redecoded_each_question,16.0,64.0,64.0,48443,48384,False,2.3647085500415415,34376842752,22.02408155699959,24.315128263027873,12.654763854981866,1,11.660364408046007,132.15711123601068,0.010121184051968157
stavis_center16,132,771ae2c3bf8579f4e75d0b366b12dbc6e2ab90cafe7e66924e1db0fd688e61b7,99c687bd3e7dc1200f5f6bf3f2b8317cb2f0328719d6d7ae781ec7c193b7a645,warm,not_applicable_frames_redecoded_each_question,16.0,64.0,64.0,48461,48384,False,2.425734991149511,34383594496,14.89756622700952,24.700895391986705,12.519866415997967,1,12.181028975988738,141.45445581898093,0.011720655835233629
stavis_center16,133,56fb4cec75c3397ff156597d4830fe84485f02385594a5e2797a86f5d6b90512,99c687bd3e7dc1200f5f6bf3f2b8317cb2f0328719d6d7ae781ec7c193b7a645,warm,not_applicable_frames_redecoded_each_question,16.0,64.0,64.0,48472,48384,False,2.399279675038997,34387719680,12.987784558965359,24.491059662017506,12.520898714021314,1,11.970160947996192,134.18684967199806,0.010538728791289032
stavis_center16,134,730a70f3dc5c07cb1e10bb3c4e2ef6fbdd9a0882f9acb70782240055f04a8afc,99c687bd3e7dc1200f5f6bf3f2b8317cb2f0328719d6d7ae781ec7c193b7a645,warm,not_applicable_frames_redecoded_each_question,16.0,64.0,64.0,48463,48384,False,2.385360173007939,34384344576,12.993153819988947,24.801338623976335,12.533985638990998,1,12.267352984985337,133.42259066499537,0.009921063960064203
stavis_center16,135,709b11597f3edd653f04c3ffb313af753efcb15f32ccbfedd7dd14f0f036580d,4ef4fe14b65dac37095ff46eb4fa261c74f7a0e08e765d9e60d5c2dae4879256,warm,not_applicable_frames_redecoded_each_question,16.0,64.0,64.0,48461,48384,False,2.40023872704478,34383594496,15.022977521992289,24.32197744003497,12.52287988300668,1,11.79909755702829,136.11858109303284,0.010287779965437949
stavis_center16,136,5b81426f280f7fb942060779d9bba2e496a382ce065fdbddad58a5e55b161d02,258dbc13eee78a697bba44c9a4bd1684b7e33b06fd9166b8f8d13906906e5bc8,warm,not_applicable_frames_redecoded_each_question,16.0,64.0,64.0,48468,48384,False,2.3887598121655174,34386219520,19.00797832896933,24.38904109696159,12.494358858966734,1,11.894682237994857,137.99828805198194,0.010339208005461842
stavis_center16,137,5f870e24ec927d8adc463b524bf7566a3fb52d32fe908596cb718438b1fbfb27,258dbc13eee78a697bba44c9a4bd1684b7e33b06fd9166b8f8d13906906e5bc8,warm,not_applicable_frames_redecoded_each_question,16.0,64.0,64.0,48467,48384,False,2.3775234610657208,34385844736,15.247316265013069,24.712438976974227,12.521130091976374,1,12.191308884997852,132.66093173698755,0.010282372997608036
stavis_center16,138,885bcab317d274fc14d80c896888855affc4d9adf1869564202ede4b306841f5,258dbc13eee78a697bba44c9a4bd1684b7e33b06fd9166b8f8d13906906e5bc8,warm,not_applicable_frames_redecoded_each_question,16.0,64.0,64.0,48468,48384,False,2.412636446126271,34386219520,15.559888791001868,24.195548171992414,12.512737684010062,1,11.682810487982351,132.995137528982,0.010271254053805023
stavis_center16,139,ee9330ca822462f5570462ad5dc6fe433a1dad907b10af2bb3cbff6f5c93ed33,258dbc13eee78a697bba44c9a4bd1684b7e33b06fd9166b8f8d13906906e5bc8,warm,not_applicable_frames_redecoded_each_question,16.0,64.0,64.0,48458,48384,False,2.4177662418805994,34382469632,15.988289194996469,24.673138865968212,12.528449549921788,1,12.144689316046424,131.85856923100073,0.010639584099408239
stavis_center16,140,d9434b0b064bbfb9a9966bf5986035f3df0f9820ecd42e488b3e6b4ae62123d9,258dbc13eee78a697bba44c9a4bd1684b7e33b06fd9166b8f8d13906906e5bc8,warm,not_applicable_frames_redecoded_each_question,16.0,64.0,64.0,48471,48384,False,2.4056835789815523,34387344384,15.496639587974641,24.307666787994094,12.569621075992472,1,11.738045712001622,132.98838986002374,0.010076484817545861
stavis_center16,141,0b5e19bebf814d213ac97b417a3a9ad695fc0d1ec57492ad8f3d4955ba3f38c9,258dbc13eee78a697bba44c9a4bd1684b7e33b06fd9166b8f8d13906906e5bc8,warm,not_applicable_frames_redecoded_each_question,16.0,64.0,64.0,48466,48384,False,2.3902965749730356,34385469440,15.946998575993348,24.622487946006004,12.572565374022815,1,12.049922571983188,130.1423867039848,0.010199589014519006
stavis_center16,142,52db5d9b1e462c91408d85d5d0789d3f447c3931ac5f24d3576dcb43539ccf8c,149d80447cbe7800572c6d04419492cb72625b04774d93aed24c4169719a6af9,warm,not_applicable_frames_redecoded_each_question,16.0,64.0,64.0,48453,48384,False,2.364759406889789,34380594688,19.36892809200799,24.511806252994575,12.569423782988451,1,11.942382470006123,131.85990453802515,0.009842396946623921
stavis_center16,143,b1a57fb18e65d591be7e5f2698208140aa76b79f63f5be4c56494934eb310500,149d80447cbe7800572c6d04419492cb72625b04774d93aed24c4169719a6af9,warm,not_applicable_frames_redecoded_each_question,16.0,64.0,64.0,48465,48384,False,2.3939998769783415,34385094656,15.960714626009576,24.665207978046965,12.565894097089767,1,12.099313880957197,133.50318204902578,0.010399288963526487
stavis_center16,144,9094d47ce2aae122f36958226aa35cb95c60819d892f91c59d9a9969ae58b2e9,149d80447cbe7800572c6d04419492cb72625b04774d93aed24c4169719a6af9,warm,not_applicable_frames_redecoded_each_question,16.0,64.0,64.0,48456,48384,False,2.410551118897274,34381719552,15.146443741978146,24.515593860007357,12.55805276799947,1,11.957541092007887,134.99863137101056,0.012389472045470029
stavis_center16,145,d9b841fe72c18931d739f75c5f2ce1667cba355f34078cc9f88cb8c49950e91e,149d80447cbe7800572c6d04419492cb72625b04774d93aed24c4169719a6af9,warm,not_applicable_frames_redecoded_each_question,16.0,64.0,64.0,48469,48384,False,2.391810091037769,34386594304,15.043326241022442,24.828904258960392,12.536324275948573,1,12.29257998301182,131.05911258602282,0.010081393993459642
stavis_center16,146,0799b2d17cd0b084ad6ea61efdb83bc75281e60190ca2ab8a615d479802a0510,149d80447cbe7800572c6d04419492cb72625b04774d93aed24c4169719a6af9,warm,not_applicable_frames_redecoded_each_question,16.0,64.0,64.0,48463,48384,False,2.3937745219445787,34384344576,15.126928295998368,24.64148508699145,12.528882468002848,1,12.112602618988603,129.16206852003234,0.010175015893764794
stavis_center16,147,666f97f5cd8cbb6a42322b8614d82d8ecdb820cb16807919ec1d38ff83e05fbe,149d80447cbe7800572c6d04419492cb72625b04774d93aed24c4169719a6af9,warm,not_applicable_frames_redecoded_each_question,16.0,64.0,64.0,48460,48384,False,2.4306581329437904,34383219712,16.65150826604804,24.593052119016647,12.53512600902468,1,12.057926109991968,131.12787112401566,0.0103834931505844
stavis_center16,148,9ed2434d7cdf0a8c6b89781f186e29384741d1437b4dbb28988df4ec96940e60,790abd0d407d7ad3ec672c63d78f568090662cd543c228268a741119fbf443f5,warm,not_applicable_frames_redecoded_each_question,16.0,64.0,64.0,48466,48384,False,2.368977168982383,34385469440,19.081556765013374,24.419094807992224,12.526379994989838,1,11.892714813002385,137.44516800704878,0.010023570037446916
stavis_center16,149,3d0bca2b5dd535f000f79b4c73354e9c8bede0f1266f0894f7517c7573ba4abe,790abd0d407d7ad3ec672c63d78f568090662cd543c228268a741119fbf443f5,warm,not_applicable_frames_redecoded_each_question,16.0,64.0,64.0,48485,48384,False,2.3799427638878115,34392594432,17.15833028801717,25.206545753986575,12.935881779005285,1,12.27066397498129,132.16193367395317,0.010075046913698316
stavis_center16,150,8657612496d5a6e7a9eebf16fa1cdd863028c1beee0a9d0bfce7ae0ee7b58afe,790abd0d407d7ad3ec672c63d78f568090662cd543c228268a741119fbf443f5,warm,not_applicable_frames_redecoded_each_question,16.0,64.0,64.0,48468,48384,False,2.3741150599671528,34386219520,15.030907534004655,24.428065215004608,12.56674215104431,1,11.861323063960299,132.58767976099625,0.01007900811964646
stavis_center16,151,d150939414fb9f48f6dcd3584b68cdc198e88486b52f7e63d70320d71fa1be64,a28a1ecae7916a44753139d075937d76cefaaff0c0c71fe858ade45741fff829,warm,not_applicable_frames_redecoded_each_question,16.0,64.0,64.0,48463,48384,False,2.3566934899426997,34384344576,5.21368631196674,24.357684376998805,12.57430897600716,1,11.783375400991645,116.83914235199336,0.009572685929015279
stavis_center16,152,ab2b53ac1f021754f0fcf85530d466082dfe33ab03eb67e9fe0ed80a02ececd4,a28a1ecae7916a44753139d075937d76cefaaff0c0c71fe858ade45741fff829,warm,not_applicable_frames_redecoded_each_question,16.0,64.0,64.0,48454,48384,False,2.394064058084041,34380969984,4.007679742993787,24.65222506999271,12.508971239964012,1,12.143253830028698,114.00381381501211,0.010012597776949406
stavis_center16,153,16fd1f871512954e521d8a67b230ebef17f859f7a0717814e1751e50ad7a95e7,a28a1ecae7916a44753139d075937d76cefaaff0c0c71fe858ade45741fff829,warm,not_applicable_frames_redecoded_each_question,16.0,64.0,64.0,48457,48384,False,2.3659373258706182,34382094848,4.174596311990172,24.510731994989328,12.53461408498697,1,11.976117910002358,113.54655529500451,0.009462368034292012
stavis_center16,154,23e0f85fb201ffd6295883e748628eb0ccf22737020e0b05cd445b1a3f664344,18afb9093c4530554fc3691ba94be5fc780e55e10fa1a6ffce1c1d41b71ee6c5,warm,not_applicable_frames_redecoded_each_question,16.0,64.0,64.0,48458,48384,False,2.5083096300950274,34382469632,5.280942172976211,25.493376118014567,12.508990897971671,1,12.984385220042896,127.24745093600359,0.01132210501236841
stavis_center16,155,966b935d53fbbe9baf35a7826f6a3671e2421693febcff00bee1499186d5393e,18afb9093c4530554fc3691ba94be5fc780e55e10fa1a6ffce1c1d41b71ee6c5,warm,not_applicable_frames_redecoded_each_question,16.0,64.0,64.0,48464,48384,False,2.4293697709217668,34384719360,4.963403729023412,25.00915416603675,12.496275291021448,1,12.512878875015303,131.98097052698722,0.010894996928982437
stavis_center16,156,5f8981eed0355034f76838fc7842ecc7fec0984bca3426e28934e4f72e7dadf7,53c93e34cfc303e0c9ef65b90fb8488e0f56525a3b3a7b02244067dddb160e53,warm,not_applicable_frames_redecoded_each_question,16.0,64.0,64.0,48461,48384,False,2.4263123638229445,34383594496,7.134517718979623,25.35373315704055,12.522134491067845,1,12.831598665972706,123.43838247400708,0.01047970709623769
stavis_center16,157,2e1cb5280c95a58ac9b7c4af068669b20406f48a3a88b799cbef85aef2411c13,53c93e34cfc303e0c9ef65b90fb8488e0f56525a3b3a7b02244067dddb160e53,warm,not_applicable_frames_redecoded_each_question,16.0,64.0,64.0,48456,48384,False,2.3986571851419285,34381719552,5.75457864505006,24.710699402028695,12.519439892028458,1,12.191259510000236,126.235317448969,0.010645849979482591
stavis_center16,158,82b68e3a4033fa8e4cf2027ab65206e710694dcb80f1c5200a9552ead740cfe7,53c93e34cfc303e0c9ef65b90fb8488e0f56525a3b3a7b02244067dddb160e53,warm,not_applicable_frames_redecoded_each_question,16.0,64.0,64.0,48455,48384,False,2.3857909299549647,34381344768,5.194727563997731,25.247263585973997,12.535464551008772,1,12.711799034965225,117.54085867299,0.010703826905228198
stavis_center16,159,211a7276abca5a597d3a6d4a2ed3fffadc191c2a59fe965db2a50552292e3cdd,f5048ff5f94e1f4d932440aedaa1354bb20aba0f40db1bc6e4d65a4a3d0f6e31,warm,not_applicable_frames_redecoded_each_question,16.0,64.0,64.0,48472,48384,False,2.3744655719492584,34387719680,5.725250868010335,24.28074993903283,12.537844040081836,1,11.742905898950994,113.94926304899855,0.010366435977630317
stavis_center16,160,6ef8d0473791e629c395aa82d0236826ec5d4bd6728af478d6d467415274cea6,f5048ff5f94e1f4d932440aedaa1354bb20aba0f40db1bc6e4d65a4a3d0f6e31,warm,not_applicable_frames_redecoded_each_question,16.0,64.0,64.0,48471,48384,False,2.3915464188321494,34387344384,4.133741715981159,25.008803285018075,12.535160537052434,1,12.473642747965641,116.71935756498715,0.010306411946658045
stavis_center16,161,acd869ed7f9b97bb251a3024d99139954f8c38cebd2629a79713530071fa2ae0,9fdc8db65e958e757576e7e650c48f07fb322eb887ade28d2cd08b42b7463f17,warm,not_applicable_frames_redecoded_each_question,16.0,64.0,64.0,48501,48384,False,2.464205354102887,34398594048,23.79584276204696,25.26936736400239,12.934484431985766,1,12.334882932016626,158.2228213949711,0.010974827979225665
stavis_center16,162,4cbe773cc1df487c640ff502574464164b2c09a7ec5399575f357a474a725f89,9fdc8db65e958e757576e7e650c48f07fb322eb887ade28d2cd08b42b7463f17,warm,not_applicable_frames_redecoded_each_question,16.0,64.0,64.0,48465,48384,False,2.3564361699391156,34385094656,18.220573608996347,24.333878985024057,12.522988343029283,1,11.810890641994774,134.8861437229789,0.011199896107427776
stavis_center16,163,d4f257bcba81f98909929db99c8f3f8f981f117b1663fe7b43a3bc717dad7120,eb903117643e5935c18e76a1c22f552a965694dcdf914c83756773d7038ee67e,warm,not_applicable_frames_redecoded_each_question,16.0,64.0,64.0,48477,48384,False,2.3816909219603986,34389594112,21.505371236009523,24.185234655975364,12.514563541975804,1,11.67067111399956,136.5474759209901,0.009968541911803186
stavis_center16,164,7252cfb46da2615df0b17912e19ad6213cbdc36cab9189d458db46194242148e,eb903117643e5935c18e76a1c22f552a965694dcdf914c83756773d7038ee67e,warm,not_applicable_frames_redecoded_each_question,16.0,64.0,64.0,48458,48384,False,2.3976364908739924,34382469632,20.046226236969233,24.302743686013855,12.50901848002104,1,11.793725205992814,130.4402966539492,0.010845136945135891
stavis_center16,165,5978701b77de1abf4710ed04ba4046ea24e92a3fb4b50688c49e1ca923fd2af8,f5fd1414220835235040e482aa0e13ba3856f4f24a485eb46de7592347ca439e,warm,not_applicable_frames_redecoded_each_question,16.0,64.0,64.0,48470,48384,False,2.3714146219426766,34386969600,20.127402945014182,24.216039168997668,12.511021329031792,1,11.705017839965876,129.4414514270029,0.010016325861215591
stavis_center16,166,a689ac7bb19b24747af08eb358be7f9d88b5aafe5b63e3aeff4d4bd11563ca1b,f5fd1414220835235040e482aa0e13ba3856f4f24a485eb46de7592347ca439e,warm,not_applicable_frames_redecoded_each_question,16.0,64.0,64.0,48491,48384,False,2.37955494702328,34394844160,15.39819748600712,24.116462570033036,12.515404400066473,1,11.601058169966564,127.15821542200865,0.010165631130803376
stavis_center16,167,44662e2ca2112d5a04d6f938796c313d0e754f6964849cbc2746e0afb6fa152e,f5fd1414220835235040e482aa0e13ba3856f4f24a485eb46de7592347ca439e,warm,not_applicable_frames_redecoded_each_question,16.0,64.0,64.0,48468,48384,False,2.37062388000777,34386219520,15.566398682014551,24.198349648038857,12.531366736046039,1,11.666982911992818,131.82985730696237,0.009696382097899914
stavis_center16,168,73a6f0e6ee431b1f788b6ffebae85f2eb416954bcdd05e3cd87bdaebb9e07f79,f5fd1414220835235040e482aa0e13ba3856f4f24a485eb46de7592347ca439e,warm,not_applicable_frames_redecoded_each_question,16.0,64.0,64.0,48464,48384,False,2.3487876749713905,34384719360,15.618631496967282,24.093843298964202,12.51205995498458,1,11.581783343979623,129.83717321697623,0.009345961268991232
stavis_center16,169,c89b1060879fc2eb617a472feedd4f63b706430e6fdded5fe8c9bd4fbbe3f74e,f5fd1414220835235040e482aa0e13ba3856f4f24a485eb46de7592347ca439e,warm,not_applicable_frames_redecoded_each_question,16.0,64.0,64.0,48474,48384,False,2.40443098009564,34388469248,15.187142950017005,24.25130076496862,12.50835839600768,1,11.74294236896094,133.25188101700041,0.010337210027500987
stavis_center16,170,940efc2bb50a7c1c4fc0d7ec86e75cc9f61b61081373cad6a74356eb93a85a68,6c058f74f6c6741c8da2642fc872ebcb2b8c1d174add3d3aca9192f5a18691e4,warm,not_applicable_frames_redecoded_each_question,16.0,64.0,64.0,48461,48384,False,2.361063686897978,34383594496,18.60827652795706,24.26334920001682,12.506171240005642,1,11.757177960011177,128.4043971709907,0.009980363014619797
stavis_center16,171,77fa376df248241c91b00032bf41628d0892d640940b2284f6a7be46a35cb883,6c058f74f6c6741c8da2642fc872ebcb2b8c1d174add3d3aca9192f5a18691e4,warm,not_applicable_frames_redecoded_each_question,16.0,64.0,64.0,48462,48384,False,2.3865550449700095,34383969792,15.61255112302024,24.176355022995267,12.48449410800822,1,11.691860914987046,131.76642982999329,0.010127218090929091
stavis_center16,172,2c5c9ba619fd918e5ef579cf4117b845b3967849a945e23527e3556b9855a075,823136ee9853c9c6bdce3e6ebe294f0f3093a0dd06545c3730cba555730b5437,warm,not_applicable_frames_redecoded_each_question,16.0,64.0,64.0,48485,48384,False,2.3809698837576434,34392594432,20.25690143497195,24.124718786973972,12.50737832498271,1,11.617340461991262,128.02401796897175,0.014229354041162878
stavis_center16,173,b5d2e9c19dfe1b359f868cb3584bb65ffdb5ee8e1c580f884b3cabb5e661826a,823136ee9853c9c6bdce3e6ebe294f0f3093a0dd06545c3730cba555730b5437,warm,not_applicable_frames_redecoded_each_question,16.0,64.0,64.0,48463,48384,False,2.36193329206435,34384344576,15.5737280290341,24.368518850009423,12.531988774018828,1,11.836530075990595,129.0006506270147,0.009472948033362627
stavis_center16,174,85d9af8597e5bbca917df5d37ba8df399510748ac37d3727d950981b593f6e46,823136ee9853c9c6bdce3e6ebe294f0f3093a0dd06545c3730cba555730b5437,warm,not_applicable_frames_redecoded_each_question,16.0,64.0,64.0,48468,48384,False,2.3671260299161077,34386219520,15.629856529005338,24.2149113540072,12.512881079979707,1,11.702030274027493,128.56812038598582,0.009856227843556553
stavis_center16,175,cf25852ee5a684fc880b604e16295064c5e50643fc8b475b4d53eb48fa0e0f10,823136ee9853c9c6bdce3e6ebe294f0f3093a0dd06545c3730cba555730b5437,cold,not_applicable_frames_redecoded_each_question,16.0,64.0,64.0,48459,48384,False,2.718676316260826,34382456832,18.0080179470242,25.59214666596381,13.295632602996193,1,12.296514062967617,121.69299696601229,0.09495033114217222
stavis_center16,176,853721f5443c6b72c5954914b3dfe8ce8d03e251edd35d335756f689c5f7492d,823136ee9853c9c6bdce3e6ebe294f0f3093a0dd06545c3730cba555730b5437,warm,not_applicable_frames_redecoded_each_question,16.0,64.0,64.0,48462,48384,False,2.3047360779019073,34384286208,14.040587528026663,24.525857546017505,12.642015751975123,1,11.883841794042382,120.63274255802389,0.008193320943973958
stavis_center16,177,718d309b2db53f2a2da338c239c0c585ff3c5354fe5b6365ce446fd1fa9737ed,87361da87510da80616651b6271711e0b8f3420e27915e17c57d6541e29bd049,warm,not_applicable_frames_redecoded_each_question,16.0,64.0,64.0,48462,48384,False,2.340092305035796,34384286208,14.2235784449731,23.89739539596485,12.634405347926077,1,11.262990048038773,119.50000053702388,0.008563548908568919
stavis_center16,178,dde5522c48b71e5cad9c49ce470228553027894fb373680366879885e91b2f10,2e754ed78b728c5a6c111681b41c664eef6a5d87ced8911900b390ddd657fb28,warm,not_applicable_frames_redecoded_each_question,16.0,64.0,64.0,48474,48384,False,2.3423324090545066,34389340672,13.4684065359761,24.430911774979904,13.054171814932488,1,11.376739960047416,120.12465106399031,0.008855856023728848
stavis_center16,179,1783a8edeaf426d2c4c11f8c39ccfd9628aa738af5286473c3c170a6005a053d,1d47fdeb452f29618fc34131a700b34e8259515fe701d1b805637dd20920e25a,warm,not_applicable_frames_redecoded_each_question,16.0,64.0,64.0,48485,48384,False,2.320954398892354,34392594432,18.15090370795224,24.425376627012156,13.03683545999229,1,11.388541167019866,119.6689683169825,0.008123197010718286
stavis_center16,180,a88b43a8f271eb7d5f3f3479444eb1590f6662b293740bcae4e4dcb9f778cadf,16a6a771dbf97a3b0137bc1b23a0b4633dbe561b02b2a38bf2b19cf4a9222a79,warm,not_applicable_frames_redecoded_each_question,16.0,64.0,64.0,48468,48384,False,2.3062807458336465,34386219520,17.821438540006056,24.05230970302364,12.636317085009068,1,11.41599261801457,121.94462413602741,0.008226470090448856
stavis_center16,181,42c086cb8afb500a93398f7a0f02087942b398e0c0fb82e1a1a7b02a17e72870,f7ff267c331dc59d0bee73f37cbea0829410c9a8fed3198df820621c4baaa5de,warm,not_applicable_frames_redecoded_each_question,16.0,64.0,64.0,48473,48384,False,2.3305871940101497,34388094464,17.249060793954413,23.89263529703021,12.635248839040287,1,11.257386457989924,120.0359158879728,0.008341606822796166
stavis_center16,182,69792238a6153e2fcc6d6a6e5539891588fc2a03795342668265ab9ec7e6ce8b,b141c84c286556ad33082a1cef2eb8e7a968a199256ad1804aa329dfb963852b,warm,not_applicable_frames_redecoded_each_question,16.0,64.0,64.0,48457,48384,False,2.3374726270558313,34382094848,18.426674021000508,23.95281560299918,12.651512699958403,1,11.301302903040778,119.17363818100421,0.008065478003118187
stavis_center16,183,bfca73246f2229783e6c053e367e4d85dd6d0eddd88de350b98f8a1a364c390e,f52d723bd90c41751da50849378a067a6b93f652f8297117f490aa9a75707179,warm,not_applicable_frames_redecoded_each_question,16.0,64.0,64.0,48461,48384,False,2.3231239948654547,34383594496,17.098360271018464,23.87269035796635,12.63924606598448,1,11.233444291981868,118.73821199301165,0.00816011696588248
stavis_center16,184,f948dff0f143e2489fb0dcf7789f0b0a9b0c68f0b74331ca7c622a8a5dfeff4f,3360c3d4615380b43e3a445a5e6abaf2238f116dfd4a092aac001177a32b7b4a,warm,not_applicable_frames_redecoded_each_question,16.0,64.0,64.0,48471,48384,False,2.331078546005301,34387344384,16.297498083964456,23.937508489005268,12.643471727031283,1,11.294036761973985,119.80990512901917,0.008612386009190232
stavis_center16,185,b26c586b4d396548c934f27c8656b4668b3aebac1284ee1fcc91fa4d946556b8,aff9f69cbd0b5cde09593bd08e9817efff20f61016c20264813ac123b2b48e71,warm,not_applicable_frames_redecoded_each_question,16.0,64.0,64.0,48461,48384,False,2.3308977663400583,34383594496,15.903513069963083,23.935731583973393,12.65112199896248,1,11.284609585010912,119.34011346899206,0.008366241178009659
stavis_center16,186,ef55dad332c9c1359e18641618217eae935ec4f0685a18aa17a3941cc6070645,aff9f69cbd0b5cde09593bd08e9817efff20f61016c20264813ac123b2b48e71,warm,not_applicable_frames_redecoded_each_question,16.0,64.0,64.0,48487,48384,False,2.3388451721402816,34393344000,12.891087130003143,23.96298068301985,12.644584315014072,1,11.318396368005779,121.51226702803979,0.00833796092774719
stavis_center16,187,1d56a6e5c0383b6d7da76740b44e4f70d7c39ec285f766dc946fa18704dbfda8,aff9f69cbd0b5cde09593bd08e9817efff20f61016c20264813ac123b2b48e71,warm,not_applicable_frames_redecoded_each_question,16.0,64.0,64.0,48463,48384,False,2.3313229909399524,34384344576,12.847715080948547,23.82869908201974,12.62477580201812,1,11.203923280001618,119.47031973302364,0.008718986704479903
stavis_center16,188,d595688ad2d3e9b1160dcb9fc9183fc594fefa0be1511cf62426e1944a24f581,375856597d7673f8d2cb631fb4755ddee5e4e11ed2683e393fd3a216f3a69f6d,warm,not_applicable_frames_redecoded_each_question,16.0,64.0,64.0,48503,48384,False,2.3317766977124847,34399808000,15.716188460995909,24.497958469961304,13.239024495938793,1,11.258933974022511,121.12462771800347,0.008432077011093497
stavis_center16,189,1d3c6b5cd4f038814ffdf16cc2647165b2d992880dea77187b95c24ba852a09c,3329a21d227a6be0a2365aeb799314b5d87fb24a4d8e6ef9976980457180e718,warm,not_applicable_frames_redecoded_each_question,16.0,64.0,64.0,48507,48384,False,2.3209488961147144,34400843776,15.081247210036963,24.370065531053115,13.03023967309855,1,11.339825857954565,121.4628971950151,0.008039307955186814
stavis_center16,190,b19fbbabdbce9368ec99423fc9529e7e08c30dba98eae75e7fec47d1a3d16fb9,1847a1d328ca465828c9c8f4968402a1c7942d592c2771e75d9384fb69c911b3,warm,not_applicable_frames_redecoded_each_question,16.0,64.0,64.0,48461,48384,False,2.3143104900955223,34383594496,14.496953353052959,24.034983268997166,12.63741528702667,1,11.397567981970496,120.91271829605103,0.008233191911131144
stavis_center16,191,2ec7751f2be0ad25b042f51e2d8233390de2646c976c47091ecd6a593ef33680,e52c8b09020591e417d74ee3da67f5e3ec8aa6b24935c47c1d666978b7fc3eb0,warm,not_applicable_frames_redecoded_each_question,16.0,64.0,64.0,48468,48384,False,2.325786207045894,34386219520,14.660304655029904,24.07847094302997,12.622935838066041,1,11.455535104963928,121.13945825304836,0.008943645225372165
stavis_center16,192,93a7e67a7f1c37b8661fc67d5ae2ef2c0903997670e67f8a93f99b16b8a647b6,e52c8b09020591e417d74ee3da67f5e3ec8aa6b24935c47c1d666978b7fc3eb0,warm,not_applicable_frames_redecoded_each_question,16.0,64.0,64.0,48470,48384,False,2.333837041107472,34386969600,12.634200799977407,24.18154403194785,12.626184799941257,1,11.555359232006595,123.68693904200336,0.00828454690054059
stavis_center16,193,4b08a933333a105bf81d8464fb2b5d107eab355c9cdb6fc619189d6a9e4b343b,835211e402dc259697b943fc634f76839d7b108c76f47e7fe9764f1ec2ceb415,warm,not_applicable_frames_redecoded_each_question,16.0,64.0,64.0,48476,48384,False,2.3357333020539954,34389219328,19.5073754650075,24.061949706054293,12.635992862051353,1,11.42595684400294,121.86395112698665,0.008305113238748163
stavis_center16,194,1fa1bec38fb747bb3b72806ffcb31a210506fd9796e6a899098d4584946df501,1d27309be8047d7ea9be757dbaaef34acd22d90cf33df3b3c56d5e1a7749d088,warm,not_applicable_frames_redecoded_each_question,16.0,64.0,64.0,48449,48384,False,2.398922500840854,34379095040,18.106802363006864,24.133928227005526,12.624068372999318,1,11.509859854006208,123.01780697301729,0.008784974052105099
stavis_center16,195,ccb5a119dbf929e869eb1d1f56f9b62d6772ded169cff57f26a584763b57bfb6,1d27309be8047d7ea9be757dbaaef34acd22d90cf33df3b3c56d5e1a7749d088,warm,not_applicable_frames_redecoded_each_question,16.0,64.0,64.0,48454,48384,False,2.335814399935771,34380969984,13.640733692038339,24.03046518395422,12.621967077953741,1,11.40849810600048,119.73583028302528,0.008835091022774577
stavis_center16,196,81cd6657a0fc1a99eb0586e52d06332c1355b90c8b859bb27db55cdb7f6b719b,1d27309be8047d7ea9be757dbaaef34acd22d90cf33df3b3c56d5e1a7749d088,warm,not_applicable_frames_redecoded_each_question,16.0,64.0,64.0,48467,48384,False,2.3333189779659733,34385844736,13.703899272019044,24.11011982598575,12.623628923029173,1,11.486490902956575,119.90591982199112,0.008717655087821186
stavis_center16,197,dab84f6323e9520290e2f8a60024c4f09ff4b8084df5691f2e11479d9ec4e0eb,d78ad9db57c8fcbe0b309da8b2a5d93871743c686877a842d0b897e032c4459c,warm,not_applicable_frames_redecoded_each_question,16.0,64.0,64.0,48465,48384,False,2.3278038030839525,34385094656,15.527047929004766,24.038138124044053,12.618459262012038,1,11.419678862032015,119.83814755798085,0.008258301008027047
stavis_center16,198,3b74155ebfed31543a9b90991d4ca6e054831de61aca3b96c5816bd7ab3b945e,cf475511de23aecbdd57ccdc40e939d16134d4fdc7d6481a5e085eb56dfadb17,warm,not_applicable_frames_redecoded_each_question,16.0,64.0,64.0,48466,48384,False,2.339412228902802,34385469440,16.84903573599877,24.063019647961482,12.615556816977914,1,11.447462830983568,123.2378766600159,0.009049166110344231
stavis_center16,199,78a3d26b8b855fa7dd08e75c6ef24600ae04f30ece7b864523fba9328b63ef0a,cf475511de23aecbdd57ccdc40e939d16134d4fdc7d6481a5e085eb56dfadb17,warm,not_applicable_frames_redecoded_each_question,16.0,64.0,64.0,48471,48384,False,2.336198322067503,34387344384,12.592260511999484,23.968589214025997,12.616175531991757,1,11.35241368203424,120.56599127600202,0.008861483191139996
stavis_center16,200,5fbed86a48073eeba505d732439360aac1951589b9419ef332eedcfca347f0de,a39b0b9fc8bf385dced11ecb4b39cde12b5ca5df39647e4db35771749e82fb49,warm,not_applicable_frames_redecoded_each_question,16.0,64.0,64.0,48461,48384,False,2.3303751320345327,34383594496,15.681827682012226,24.050897106004413,12.628770267998334,1,11.42212683800608,123.100765331008,0.00854547304334119
stavis_center16,201,179549a2d45c7a4ba2a6543a9d44ccebce7ea84d5cf0071f3660a406348077ce,a39b0b9fc8bf385dced11ecb4b39cde12b5ca5df39647e4db35771749e82fb49,warm,not_applicable_frames_redecoded_each_question,16.0,64.0,64.0,48459,48384,False,2.3373127139057033,34382844928,12.50276435498381,24.090811813017353,12.645490330061875,1,11.445321482955478,120.10660250694491,0.008325506991241127
stavis_center16,202,358fa87402e9345e02233eb6edc15d22ffb07bb685f11261755a239fc5fe7658,a39b0b9fc8bf385dced11ecb4b39cde12b5ca5df39647e4db35771749e82fb49,warm,not_applicable_frames_redecoded_each_question,16.0,64.0,64.0,48464,48384,False,2.360482681891881,34384719360,12.460280175029766,24.060713473998476,12.634338431002107,1,11.42637504299637,123.15676540898858,0.00909747596597299
stavis_center16,203,44e0ee65ab3404cd7df9f6590c10ce6c14ad5976e526d3e3a1472550494f49ef,b1b5de24e9591084e4e8a8cb1e59c5c29d315f062deccdbeb172d594a7a6b394,warm,not_applicable_frames_redecoded_each_question,16.0,64.0,64.0,48459,48384,False,2.3308831570320763,34382844928,16.47564457898261,24.05282476899447,12.663258593005594,1,11.389566175988875,120.1998944930383,0.00877122301608324
stavis_center16,204,05c0028514695f29d8e7b01e82f16ab4c023953a7af7f5db3f9c322e07568372,b1b5de24e9591084e4e8a8cb1e59c5c29d315f062deccdbeb172d594a7a6b394,warm,not_applicable_frames_redecoded_each_question,16.0,64.0,64.0,48466,48384,False,2.334030648053158,34385469440,12.539877273957245,24.12660981202498,12.674384185054805,1,11.452225626970176,122.39173307496822,0.008470355009194463
stavis_center16,205,3ad80babdc3279f965c7c20748b7318b4be7ae4bfd6ef69d33d959a504b6c1da,b1b5de24e9591084e4e8a8cb1e59c5c29d315f062deccdbeb172d594a7a6b394,warm,not_applicable_frames_redecoded_each_question,16.0,64.0,64.0,48461,48384,False,2.3293862639693543,34383594496,12.531801047967747,24.039594816975296,12.678188347024843,1,11.361406469950452,120.60279072396224,0.008413054049015045
stavis_center16,206,6ab77af1a81c139cd3dcc3de38e5a127cd22ba4d1f61261a346ffcdd6a4e1435,8bb961fe08f88fad049206f0014e39b972012b1aa61b0623e98eb573241d1ac5,warm,not_applicable_frames_redecoded_each_question,16.0,64.0,64.0,48465,48384,False,2.3364124050131068,34385094656,17.88796367502073,23.95591461501317,12.584630982019007,1,11.371283632994164,121.45812390296487,0.008738945121876895
stavis_center16,207,c1611d83995454e971bfc6d26248b91bbd4f11c83f0037077dc911da690c82d5,f42d3ba9e4d180363ff79e3d50cb4a6c6fd16be547485b2b35f4a683d3f35bb9,warm,not_applicable_frames_redecoded_each_question,16.0,64.0,64.0,48464,48384,False,2.338246533065103,34384719360,14.232973999984097,23.898906470043585,12.602090969041456,1,11.29681550100213,119.23137603100622,0.008735593932215124
stavis_center16,208,7307cdf798b4b505f9769139c919328787cac1b1cec5c07b4308f976e8a58727,0db9493e1de9a387ca798ad2d27055495762cf1607a27f28e0dc5a91c1e8991b,warm,not_applicable_frames_redecoded_each_question,16.0,64.0,64.0,48470,48384,False,2.350356947106775,34386969600,19.417699939047452,23.940288173034787,12.603503765014466,1,11.336784408020321,121.28067808703054,0.00844953506020829
stavis_center16,209,de76eb70d62cf712342a74a48bf6232dbc7a1c938f421e2a2609fd8468736ab4,b0efdb32b1fab5457ab2b35eaf7b2bcd9c5078a9219c06d31496898d07db6e59,warm,not_applicable_frames_redecoded_each_question,16.0,64.0,64.0,48470,48384,False,2.3364046229980886,34386969600,19.046442681981716,23.92644457903225,12.61418858502293,1,11.31225599400932,118.28862765198573,0.008908645017072558
stavis_center16,210,48e36d163d11e7b4802c7feeeb0837bf9f3588f6bcd20f5138c0816832f09da2,cd5ebde9a1a306960430371720e8c63e1cc97952bfd703bb54f63a61329c8453,warm,not_applicable_frames_redecoded_each_question,16.0,64.0,64.0,48484,48384,False,2.365120296017267,34392219136,16.423339669010602,23.881265430012718,12.607553609996103,1,11.273711820016615,123.02599429298425,0.00923269393388182
stavis_center16,211,90032c2ad80229578999827e3a03846de72583b22e2cf30f165cadb4cfe953a3,cd5ebde9a1a306960430371720e8c63e1cc97952bfd703bb54f63a61329c8453,warm,not_applicable_frames_redecoded_each_question,16.0,64.0,64.0,48458,48384,False,2.3369730951962993,34382469632,12.965210023976397,23.871736867004074,12.61513443797594,1,11.256602429028135,119.57794147601817,0.009191943914629519
stavis_center16,212,4294d8b5092f0a29908a4bdf6e262b15b2e2db9fd22db5f3d2b7c6f9f9ca4756,cd5ebde9a1a306960430371720e8c63e1cc97952bfd703bb54f63a61329c8453,warm,not_applicable_frames_redecoded_each_question,16.0,64.0,64.0,48457,48384,False,2.342870590102393,34382094848,12.90291599999182,24.17533746000845,12.853513422014657,1,11.321824037993792,122.39998855401063,0.009146093972958624
stavis_center16,213,86afc425ef9c6cf6f627b0450bc456fa3e2c689dffade243de46fda1539f6ffc,62a931be0f08e5392a6d6f486d68a8250c9069f23aa6996ac0dcf426bb43326a,warm,not_applicable_frames_redecoded_each_question,16.0,64.0,64.0,48474,48384,False,2.353903657058254,34388469248,15.667291578021832,23.855620006972458,12.623477044980973,1,11.232142961991485,119.47768562199781,0.008969393791630864
stavis_center16,214,7de58dc9ab4b0ff1adff1cab3a42cc53aedc943a73bef344466465ca08dd692e,62a931be0f08e5392a6d6f486d68a8250c9069f23aa6996ac0dcf426bb43326a,warm,not_applicable_frames_redecoded_each_question,16.0,64.0,64.0,48457,48384,False,2.3444369672215544,34382094848,12.51207317999797,23.823100011970382,12.605007799982559,1,11.218092211987823,121.78224248404149,0.009115336986724287
stavis_center16,215,bcaca90b7cde377285ed276d81c620df6515a47ae215bbffb498b6870c2d4771,04c848b0f68fe07eecc06d2e759f7ff09c7d29b66aa33b092e7e5baf53424f58,warm,not_applicable_frames_redecoded_each_question,16.0,64.0,64.0,48464,48384,False,2.3419135109870695,34384719360,15.150731746049132,23.802809509972576,12.626037714944687,1,11.17677179502789,118.45456838299287,0.009055180940777063
stavis_center16,216,024526e5f8b10f5ffed22b2497505bbd976aafa845b92260da6e603791dcd553,04c848b0f68fe07eecc06d2e759f7ff09c7d29b66aa33b092e7e5baf53424f58,warm,not_applicable_frames_redecoded_each_question,16.0,64.0,64.0,48478,48384,False,2.3427736929734237,34389969408,12.284090763016138,23.83805989101529,12.633454886032268,1,11.204605004983023,122.65928905794863,0.009050754189956933
stavis_center16,217,28efa0c430539513d50ef3c1e0a8755b1e56845d630a216f8c90ed29e0009b1a,04c848b0f68fe07eecc06d2e759f7ff09c7d29b66aa33b092e7e5baf53424f58,warm,not_applicable_frames_redecoded_each_question,16.0,64.0,64.0,48478,48384,False,2.3750948619563133,34389969408,12.197693930007517,23.847525349003263,12.633611224999186,1,11.213914124004077,119.91141244897153,0.009294365940149873
stavis_center16,218,bbaeeba6d129c49f0194bf04bda5157912db7d126729b80976793ee0f1bedee7,04c848b0f68fe07eecc06d2e759f7ff09c7d29b66aa33b092e7e5baf53424f58,warm,not_applicable_frames_redecoded_each_question,16.0,64.0,64.0,48480,48384,False,2.3572574470890686,34390719488,12.323710072960239,23.812941610987764,12.635134549986105,1,11.177807061001658,122.402088103001,0.00902467395644635
stavis_center16,219,d742fe1ee6060b0e48ac65264f35d5096222d59fdd69aa6988a80ee233603fe5,04c848b0f68fe07eecc06d2e759f7ff09c7d29b66aa33b092e7e5baf53424f58,warm,not_applicable_frames_redecoded_each_question,16.0,64.0,64.0,48457,48384,False,2.3521205929573625,34382094848,12.247952862991951,23.8485746110091,12.659574204997625,1,11.189000406011473,119.40270927600795,0.008903943875338882
stavis_center16,220,c60ae64d367b91de5d36ad1786b32484e0db5524d16bb2227ebd35c44a070dd2,04c848b0f68fe07eecc06d2e759f7ff09c7d29b66aa33b092e7e5baf53424f58,warm,not_applicable_frames_redecoded_each_question,16.0,64.0,64.0,48463,48384,False,2.357539931021165,34384344576,12.380842381971888,24.170604231010657,12.666922011005227,1,11.50368222000543,124.79246046202024,0.009551037976052612
stavis_center16,221,6dbf0fc3f6a2be30886f27d1b3db1f4f662fd9545b800e3a2528003ba8d02c72,04c848b0f68fe07eecc06d2e759f7ff09c7d29b66aa33b092e7e5baf53424f58,warm,not_applicable_frames_redecoded_each_question,16.0,64.0,64.0,48457,48384,False,2.3616354530095123,34382094848,12.447779683978297,24.116733975009993,12.666385938005988,1,11.450348037004005,124.12882823502878,0.009327052044682205
stavis_center16,222,277383a71b7411414527e6ee21171a69a9d941709b12c9596ed4da4a879ef7ba,cd79d64706668b7b2ef37a39c0f8ac7371ae5c18b352ecc900c2981f56baab5c,warm,not_applicable_frames_redecoded_each_question,16.0,64.0,64.0,48473,48384,False,2.356579840008635,34388094464,15.666407782002352,24.18094975699205,12.670408019970637,1,11.510541737021413,123.12667689198861,0.009237029997166246
stavis_center16,223,fb5c20c58f5fb435c21641bbb081b9adbc96c5132c3dd2b106dc450c51b11ada,cd79d64706668b7b2ef37a39c0f8ac7371ae5c18b352ecc900c2981f56baab5c,warm,not_applicable_frames_redecoded_each_question,16.0,64.0,64.0,48471,48384,False,2.3832046510651708,34387344384,12.47987393400399,23.998122557008173,12.669839872047305,1,11.328282684960868,120.5046447700006,0.00953323591966182
stavis_center16,224,68c05aede5299f25c7eb91200c347306fecf8c9385f9f51a4d83a6df71da2b2c,cd79d64706668b7b2ef37a39c0f8ac7371ae5c18b352ecc900c2981f56baab5c,warm,not_applicable_frames_redecoded_each_question,16.0,64.0,64.0,48477,48384,False,2.321380477922503,34389594112,12.559446887986269,23.89011847198708,12.570820715976879,1,11.3192977560102,118.43454621499404,0.008570089004933834
stavis_center16,225,3e7ecb80b2da86234cf4eba10ce6ce03885d42c8065b3c843880d30fec95c3df,cd79d64706668b7b2ef37a39c0f8ac7371ae5c18b352ecc900c2981f56baab5c,warm,not_applicable_frames_redecoded_each_question,16.0,64.0,64.0,48460,48384,False,2.3585054191062227,34383219712,12.561997296055779,23.847480511991307,12.567024577991106,1,11.280455934000202,119.44132007000735,0.0086610889993608
stavis_center16,226,1df15b2fd2c6ebce4d71634b9da520baf8ecd36b849ca72adee8e4fca21d2b68,cd79d64706668b7b2ef37a39c0f8ac7371ae5c18b352ecc900c2981f56baab5c,warm,not_applicable_frames_redecoded_each_question,16.0,64.0,64.0,48475,48384,False,2.356295964855235,34388844544,12.404965813970193,23.972595430037472,12.589156343019567,1,11.383439087017905,121.28425489395158,0.008641259046271443
stavis_center16,227,e06824da46bf74b6fe68c151346fb8284c2e132ef8a7ca58b809ec829064a336,a37bcd91a1c31e7a71cb9995d2d8a514adc9851eb58d496e0d004f448d4251ff,warm,not_applicable_frames_redecoded_each_question,16.0,64.0,64.0,48469,48384,False,2.361906472069677,34386594304,16.226001508999616,23.90022810100345,12.591046847985126,1,11.309181253018323,120.9775804039673,0.009434659965336323
stavis_center16,228,2fb53bd1cf42de5f65524e430b947b84b67f7275b71969f58faa42b3e4a130e4,c39e8be4f1ae642b499e7bd7cde1275770137f328884eb0bd3047b73c75e1aa6,warm,not_applicable_frames_redecoded_each_question,16.0,64.0,64.0,48465,48384,False,2.3408663242589682,34385094656,19.076296966988593,23.874895726970863,12.600387474987656,1,11.274508251983207,120.42350171599537,0.009191126038786024
stavis_center16,229,38aaf27eca4476e39ff5fa44629b1f51a95435096b88ce9fb9ada594ae72ee89,9cf7dd502c9962f52d7d5394770cfa085bc9a244776901e4091aa04a9477e98b,warm,not_applicable_frames_redecoded_each_question,16.0,64.0,64.0,48478,48384,False,2.340258283074945,34389969408,16.719922818010673,24.19057126401458,12.611963780014776,1,11.578607483999804,121.28770177002298,0.009099818125832826
stavis_center16,230,17cb6c15e48270c567f4d775c385258ba80e2e89aae20f6f88b3e6b96152cbd4,a37bcd91a1c31e7a71cb9995d2d8a514adc9851eb58d496e0d004f448d4251ff,warm,not_applicable_frames_redecoded_each_question,16.0,64.0,64.0,48471,48384,False,2.354721902112942,34387344384,12.947444266988896,24.213480020989664,12.615628778003156,1,11.597851242986508,124.97030278097373,0.009072055167052895
stavis_center16,231,acea1c3da35fbed9f51cf3fa252e464b963d21e78685bb5fd6c2e9c82315d15c,f7ff267c331dc59d0bee73f37cbea0829410c9a8fed3198df820621c4baaa5de,warm,not_applicable_frames_redecoded_each_question,16.0,64.0,64.0,48463,48384,False,2.3605256830342114,34384344576,17.549564647022635,24.286322756961454,12.606595518940594,1,11.67972723802086,122.7603624239564,0.00948943814728409
stavis_center16,232,cf99eb3c1e755e50b328da08395f0a07d050b961b47edf88b4c759ddaa5e0a75,dcb89be99715a0ba9e6b450a325068833a5877c73752769f57176113e6dcfccc,warm,not_applicable_frames_redecoded_each_question,16.0,64.0,64.0,48471,48384,False,2.3450727520976216,34387344384,19.272915207024198,24.14898372697644,12.61998895794386,1,11.528994769032579,126.20655432500644,0.009087131184060127
stavis_center16,233,8afa5999e8afd3400520709812ab661ffbaf2e02e40600649cc7dfaa2e6e4786,c39e8be4f1ae642b499e7bd7cde1275770137f328884eb0bd3047b73c75e1aa6,warm,not_applicable_frames_redecoded_each_question,16.0,64.0,64.0,48467,48384,False,2.351359137392137,34385844736,14.688969445996918,24.100667059014086,12.602879298035987,1,11.497787760978099,122.36400466802297,0.009153349150437862
stavis_center16,234,3e87b431b15ff20b94f20deab0ca5a86b9b8fe561db65665658d4e9ed1f97dd7,6df8876bdb6e07a8dcdcceffa19f3dd86981943ffd28d268315c5a4b0d37c59b,warm,not_applicable_frames_redecoded_each_question,16.0,64.0,64.0,48467,48384,False,2.3421083078719676,34385844736,18.192099496955052,24.158065692987293,12.612520469992887,1,11.545545222994406,123.57029641902773,0.00923501793295145
stavis_center16,235,d5a58fed10a2995c46a9a628188b072afee4c5efc552a763526aa857740e3543,8bb961fe08f88fad049206f0014e39b972012b1aa61b0623e98eb573241d1ac5,warm,not_applicable_frames_redecoded_each_question,16.0,64.0,64.0,48466,48384,False,2.401043334917631,34385469440,17.945014908968005,24.03627110598609,12.615482231951319,1,11.42078887403477,121.95537889399566,0.009276496013626456
stavis_center16,236,e7155ed2facd5f09ce3d51514c34decd178cbb61a2f0fb6b4529662df3627314,f52d723bd90c41751da50849378a067a6b93f652f8297117f490aa9a75707179,warm,not_applicable_frames_redecoded_each_question,16.0,64.0,64.0,48457,48384,False,2.344572831876576,34382094848,17.6354249700089,24.144881006970536,12.625344536965713,1,11.519536470004823,124.82560429302976,0.009119922935497016
stavis_center16,237,096d529395dd17c0430a5472d9eaaefcb9fd7b263fc5fe0245bf9f9a9e6f6053,3360c3d4615380b43e3a445a5e6abaf2238f116dfd4a092aac001177a32b7b4a,warm,not_applicable_frames_redecoded_each_question,16.0,64.0,64.0,48470,48384,False,2.3406792250461876,34386969600,16.548859258007724,24.089326805027667,12.64386558503611,1,11.445461219991557,121.19090593000874,0.009051246044691652
stavis_center16,238,04cbd0a481e0b69cf8ccf566343c6b002b5cdce191b80bb90017e09902f87290,375856597d7673f8d2cb631fb4755ddee5e4e11ed2683e393fd3a216f3a69f6d,warm,not_applicable_frames_redecoded_each_question,16.0,64.0,64.0,48472,48384,False,2.3426356401178055,34387719680,15.955254681990482,24.057216148998123,12.664806089014746,1,11.392410059983376,123.76022331201239,0.0091848517768085
stavis_center16,239,dede0890769a17f52e7bdbda8c9ec6b57f65d42a809d2e3d4b02b3d5b824d0ea,3329a21d227a6be0a2365aeb799314b5d87fb24a4d8e6ef9976980457180e718,warm,not_applicable_frames_redecoded_each_question,16.0,64.0,64.0,48462,48384,False,2.34701617207611,34383969792,15.537441964028403,24.021466198028065,12.659223488997668,1,11.362242709030397,121.13469164795242,0.008987800043541938
stavis_center16,240,4638f1da5daf1af71e150c9e213c91092c99a72c4a1e096d6dc358e9a13b256f,f42d3ba9e4d180363ff79e3d50cb4a6c6fd16be547485b2b35f4a683d3f35bb9,warm,not_applicable_frames_redecoded_each_question,16.0,64.0,64.0,48479,48384,False,2.337693771056365,34390344192,14.267046795983333,24.109263324004132,12.662191968993284,1,11.447071355010848,123.63719115802087,0.009067964972928166
stavis_center16,241,72416c585e0c1d4d2ae0722f760efd97a49bc6b394faedad0db4499d1c423812,4ef4fe14b65dac37095ff46eb4fa261c74f7a0e08e765d9e60d5c2dae4879256,warm,not_applicable_frames_redecoded_each_question,16.0,64.0,64.0,48467,48384,False,2.3582154268515296,34385844736,13.910290814994369,23.953358169994317,12.562959951988887,1,11.39039821800543,121.96473659598269,0.00948801205959171
stavis_center16,242,39f301e9cdd13e9f1006ecc52ea3f61ed5f8b0a6ea6c7f78ebf9aeca46f77887,0db9493e1de9a387ca798ad2d27055495762cf1607a27f28e0dc5a91c1e8991b,warm,not_applicable_frames_redecoded_each_question,16.0,64.0,64.0,48481,48384,False,2.34453366312664,34391094272,19.5662860450102,24.000549548014533,12.581196114013437,1,11.419353434001096,125.19021910103038,0.009278342826291919
stavis_center16,243,a9b0b9c297a7ff4d62791d9906015f173971ed1f672da135754aaedc053c4659,b0efdb32b1fab5457ab2b35eaf7b2bcd9c5078a9219c06d31496898d07db6e59,warm,not_applicable_frames_redecoded_each_question,16.0,64.0,64.0,48466,48384,False,2.388637771073263,34385469440,19.211463809013367,23.927337258006446,12.58811228198465,1,11.339224976021796,120.66144112497568,0.009405804914422333
stavis_center16,244,cf97c21a245d0e613a68ade89dfb9140aab9c39af0961e8b05cc4c32d990bd66,a39b0b9fc8bf385dced11ecb4b39cde12b5ca5df39647e4db35771749e82fb49,warm,not_applicable_frames_redecoded_each_question,16.0,64.0,64.0,48466,48384,False,2.3502666110289283,34385469440,16.048882868955843,24.00460668600863,12.630247640016023,1,11.374359045992605,124.65363447304117,0.009359905030578375
stavis_center16,245,edb04ef415dc7dfbc5fdff169dfbb15c24e993bbc56306b88ea1169a699c6422,87361da87510da80616651b6271711e0b8f3420e27915e17c57d6541e29bd049,warm,not_applicable_frames_redecoded_each_question,16.0,64.0,64.0,48456,48384,False,2.352689421910327,34381719552,13.97765871899901,23.992201076005585,12.568352636008058,1,11.423848439997528,121.41723475500476,0.009366030979435891
stavis_center16,246,c47d8facc0e1091a9555814e6dbea7e686fd8f08aadb830861ffe6c661ddaa4d,96e721b998e240b7ca1d0b6dab2e9a90fe1a1b334915d2ff2d222c2610ad87ba,warm,not_applicable_frames_redecoded_each_question,16.0,64.0,64.0,48454,48384,False,2.337090195971541,34380969984,13.146620726969559,23.9735938339727,12.59661289997166,1,11.37698093400104,123.2558131699916,0.008996504126116633
stavis_center16,247,e5f68ab4843a6ee9efc49846e13823fbd0d5ee88d57fe9314159e07486d339fd,96e721b998e240b7ca1d0b6dab2e9a90fe1a1b334915d2ff2d222c2610ad87ba,warm,not_applicable_frames_redecoded_each_question,16.0,64.0,64.0,48524,48384,False,2.3407402640441433,34407606784,11.989657494996209,24.333727127988823,13.05139307200443,1,11.282334055984393,119.85831369704101,0.008984568121377379
stavis_center16,248,b876bcabd3b60ce2e97282735ac3789714580b2e12999d2254ab9287b2c33e2e,96e721b998e240b7ca1d0b6dab2e9a90fe1a1b334915d2ff2d222c2610ad87ba,warm,not_applicable_frames_redecoded_each_question,16.0,64.0,64.0,48461,48384,False,2.320223721966613,34383595008,12.029130050039385,24.030667681945488,12.603268050937913,1,11.427399631007574,120.22602607600857,0.00912979111308232
stavis_center16,249,e5dfbb3acde6e29864a33a0c753351b84a019aee0e3fe56ceb831b1776f3cca6,e776d556536c7f74b83d0390f630e7cc594a130e16159d89c13ba84b4a539d30,warm,not_applicable_frames_redecoded_each_question,16.0,64.0,64.0,48479,48384,False,2.338748461799696,34390344192,12.441435932996683,23.851337697997224,12.604129849001765,1,11.247207848995458,119.13804216898279,0.008969963120762259
stavis_center16,250,b9554d8d2a27ee17cda46bd628f862808e3b43db683a53d9dee84162c71170d2,e776d556536c7f74b83d0390f630e7cc594a130e16159d89c13ba84b4a539d30,warm,not_applicable_frames_redecoded_each_question,16.0,64.0,64.0,48452,48384,False,2.357721533975564,34380219904,11.505204177985433,23.841209114005323,12.597506442980375,1,11.243702671024948,119.04741334001301,0.009090365085285157
stavis_center16,251,7e583016ef7d13810719cb11cc5875c39c959feffcc99c63cfa5a49063f86fde,a28a1ecae7916a44753139d075937d76cefaaff0c0c71fe858ade45741fff829,warm,not_applicable_frames_redecoded_each_question,16.0,64.0,64.0,48456,48384,False,2.370525195787195,34381719552,4.608683383965399,23.845104445004836,12.623975757043809,1,11.221128687961027,105.54858229099773,0.00893695093691349
stavis_center16,252,d333ab2191e55478fa98fd506a8fe008942e910f82ca7ec09de836120303c495,18afb9093c4530554fc3691ba94be5fc780e55e10fa1a6ffce1c1d41b71ee6c5,warm,not_applicable_frames_redecoded_each_question,16.0,64.0,64.0,48455,48384,False,2.35533676907653,34381344768,4.736980521003716,23.8847574829706,12.701337297970895,1,11.183420184999704,105.72177533298964,0.009077177033759654
stavis_center16,253,94037cefcfb104d6eb836e1f3a9f82b88cdd77a857acefb64693d3d794121458,b50dd4e19494503a68f51addf11933407fedafd4ef9c38baccf1aa7d07f35bce,warm,not_applicable_frames_redecoded_each_question,16.0,64.0,64.0,48461,48384,False,2.345951523981057,34383594496,4.523758377006743,23.840148253017105,12.631064399029128,1,11.209083853987977,106.38144703995204,0.009000996069516987
stavis_center16,254,d00edae7bf9aaf5ca950fff212997b98e9dc56c1e93d601b30e6bc07059a24c0,b50dd4e19494503a68f51addf11933407fedafd4ef9c38baccf1aa7d07f35bce,warm,not_applicable_frames_redecoded_each_question,16.0,64.0,64.0,48452,48384,False,2.358752918022219,34380219904,3.554994897043798,23.976793686975725,12.638677389943041,1,11.338116297032684,107.27049461496063,0.009128786099608988
stavis_center16,255,fb6f6f6ce4277aefd05afa11badc5a7670a43b3c2c59283eec8f24bdc916bc00,53c93e34cfc303e0c9ef65b90fb8488e0f56525a3b3a7b02244067dddb160e53,warm,not_applicable_frames_redecoded_each_question,16.0,64.0,64.0,48474,48384,False,2.360595565987751,34388469248,4.866923119989224,23.917432483984157,12.66065036796499,1,11.256782116019167,107.29077703302028,0.009194973099511117
stavis_center16,256,6b566a9e3877c0446996ae639f995127881c093d5e84e4a77cd55a691c064895,f5048ff5f94e1f4d932440aedaa1354bb20aba0f40db1bc6e4d65a4a3d0f6e31,warm,not_applicable_frames_redecoded_each_question,16.0,64.0,64.0,48459,48384,False,2.363622206088621,34382844928,4.976895199040882,23.95653243601555,12.661780180002097,1,11.294752256013453,106.23252866102848,0.009212221018970013
stavis_center16,257,7ca87ba891649d356d0c41ad89179c4119593f2e69a022c5705128a439614146,fa2e7c0311fdf17e2cbe0679c5359118d1c32fc18b5331318faa7a4d349bf1b9,warm,not_applicable_frames_redecoded_each_question,16.0,64.0,64.0,48453,48384,False,2.384398210037034,34380594688,4.767754623026121,23.86591768899234,12.670375153014902,1,11.195542535977438,106.3950339340372,0.00936439901124686
stavis_center16,258,c439d535fecab4868c721c347addd45b8639ee5a6ce3df28678d95c7ed333606,fa2e7c0311fdf17e2cbe0679c5359118d1c32fc18b5331318faa7a4d349bf1b9,warm,not_applicable_frames_redecoded_each_question,16.0,64.0,64.0,48453,48384,False,2.347688430105336,34380594688,3.61447303800378,23.92451878695283,12.566061171004549,1,11.358457615948282,105.38738092494896,0.00913494499400258
stavis_center16,259,871c87addf30c66759dd79d0be77a5590cb51687fd5326d34a3acfe03687eab3,fa2e7c0311fdf17e2cbe0679c5359118d1c32fc18b5331318faa7a4d349bf1b9,warm,not_applicable_frames_redecoded_each_question,16.0,64.0,64.0,48459,48384,False,2.3332044709241018,34382844928,3.63214100204641,23.8351817750372,12.57374789606547,1,11.26143387897173,105.85224534000736,0.008914379170164466
stavis_center16,260,2198ca232f89b2841e88617146cd2338c2407ade7b22a55824ffd0070b583be6,62f259aca90ad30294a580370ff0150a8062604c94006ac872ad211c3a85129d,warm,not_applicable_frames_redecoded_each_question,16.0,64.0,64.0,48466,48384,False,2.344733846897725,34385469440,4.493076472019311,23.869455013016704,12.593254802981392,1,11.276200210035313,105.91011457500281,0.00900217582238838
stavis_center16,261,3a8d9b14237640d5edf198277e46acd94149c88706117c72a18ca2aea6e4a860,62f259aca90ad30294a580370ff0150a8062604c94006ac872ad211c3a85129d,warm,not_applicable_frames_redecoded_each_question,16.0,64.0,64.0,48455,48384,False,2.36792399128899,34381344768,3.5970450899912976,23.93891338899266,12.601756600954104,1,11.337156788038556,105.74237186700338,0.009129830286838114
stavis_center16,262,502def72a78931080a982793372cc97f522af015399ecefacc5a838403ec5d2a,62f259aca90ad30294a580370ff0150a8062604c94006ac872ad211c3a85129d,warm,not_applicable_frames_redecoded_each_question,16.0,64.0,64.0,48473,48384,False,2.3556764338864014,34388094464,3.5735486579942517,23.884456028987188,12.603363284957595,1,11.281092744029593,105.928847460018,0.009044332895427942
stavis_center16,263,0d61d5f175f8235ff492df11d55acb04b39f8fa0ed93829be7675e47e020db45,e52c8b09020591e417d74ee3da67f5e3ec8aa6b24935c47c1d666978b7fc3eb0,warm,not_applicable_frames_redecoded_each_question,16.0,64.0,64.0,48468,48384,False,2.3530026701046154,34386219520,14.694909050012939,23.887008449994028,12.608782529016025,1,11.278225920978002,120.44543153897393,0.00933909002924338
stavis_center16,264,c75f6656eed23c3de093d1f9ae758f84eddb7d0cec0a30761a839e51219059d4,e52c8b09020591e417d74ee3da67f5e3ec8aa6b24935c47c1d666978b7fc3eb0,warm,not_applicable_frames_redecoded_each_question,16.0,64.0,64.0,48457,48384,False,2.3646209909347817,34382094848,12.591054538963363,23.857951477984898,12.607113278994802,1,11.250838198990095,120.38068293896504,0.009124740783590823
stavis_center16,265,30d8aff6bee8c9adb16e6b0573c9f1614f84b898cb544fbff8b4f9cb59c7e1db,d78ad9db57c8fcbe0b309da8b2a5d93871743c686877a842d0b897e032c4459c,warm,not_applicable_frames_redecoded_each_question,16.0,64.0,64.0,48468,48384,False,2.3369567769696005,34386219520,15.306292365014087,23.87701893603662,12.604661228018813,1,11.272357708017807,119.86149583599763,0.009049145912285894
stavis_center16,266,5152df5ae6a610a1b8cf1f03eae4d8854d181313fb703c78fd947fd9c4cd3fba,d78ad9db57c8fcbe0b309da8b2a5d93871743c686877a842d0b897e032c4459c,warm,not_applicable_frames_redecoded_each_question,16.0,64.0,64.0,48465,48384,False,2.362035883241333,34385094656,13.580728688975796,23.83495915599633,12.602030510024633,1,11.232928645971697,119.84425699902931,0.009180376073345542
stavis_center16,267,fbcb2c75f9945c6c0b5ff809f0b09ccf0edc6eab3872baaf9e7eab0c64970b54,d78ad9db57c8fcbe0b309da8b2a5d93871743c686877a842d0b897e032c4459c,warm,not_applicable_frames_redecoded_each_question,16.0,64.0,64.0,48458,48384,False,2.3624839700059965,34382469632,13.54259897704469,23.853236268972978,12.58682075201068,1,11.266415516962297,120.48745986900758,0.009186752024106681
